image_path,original_label,label,annotation_confidence
C:\Users\user\Downloads\CrisisMMD_v2.0\CrisisMMD_v2.0\data_image\california_wildfires\10_10_2017\917791291823591425_0.jpg,severe_damage,Severe,1.0
C:\Users\user\Downloads\CrisisMMD_v2.0\CrisisMMD_v2.0\data_image\california_wildfires\10_10_2017\917792092100988929_0.jpg,severe_damage,Severe,1.0
C:\Users\user\Downloads\CrisisMMD_v2.0\CrisisMMD_v2.0\data_image\california_wildfires\10_10_2017\917792147700465664_0.jpg,severe_damage,Severe,1.0
C:\Users\user\Downloads\CrisisMMD_v2.0\CrisisMMD_v2.0\data_image\california_wildfires\10_10_2017\917792930315821057_0.jpg,severe_damage,Severe,1.0
C:\Users\user\Downloads\CrisisMMD_v2.0\CrisisMMD_v2.0\data_image\california_wildfires\10_10_2017\917793137925459968_0.jpg,severe_damage,Severe,1.0
C:\Users\user\Downloads\CrisisMMD_v2.0\CrisisMMD_v2.0\data_image\california_wildfires\10_10_2017\917793137925459968_1.jpg,severe_damage,Severe,1.0
C:\Users\user\Downloads\CrisisMMD_v2.0\CrisisMMD_v2.0\data_image\california_wildfires\10_10_2017\917793137925459968_2.jpg,severe_damage,Severe,0.6434
C:\Users\user\Downloads\CrisisMMD_v2.0\CrisisMMD_v2.0\data_image\california_wildfires\10_10_2017\917794232160661505_0.jpg,severe_damage,Severe,0.6779
C:\Users\user\Downloads\CrisisMMD_v2.0\CrisisMMD_v2.0\data_image\california_wildfires\10_10_2017\917794360581869569_0.jpg,severe_damage,Severe,0.7067
C:\Users\user\Downloads\CrisisMMD_v2.0\CrisisMMD_v2.0\data_image\california_wildfires\10_10_2017\917794580728295424_0.jpg,severe_damage,Severe,1.0
C:\Users\user\Downloads\CrisisMMD_v2.0\CrisisMMD_v2.0\data_image\california_wildfires\10_10_2017\917794892113498113_0.jpg,severe_damage,Severe,1.0
C:\Users\user\Downloads\CrisisMMD_v2.0\CrisisMMD_v2.0\data_image\california_wildfires\10_10_2017\917795236595863552_0.jpg,severe_damage,Severe,0.6965
C:\Users\user\Downloads\CrisisMMD_v2.0\CrisisMMD_v2.0\data_image\california_wildfires\10_10_2017\917796307191951360_0.jpg,severe_damage,Severe,0.411
C:\Users\user\Downloads\CrisisMMD_v2.0\CrisisMMD_v2.0\data_image\california_wildfires\10_10_2017\917796883610820608_0.jpg,severe_damage,Severe,1.0
C:\Users\user\Downloads\CrisisMMD_v2.0\CrisisMMD_v2.0\data_image\california_wildfires\10_10_2017\917797763282214913_0.jpg,severe_damage,Severe,0.6471
C:\Users\user\Downloads\CrisisMMD_v2.0\CrisisMMD_v2.0\data_image\california_wildfires\10_10_2017\917800657796595715_0.jpg,severe_damage,Severe,0.6798
C:\Users\user\Downloads\CrisisMMD_v2.0\CrisisMMD_v2.0\data_image\california_wildfires\10_10_2017\917804456422473734_0.jpg,severe_damage,Severe,1.0
C:\Users\user\Downloads\CrisisMMD_v2.0\CrisisMMD_v2.0\data_image\california_wildfires\10_10_2017\917807529479901184_0.jpg,severe_damage,Severe,1.0
C:\Users\user\Downloads\CrisisMMD_v2.0\CrisisMMD_v2.0\data_image\california_wildfires\10_10_2017\917810972479381504_0.jpg,severe_damage,Severe,1.0
C:\Users\user\Downloads\CrisisMMD_v2.0\CrisisMMD_v2.0\data_image\california_wildfires\10_10_2017\917811151320338433_0.jpg,severe_damage,Severe,1.0
C:\Users\user\Downloads\CrisisMMD_v2.0\CrisisMMD_v2.0\data_image\california_wildfires\10_10_2017\917814656626020352_0.jpg,severe_damage,Severe,1.0
C:\Users\user\Downloads\CrisisMMD_v2.0\CrisisMMD_v2.0\data_image\california_wildfires\10_10_2017\917815040962695168_2.jpg,mild_damage,Moderate,0.4316
C:\Users\user\Downloads\CrisisMMD_v2.0\CrisisMMD_v2.0\data_image\california_wildfires\10_10_2017\917817013409583106_0.jpg,severe_damage,Severe,1.0
C:\Users\user\Downloads\CrisisMMD_v2.0\CrisisMMD_v2.0\data_image\california_wildfires\10_10_2017\917818978629808129_0.jpg,mild_damage,Moderate,0.6644
C:\Users\user\Downloads\CrisisMMD_v2.0\CrisisMMD_v2.0\data_image\california_wildfires\10_10_2017\917818995377569793_0.jpg,severe_damage,Severe,1.0
C:\Users\user\Downloads\CrisisMMD_v2.0\CrisisMMD_v2.0\data_image\california_wildfires\10_10_2017\917820061758263296_0.jpg,severe_damage,Severe,1.0
C:\Users\user\Downloads\CrisisMMD_v2.0\CrisisMMD_v2.0\data_image\california_wildfires\10_10_2017\917820422011449345_0.jpg,severe_damage,Severe,1.0
C:\Users\user\Downloads\CrisisMMD_v2.0\CrisisMMD_v2.0\data_image\california_wildfires\10_10_2017\917820560763183106_0.jpg,severe_damage,Severe,0.7185
C:\Users\user\Downloads\CrisisMMD_v2.0\CrisisMMD_v2.0\data_image\california_wildfires\10_10_2017\917822041079861248_0.jpg,severe_damage,Severe,1.0
C:\Users\user\Downloads\CrisisMMD_v2.0\CrisisMMD_v2.0\data_image\california_wildfires\10_10_2017\917822563807399936_0.jpg,severe_damage,Severe,1.0
C:\Users\user\Downloads\CrisisMMD_v2.0\CrisisMMD_v2.0\data_image\california_wildfires\10_10_2017\917825253694459904_0.jpg,severe_damage,Severe,1.0
C:\Users\user\Downloads\CrisisMMD_v2.0\CrisisMMD_v2.0\data_image\california_wildfires\10_10_2017\917828328475680768_0.jpg,mild_damage,Moderate,0.337
C:\Users\user\Downloads\CrisisMMD_v2.0\CrisisMMD_v2.0\data_image\california_wildfires\10_10_2017\917828356388900865_0.jpg,severe_damage,Severe,1.0
C:\Users\user\Downloads\CrisisMMD_v2.0\CrisisMMD_v2.0\data_image\california_wildfires\10_10_2017\917828826083840000_0.jpg,severe_damage,Severe,1.0
C:\Users\user\Downloads\CrisisMMD_v2.0\CrisisMMD_v2.0\data_image\california_wildfires\10_10_2017\917828952533716994_0.jpg,severe_damage,Severe,1.0
C:\Users\user\Downloads\CrisisMMD_v2.0\CrisisMMD_v2.0\data_image\california_wildfires\10_10_2017\917829116220473345_0.jpg,severe_damage,Severe,1.0
C:\Users\user\Downloads\CrisisMMD_v2.0\CrisisMMD_v2.0\data_image\california_wildfires\10_10_2017\917829163259592704_0.jpg,severe_damage,Severe,1.0
C:\Users\user\Downloads\CrisisMMD_v2.0\CrisisMMD_v2.0\data_image\california_wildfires\10_10_2017\917829663552045057_0.jpg,severe_damage,Severe,0.7301
C:\Users\user\Downloads\CrisisMMD_v2.0\CrisisMMD_v2.0\data_image\california_wildfires\10_10_2017\917829942133575681_0.jpg,severe_damage,Severe,1.0
C:\Users\user\Downloads\CrisisMMD_v2.0\CrisisMMD_v2.0\data_image\california_wildfires\10_10_2017\917831645218136065_0.jpg,severe_damage,Severe,1.0
C:\Users\user\Downloads\CrisisMMD_v2.0\CrisisMMD_v2.0\data_image\california_wildfires\10_10_2017\917831909111222272_0.jpg,severe_damage,Severe,1.0
C:\Users\user\Downloads\CrisisMMD_v2.0\CrisisMMD_v2.0\data_image\california_wildfires\10_10_2017\917831945802919938_0.jpg,severe_damage,Severe,0.6677
C:\Users\user\Downloads\CrisisMMD_v2.0\CrisisMMD_v2.0\data_image\california_wildfires\10_10_2017\917832022017445888_0.jpg,severe_damage,Severe,0.6549
C:\Users\user\Downloads\CrisisMMD_v2.0\CrisisMMD_v2.0\data_image\california_wildfires\10_10_2017\917834628290920448_0.jpg,severe_damage,Severe,1.0
C:\Users\user\Downloads\CrisisMMD_v2.0\CrisisMMD_v2.0\data_image\california_wildfires\10_10_2017\917835123890049025_0.jpg,severe_damage,Severe,1.0
C:\Users\user\Downloads\CrisisMMD_v2.0\CrisisMMD_v2.0\data_image\california_wildfires\10_10_2017\917836899410235392_0.jpg,severe_damage,Severe,1.0
C:\Users\user\Downloads\CrisisMMD_v2.0\CrisisMMD_v2.0\data_image\california_wildfires\10_10_2017\917837517562445824_0.jpg,severe_damage,Severe,1.0
C:\Users\user\Downloads\CrisisMMD_v2.0\CrisisMMD_v2.0\data_image\california_wildfires\10_10_2017\917837755891240960_0.jpg,severe_damage,Severe,1.0
C:\Users\user\Downloads\CrisisMMD_v2.0\CrisisMMD_v2.0\data_image\california_wildfires\10_10_2017\917839142880468994_0.jpg,severe_damage,Severe,0.7458
C:\Users\user\Downloads\CrisisMMD_v2.0\CrisisMMD_v2.0\data_image\california_wildfires\10_10_2017\917839142880468994_1.jpg,severe_damage,Severe,1.0
C:\Users\user\Downloads\CrisisMMD_v2.0\CrisisMMD_v2.0\data_image\california_wildfires\10_10_2017\917839142880468994_2.jpg,severe_damage,Severe,1.0
C:\Users\user\Downloads\CrisisMMD_v2.0\CrisisMMD_v2.0\data_image\california_wildfires\10_10_2017\917839142880468994_3.jpg,severe_damage,Severe,0.6581
C:\Users\user\Downloads\CrisisMMD_v2.0\CrisisMMD_v2.0\data_image\california_wildfires\10_10_2017\917840040558055424_0.jpg,severe_damage,Severe,1.0
C:\Users\user\Downloads\CrisisMMD_v2.0\CrisisMMD_v2.0\data_image\california_wildfires\10_10_2017\917841184814436353_0.jpg,severe_damage,Severe,1.0
C:\Users\user\Downloads\CrisisMMD_v2.0\CrisisMMD_v2.0\data_image\california_wildfires\10_10_2017\917842240646664192_0.jpg,severe_damage,Severe,0.6689
C:\Users\user\Downloads\CrisisMMD_v2.0\CrisisMMD_v2.0\data_image\california_wildfires\10_10_2017\917842481575841792_0.jpg,severe_damage,Severe,1.0
C:\Users\user\Downloads\CrisisMMD_v2.0\CrisisMMD_v2.0\data_image\california_wildfires\10_10_2017\917842724551667712_0.jpg,severe_damage,Severe,1.0
C:\Users\user\Downloads\CrisisMMD_v2.0\CrisisMMD_v2.0\data_image\california_wildfires\10_10_2017\917842924032929793_0.jpg,severe_damage,Severe,1.0
C:\Users\user\Downloads\CrisisMMD_v2.0\CrisisMMD_v2.0\data_image\california_wildfires\10_10_2017\917844496137601024_0.jpg,severe_damage,Severe,1.0
C:\Users\user\Downloads\CrisisMMD_v2.0\CrisisMMD_v2.0\data_image\california_wildfires\10_10_2017\917846485965959168_0.jpg,mild_damage,Moderate,0.6429
C:\Users\user\Downloads\CrisisMMD_v2.0\CrisisMMD_v2.0\data_image\california_wildfires\10_10_2017\917847260200886275_0.jpg,severe_damage,Severe,1.0
C:\Users\user\Downloads\CrisisMMD_v2.0\CrisisMMD_v2.0\data_image\california_wildfires\10_10_2017\917847652062162944_0.jpg,severe_damage,Severe,1.0
C:\Users\user\Downloads\CrisisMMD_v2.0\CrisisMMD_v2.0\data_image\california_wildfires\10_10_2017\917848117084430336_0.jpg,little_or_no_damage,Minor,0.6899
C:\Users\user\Downloads\CrisisMMD_v2.0\CrisisMMD_v2.0\data_image\california_wildfires\10_10_2017\917848209661112320_0.jpg,severe_damage,Severe,1.0
C:\Users\user\Downloads\CrisisMMD_v2.0\CrisisMMD_v2.0\data_image\california_wildfires\10_10_2017\917848503568818183_0.jpg,severe_damage,Severe,1.0
C:\Users\user\Downloads\CrisisMMD_v2.0\CrisisMMD_v2.0\data_image\california_wildfires\10_10_2017\917855837254770688_0.jpg,severe_damage,Severe,0.6461
C:\Users\user\Downloads\CrisisMMD_v2.0\CrisisMMD_v2.0\data_image\california_wildfires\10_10_2017\917856015219154945_0.jpg,severe_damage,Severe,1.0
C:\Users\user\Downloads\CrisisMMD_v2.0\CrisisMMD_v2.0\data_image\california_wildfires\10_10_2017\917856722315874306_0.jpg,severe_damage,Severe,1.0
C:\Users\user\Downloads\CrisisMMD_v2.0\CrisisMMD_v2.0\data_image\california_wildfires\10_10_2017\917857421250441218_0.jpg,severe_damage,Severe,0.6759
C:\Users\user\Downloads\CrisisMMD_v2.0\CrisisMMD_v2.0\data_image\california_wildfires\10_10_2017\917858237948424202_0.jpg,severe_damage,Severe,0.6749
C:\Users\user\Downloads\CrisisMMD_v2.0\CrisisMMD_v2.0\data_image\california_wildfires\10_10_2017\917861564002181120_0.jpg,severe_damage,Severe,0.6549
C:\Users\user\Downloads\CrisisMMD_v2.0\CrisisMMD_v2.0\data_image\california_wildfires\10_10_2017\917863283419357185_0.jpg,severe_damage,Severe,1.0
C:\Users\user\Downloads\CrisisMMD_v2.0\CrisisMMD_v2.0\data_image\california_wildfires\10_10_2017\917864087438049280_0.jpg,severe_damage,Severe,1.0
C:\Users\user\Downloads\CrisisMMD_v2.0\CrisisMMD_v2.0\data_image\california_wildfires\10_10_2017\917864819994263553_0.jpg,severe_damage,Severe,1.0
C:\Users\user\Downloads\CrisisMMD_v2.0\CrisisMMD_v2.0\data_image\california_wildfires\10_10_2017\917864853015969792_0.jpg,severe_damage,Severe,1.0
C:\Users\user\Downloads\CrisisMMD_v2.0\CrisisMMD_v2.0\data_image\california_wildfires\10_10_2017\917869210499399680_0.jpg,severe_damage,Severe,1.0
C:\Users\user\Downloads\CrisisMMD_v2.0\CrisisMMD_v2.0\data_image\california_wildfires\10_10_2017\917871713823502336_0.jpg,severe_damage,Severe,0.7206
C:\Users\user\Downloads\CrisisMMD_v2.0\CrisisMMD_v2.0\data_image\california_wildfires\10_10_2017\917871832467955714_0.jpg,severe_damage,Severe,1.0
C:\Users\user\Downloads\CrisisMMD_v2.0\CrisisMMD_v2.0\data_image\california_wildfires\10_10_2017\917872088303718402_0.jpg,severe_damage,Severe,0.674
C:\Users\user\Downloads\CrisisMMD_v2.0\CrisisMMD_v2.0\data_image\california_wildfires\11_10_2017\917915442085163008_0.jpg,severe_damage,Severe,1.0
C:\Users\user\Downloads\CrisisMMD_v2.0\CrisisMMD_v2.0\data_image\california_wildfires\11_10_2017\917915816615731201_0.jpg,severe_damage,Severe,1.0
C:\Users\user\Downloads\CrisisMMD_v2.0\CrisisMMD_v2.0\data_image\california_wildfires\11_10_2017\917920562248269824_0.jpg,severe_damage,Severe,0.7206
C:\Users\user\Downloads\CrisisMMD_v2.0\CrisisMMD_v2.0\data_image\california_wildfires\11_10_2017\917921510731452416_0.jpg,mild_damage,Moderate,0.6792
C:\Users\user\Downloads\CrisisMMD_v2.0\CrisisMMD_v2.0\data_image\california_wildfires\11_10_2017\917922090677829632_0.jpg,severe_damage,Severe,0.6735
C:\Users\user\Downloads\CrisisMMD_v2.0\CrisisMMD_v2.0\data_image\california_wildfires\11_10_2017\917923292148912129_0.jpg,severe_damage,Severe,1.0
C:\Users\user\Downloads\CrisisMMD_v2.0\CrisisMMD_v2.0\data_image\california_wildfires\11_10_2017\917924564579028992_0.jpg,severe_damage,Severe,1.0
C:\Users\user\Downloads\CrisisMMD_v2.0\CrisisMMD_v2.0\data_image\california_wildfires\11_10_2017\917924652915273733_0.jpg,severe_damage,Severe,1.0
C:\Users\user\Downloads\CrisisMMD_v2.0\CrisisMMD_v2.0\data_image\california_wildfires\11_10_2017\917925094055432194_0.jpg,severe_damage,Severe,1.0
C:\Users\user\Downloads\CrisisMMD_v2.0\CrisisMMD_v2.0\data_image\california_wildfires\11_10_2017\917925667051790336_0.jpg,severe_damage,Severe,0.7458
C:\Users\user\Downloads\CrisisMMD_v2.0\CrisisMMD_v2.0\data_image\california_wildfires\11_10_2017\917926173975474176_0.jpg,severe_damage,Severe,0.6461
C:\Users\user\Downloads\CrisisMMD_v2.0\CrisisMMD_v2.0\data_image\california_wildfires\11_10_2017\917926207492120576_0.jpg,severe_damage,Severe,1.0
C:\Users\user\Downloads\CrisisMMD_v2.0\CrisisMMD_v2.0\data_image\california_wildfires\11_10_2017\917933070358941696_0.jpg,severe_damage,Severe,1.0
C:\Users\user\Downloads\CrisisMMD_v2.0\CrisisMMD_v2.0\data_image\california_wildfires\11_10_2017\917933078969966592_0.jpg,mild_damage,Moderate,0.6644
C:\Users\user\Downloads\CrisisMMD_v2.0\CrisisMMD_v2.0\data_image\california_wildfires\11_10_2017\917934616878530560_0.jpg,severe_damage,Severe,1.0
C:\Users\user\Downloads\CrisisMMD_v2.0\CrisisMMD_v2.0\data_image\california_wildfires\11_10_2017\917935359039868928_0.jpg,severe_damage,Severe,1.0
C:\Users\user\Downloads\CrisisMMD_v2.0\CrisisMMD_v2.0\data_image\california_wildfires\11_10_2017\917938308927426560_0.jpg,severe_damage,Severe,0.7301
C:\Users\user\Downloads\CrisisMMD_v2.0\CrisisMMD_v2.0\data_image\california_wildfires\11_10_2017\917944458523566080_0.jpg,severe_damage,Severe,0.6704
C:\Users\user\Downloads\CrisisMMD_v2.0\CrisisMMD_v2.0\data_image\california_wildfires\11_10_2017\917945051736629248_0.jpg,severe_damage,Severe,1.0
C:\Users\user\Downloads\CrisisMMD_v2.0\CrisisMMD_v2.0\data_image\california_wildfires\11_10_2017\917945356696072192_0.jpg,severe_damage,Severe,1.0
C:\Users\user\Downloads\CrisisMMD_v2.0\CrisisMMD_v2.0\data_image\california_wildfires\11_10_2017\917947880035450880_0.jpg,severe_damage,Severe,1.0
C:\Users\user\Downloads\CrisisMMD_v2.0\CrisisMMD_v2.0\data_image\california_wildfires\11_10_2017\917948365182251008_0.jpg,severe_damage,Severe,0.693
C:\Users\user\Downloads\CrisisMMD_v2.0\CrisisMMD_v2.0\data_image\california_wildfires\11_10_2017\917949159742648320_0.jpg,severe_damage,Severe,1.0
C:\Users\user\Downloads\CrisisMMD_v2.0\CrisisMMD_v2.0\data_image\california_wildfires\11_10_2017\917950294956310528_0.jpg,severe_damage,Severe,1.0
C:\Users\user\Downloads\CrisisMMD_v2.0\CrisisMMD_v2.0\data_image\california_wildfires\11_10_2017\917955722020900864_0.jpg,severe_damage,Severe,0.6991
C:\Users\user\Downloads\CrisisMMD_v2.0\CrisisMMD_v2.0\data_image\california_wildfires\11_10_2017\917956700149227520_0.jpg,mild_damage,Moderate,0.356
C:\Users\user\Downloads\CrisisMMD_v2.0\CrisisMMD_v2.0\data_image\california_wildfires\11_10_2017\917963263396270080_0.jpg,severe_damage,Severe,0.3621
C:\Users\user\Downloads\CrisisMMD_v2.0\CrisisMMD_v2.0\data_image\california_wildfires\11_10_2017\917964587852554240_0.jpg,severe_damage,Severe,1.0
C:\Users\user\Downloads\CrisisMMD_v2.0\CrisisMMD_v2.0\data_image\california_wildfires\11_10_2017\917971978547589120_0.jpg,severe_damage,Severe,1.0
C:\Users\user\Downloads\CrisisMMD_v2.0\CrisisMMD_v2.0\data_image\california_wildfires\11_10_2017\917972569613045760_0.jpg,severe_damage,Severe,1.0
C:\Users\user\Downloads\CrisisMMD_v2.0\CrisisMMD_v2.0\data_image\california_wildfires\11_10_2017\917972593789063170_0.jpg,little_or_no_damage,Minor,0.6533
C:\Users\user\Downloads\CrisisMMD_v2.0\CrisisMMD_v2.0\data_image\california_wildfires\11_10_2017\917973143708463104_0.jpg,severe_damage,Severe,1.0
C:\Users\user\Downloads\CrisisMMD_v2.0\CrisisMMD_v2.0\data_image\california_wildfires\11_10_2017\917973346976968704_0.jpg,severe_damage,Severe,0.839
C:\Users\user\Downloads\CrisisMMD_v2.0\CrisisMMD_v2.0\data_image\california_wildfires\11_10_2017\917974072096645122_0.jpg,severe_damage,Severe,1.0
C:\Users\user\Downloads\CrisisMMD_v2.0\CrisisMMD_v2.0\data_image\california_wildfires\11_10_2017\917975588685664257_0.jpg,severe_damage,Severe,1.0
C:\Users\user\Downloads\CrisisMMD_v2.0\CrisisMMD_v2.0\data_image\california_wildfires\11_10_2017\917975647116513280_0.jpg,severe_damage,Severe,1.0
C:\Users\user\Downloads\CrisisMMD_v2.0\CrisisMMD_v2.0\data_image\california_wildfires\11_10_2017\917975783494373376_0.jpg,severe_damage,Severe,1.0
C:\Users\user\Downloads\CrisisMMD_v2.0\CrisisMMD_v2.0\data_image\california_wildfires\11_10_2017\917980277099712514_0.jpg,severe_damage,Severe,0.6789
C:\Users\user\Downloads\CrisisMMD_v2.0\CrisisMMD_v2.0\data_image\california_wildfires\11_10_2017\917987028423331841_0.jpg,severe_damage,Severe,1.0
C:\Users\user\Downloads\CrisisMMD_v2.0\CrisisMMD_v2.0\data_image\california_wildfires\11_10_2017\917987784819990528_0.jpg,severe_damage,Severe,1.0
C:\Users\user\Downloads\CrisisMMD_v2.0\CrisisMMD_v2.0\data_image\california_wildfires\11_10_2017\917990440644866048_0.jpg,severe_damage,Severe,1.0
C:\Users\user\Downloads\CrisisMMD_v2.0\CrisisMMD_v2.0\data_image\california_wildfires\11_10_2017\917993008456519681_0.jpg,mild_damage,Moderate,0.3467
C:\Users\user\Downloads\CrisisMMD_v2.0\CrisisMMD_v2.0\data_image\california_wildfires\11_10_2017\917993642052280320_0.jpg,severe_damage,Severe,0.3682
C:\Users\user\Downloads\CrisisMMD_v2.0\CrisisMMD_v2.0\data_image\california_wildfires\11_10_2017\917994406732615681_0.jpg,mild_damage,Moderate,1.0
C:\Users\user\Downloads\CrisisMMD_v2.0\CrisisMMD_v2.0\data_image\california_wildfires\11_10_2017\917999457014226944_0.jpg,severe_damage,Severe,1.0
C:\Users\user\Downloads\CrisisMMD_v2.0\CrisisMMD_v2.0\data_image\california_wildfires\11_10_2017\918001973680574464_0.jpg,severe_damage,Severe,0.6549
C:\Users\user\Downloads\CrisisMMD_v2.0\CrisisMMD_v2.0\data_image\california_wildfires\11_10_2017\918008272363368448_0.jpg,severe_damage,Severe,0.6689
C:\Users\user\Downloads\CrisisMMD_v2.0\CrisisMMD_v2.0\data_image\california_wildfires\11_10_2017\918008803530039296_0.jpg,severe_damage,Severe,0.3649
C:\Users\user\Downloads\CrisisMMD_v2.0\CrisisMMD_v2.0\data_image\california_wildfires\11_10_2017\918009550409752576_0.jpg,mild_damage,Moderate,0.6713
C:\Users\user\Downloads\CrisisMMD_v2.0\CrisisMMD_v2.0\data_image\california_wildfires\11_10_2017\918013344006602752_0.jpg,severe_damage,Severe,1.0
C:\Users\user\Downloads\CrisisMMD_v2.0\CrisisMMD_v2.0\data_image\california_wildfires\11_10_2017\918020878633332736_0.jpg,severe_damage,Severe,1.0
C:\Users\user\Downloads\CrisisMMD_v2.0\CrisisMMD_v2.0\data_image\california_wildfires\11_10_2017\918021142815952897_0.jpg,severe_damage,Severe,1.0
C:\Users\user\Downloads\CrisisMMD_v2.0\CrisisMMD_v2.0\data_image\california_wildfires\11_10_2017\918031214560215042_0.jpg,severe_damage,Severe,1.0
C:\Users\user\Downloads\CrisisMMD_v2.0\CrisisMMD_v2.0\data_image\california_wildfires\11_10_2017\918035671280893953_0.jpg,severe_damage,Severe,0.6749
C:\Users\user\Downloads\CrisisMMD_v2.0\CrisisMMD_v2.0\data_image\california_wildfires\11_10_2017\918036711644565506_0.jpg,severe_damage,Severe,1.0
C:\Users\user\Downloads\CrisisMMD_v2.0\CrisisMMD_v2.0\data_image\california_wildfires\11_10_2017\918047357211742208_0.jpg,severe_damage,Severe,1.0
C:\Users\user\Downloads\CrisisMMD_v2.0\CrisisMMD_v2.0\data_image\california_wildfires\11_10_2017\918048338385104897_0.jpg,severe_damage,Severe,0.3983
C:\Users\user\Downloads\CrisisMMD_v2.0\CrisisMMD_v2.0\data_image\california_wildfires\11_10_2017\918051144454344704_0.jpg,severe_damage,Severe,1.0
C:\Users\user\Downloads\CrisisMMD_v2.0\CrisisMMD_v2.0\data_image\california_wildfires\11_10_2017\918052612804505600_0.jpg,severe_damage,Severe,1.0
C:\Users\user\Downloads\CrisisMMD_v2.0\CrisisMMD_v2.0\data_image\california_wildfires\11_10_2017\918052949078761473_0.jpg,severe_damage,Severe,1.0
C:\Users\user\Downloads\CrisisMMD_v2.0\CrisisMMD_v2.0\data_image\california_wildfires\11_10_2017\918056566334599168_0.jpg,severe_damage,Severe,1.0
C:\Users\user\Downloads\CrisisMMD_v2.0\CrisisMMD_v2.0\data_image\california_wildfires\11_10_2017\918060571517480960_0.jpg,severe_damage,Severe,1.0
C:\Users\user\Downloads\CrisisMMD_v2.0\CrisisMMD_v2.0\data_image\california_wildfires\11_10_2017\918060571517480960_1.jpg,severe_damage,Severe,1.0
C:\Users\user\Downloads\CrisisMMD_v2.0\CrisisMMD_v2.0\data_image\california_wildfires\11_10_2017\918060571517480960_2.jpg,severe_damage,Severe,0.6735
C:\Users\user\Downloads\CrisisMMD_v2.0\CrisisMMD_v2.0\data_image\california_wildfires\11_10_2017\918062929634770944_0.jpg,severe_damage,Severe,1.0
C:\Users\user\Downloads\CrisisMMD_v2.0\CrisisMMD_v2.0\data_image\california_wildfires\11_10_2017\918075238939635712_0.jpg,severe_damage,Severe,0.6392
C:\Users\user\Downloads\CrisisMMD_v2.0\CrisisMMD_v2.0\data_image\california_wildfires\11_10_2017\918075669048938496_0.jpg,severe_damage,Severe,1.0
C:\Users\user\Downloads\CrisisMMD_v2.0\CrisisMMD_v2.0\data_image\california_wildfires\11_10_2017\918077527226118144_0.jpg,mild_damage,Moderate,0.6708
C:\Users\user\Downloads\CrisisMMD_v2.0\CrisisMMD_v2.0\data_image\california_wildfires\11_10_2017\918082606545039360_0.jpg,severe_damage,Severe,0.645
C:\Users\user\Downloads\CrisisMMD_v2.0\CrisisMMD_v2.0\data_image\california_wildfires\11_10_2017\918086493134098432_0.jpg,severe_damage,Severe,1.0
C:\Users\user\Downloads\CrisisMMD_v2.0\CrisisMMD_v2.0\data_image\california_wildfires\11_10_2017\918087716050530304_0.jpg,little_or_no_damage,Minor,0.3586
C:\Users\user\Downloads\CrisisMMD_v2.0\CrisisMMD_v2.0\data_image\california_wildfires\11_10_2017\918090018190655488_0.jpg,severe_damage,Severe,1.0
C:\Users\user\Downloads\CrisisMMD_v2.0\CrisisMMD_v2.0\data_image\california_wildfires\11_10_2017\918091937449758721_0.jpg,severe_damage,Severe,1.0
C:\Users\user\Downloads\CrisisMMD_v2.0\CrisisMMD_v2.0\data_image\california_wildfires\11_10_2017\918095131689013248_0.jpg,severe_damage,Severe,0.6865
C:\Users\user\Downloads\CrisisMMD_v2.0\CrisisMMD_v2.0\data_image\california_wildfires\11_10_2017\918095867218817026_0.jpg,severe_damage,Severe,1.0
C:\Users\user\Downloads\CrisisMMD_v2.0\CrisisMMD_v2.0\data_image\california_wildfires\11_10_2017\918103951488188416_0.jpg,severe_damage,Severe,1.0
C:\Users\user\Downloads\CrisisMMD_v2.0\CrisisMMD_v2.0\data_image\california_wildfires\11_10_2017\918104972268535810_0.jpg,severe_damage,Severe,1.0
C:\Users\user\Downloads\CrisisMMD_v2.0\CrisisMMD_v2.0\data_image\california_wildfires\11_10_2017\918105765319028736_0.jpg,severe_damage,Severe,1.0
C:\Users\user\Downloads\CrisisMMD_v2.0\CrisisMMD_v2.0\data_image\california_wildfires\11_10_2017\918106428434300929_0.jpg,severe_damage,Severe,0.6792
C:\Users\user\Downloads\CrisisMMD_v2.0\CrisisMMD_v2.0\data_image\california_wildfires\11_10_2017\918106736019591169_0.jpg,severe_damage,Severe,0.7122
C:\Users\user\Downloads\CrisisMMD_v2.0\CrisisMMD_v2.0\data_image\california_wildfires\11_10_2017\918108362973335555_0.jpg,severe_damage,Severe,1.0
C:\Users\user\Downloads\CrisisMMD_v2.0\CrisisMMD_v2.0\data_image\california_wildfires\11_10_2017\918108612869754883_0.jpg,little_or_no_damage,Minor,0.6486
C:\Users\user\Downloads\CrisisMMD_v2.0\CrisisMMD_v2.0\data_image\california_wildfires\11_10_2017\918109126307311619_0.jpg,severe_damage,Severe,1.0
C:\Users\user\Downloads\CrisisMMD_v2.0\CrisisMMD_v2.0\data_image\california_wildfires\11_10_2017\918109505690456064_0.jpg,severe_damage,Severe,1.0
C:\Users\user\Downloads\CrisisMMD_v2.0\CrisisMMD_v2.0\data_image\california_wildfires\11_10_2017\918110217023442944_0.jpg,severe_damage,Severe,1.0
C:\Users\user\Downloads\CrisisMMD_v2.0\CrisisMMD_v2.0\data_image\california_wildfires\11_10_2017\918111395555749893_0.jpg,mild_damage,Moderate,0.3446
C:\Users\user\Downloads\CrisisMMD_v2.0\CrisisMMD_v2.0\data_image\california_wildfires\11_10_2017\918114251574857728_0.jpg,severe_damage,Severe,1.0
C:\Users\user\Downloads\CrisisMMD_v2.0\CrisisMMD_v2.0\data_image\california_wildfires\11_10_2017\918115021661421568_0.jpg,severe_damage,Severe,1.0
C:\Users\user\Downloads\CrisisMMD_v2.0\CrisisMMD_v2.0\data_image\california_wildfires\11_10_2017\918235098591514626_0.jpg,severe_damage,Severe,1.0
C:\Users\user\Downloads\CrisisMMD_v2.0\CrisisMMD_v2.0\data_image\california_wildfires\11_10_2017\918235406512074752_0.jpg,severe_damage,Severe,1.0
C:\Users\user\Downloads\CrisisMMD_v2.0\CrisisMMD_v2.0\data_image\california_wildfires\11_10_2017\918236039717801985_0.jpg,severe_damage,Severe,1.0
C:\Users\user\Downloads\CrisisMMD_v2.0\CrisisMMD_v2.0\data_image\california_wildfires\11_10_2017\918236509689479168_0.jpg,severe_damage,Severe,1.0
C:\Users\user\Downloads\CrisisMMD_v2.0\CrisisMMD_v2.0\data_image\california_wildfires\11_10_2017\918236795950813185_0.jpg,severe_damage,Severe,1.0
C:\Users\user\Downloads\CrisisMMD_v2.0\CrisisMMD_v2.0\data_image\california_wildfires\11_10_2017\918237370536906753_0.jpg,little_or_no_damage,Minor,0.6678
C:\Users\user\Downloads\CrisisMMD_v2.0\CrisisMMD_v2.0\data_image\california_wildfires\11_10_2017\918237552271872001_0.jpg,severe_damage,Severe,1.0
C:\Users\user\Downloads\CrisisMMD_v2.0\CrisisMMD_v2.0\data_image\california_wildfires\11_10_2017\918239233885855745_0.jpg,severe_damage,Severe,1.0
C:\Users\user\Downloads\CrisisMMD_v2.0\CrisisMMD_v2.0\data_image\california_wildfires\11_10_2017\918239396989669376_0.jpg,severe_damage,Severe,1.0
C:\Users\user\Downloads\CrisisMMD_v2.0\CrisisMMD_v2.0\data_image\california_wildfires\11_10_2017\918240774462074880_0.jpg,severe_damage,Severe,0.7458
C:\Users\user\Downloads\CrisisMMD_v2.0\CrisisMMD_v2.0\data_image\california_wildfires\11_10_2017\918242189607444480_0.jpg,severe_damage,Severe,1.0
C:\Users\user\Downloads\CrisisMMD_v2.0\CrisisMMD_v2.0\data_image\california_wildfires\11_10_2017\918242805532651520_0.jpg,severe_damage,Severe,0.6763
C:\Users\user\Downloads\CrisisMMD_v2.0\CrisisMMD_v2.0\data_image\california_wildfires\11_10_2017\918243601062141952_0.jpg,severe_damage,Severe,1.0
C:\Users\user\Downloads\CrisisMMD_v2.0\CrisisMMD_v2.0\data_image\california_wildfires\12_10_2017\918278752852955136_0.jpg,severe_damage,Severe,1.0
C:\Users\user\Downloads\CrisisMMD_v2.0\CrisisMMD_v2.0\data_image\california_wildfires\12_10_2017\918312725813628928_0.jpg,severe_damage,Severe,1.0
C:\Users\user\Downloads\CrisisMMD_v2.0\CrisisMMD_v2.0\data_image\california_wildfires\12_10_2017\918313136654049281_0.jpg,severe_damage,Severe,0.7458
C:\Users\user\Downloads\CrisisMMD_v2.0\CrisisMMD_v2.0\data_image\california_wildfires\12_10_2017\918313549318955008_0.jpg,severe_damage,Severe,1.0
C:\Users\user\Downloads\CrisisMMD_v2.0\CrisisMMD_v2.0\data_image\california_wildfires\12_10_2017\918313986621362178_0.jpg,mild_damage,Moderate,0.7206
C:\Users\user\Downloads\CrisisMMD_v2.0\CrisisMMD_v2.0\data_image\california_wildfires\12_10_2017\918315972976631808_0.jpg,severe_damage,Severe,1.0
C:\Users\user\Downloads\CrisisMMD_v2.0\CrisisMMD_v2.0\data_image\california_wildfires\12_10_2017\918315972976631808_1.jpg,severe_damage,Severe,1.0
C:\Users\user\Downloads\CrisisMMD_v2.0\CrisisMMD_v2.0\data_image\california_wildfires\12_10_2017\918315972976631808_2.jpg,severe_damage,Severe,1.0
C:\Users\user\Downloads\CrisisMMD_v2.0\CrisisMMD_v2.0\data_image\california_wildfires\12_10_2017\918315972976631808_3.jpg,severe_damage,Severe,1.0
C:\Users\user\Downloads\CrisisMMD_v2.0\CrisisMMD_v2.0\data_image\california_wildfires\12_10_2017\918319346945949696_0.jpg,severe_damage,Severe,1.0
C:\Users\user\Downloads\CrisisMMD_v2.0\CrisisMMD_v2.0\data_image\california_wildfires\12_10_2017\918352577871331328_0.jpg,severe_damage,Severe,1.0
C:\Users\user\Downloads\CrisisMMD_v2.0\CrisisMMD_v2.0\data_image\california_wildfires\12_10_2017\918352890288152576_0.jpg,severe_damage,Severe,0.4144
C:\Users\user\Downloads\CrisisMMD_v2.0\CrisisMMD_v2.0\data_image\california_wildfires\12_10_2017\918353176914427904_0.jpg,severe_damage,Severe,0.6689
C:\Users\user\Downloads\CrisisMMD_v2.0\CrisisMMD_v2.0\data_image\california_wildfires\12_10_2017\918353491453558784_0.jpg,severe_damage,Severe,0.671
C:\Users\user\Downloads\CrisisMMD_v2.0\CrisisMMD_v2.0\data_image\california_wildfires\12_10_2017\918354529153880066_0.jpg,severe_damage,Severe,1.0
C:\Users\user\Downloads\CrisisMMD_v2.0\CrisisMMD_v2.0\data_image\california_wildfires\12_10_2017\918355835549601792_0.jpg,severe_damage,Severe,1.0
C:\Users\user\Downloads\CrisisMMD_v2.0\CrisisMMD_v2.0\data_image\california_wildfires\12_10_2017\918356075782463488_0.jpg,severe_damage,Severe,1.0
C:\Users\user\Downloads\CrisisMMD_v2.0\CrisisMMD_v2.0\data_image\california_wildfires\12_10_2017\918358890302947328_0.jpg,severe_damage,Severe,0.6749
C:\Users\user\Downloads\CrisisMMD_v2.0\CrisisMMD_v2.0\data_image\california_wildfires\12_10_2017\918394689107226624_0.jpg,severe_damage,Severe,1.0
C:\Users\user\Downloads\CrisisMMD_v2.0\CrisisMMD_v2.0\data_image\california_wildfires\15_10_2017\919562679404003328_2.jpg,mild_damage,Moderate,0.6577
C:\Users\user\Downloads\CrisisMMD_v2.0\CrisisMMD_v2.0\data_image\california_wildfires\15_10_2017\919563091406286848_0.jpg,severe_damage,Severe,1.0
C:\Users\user\Downloads\CrisisMMD_v2.0\CrisisMMD_v2.0\data_image\california_wildfires\15_10_2017\919563224152006656_0.jpg,severe_damage,Severe,1.0
C:\Users\user\Downloads\CrisisMMD_v2.0\CrisisMMD_v2.0\data_image\california_wildfires\15_10_2017\919563306356101120_0.jpg,severe_damage,Severe,1.0
C:\Users\user\Downloads\CrisisMMD_v2.0\CrisisMMD_v2.0\data_image\california_wildfires\15_10_2017\919563526825377792_0.jpg,severe_damage,Severe,0.6678
C:\Users\user\Downloads\CrisisMMD_v2.0\CrisisMMD_v2.0\data_image\california_wildfires\15_10_2017\919566012604874754_1.jpg,severe_damage,Severe,1.0
C:\Users\user\Downloads\CrisisMMD_v2.0\CrisisMMD_v2.0\data_image\california_wildfires\15_10_2017\919566772528865281_0.jpg,severe_damage,Severe,0.6715
C:\Users\user\Downloads\CrisisMMD_v2.0\CrisisMMD_v2.0\data_image\california_wildfires\15_10_2017\919573866003001344_0.jpg,severe_damage,Severe,1.0
C:\Users\user\Downloads\CrisisMMD_v2.0\CrisisMMD_v2.0\data_image\california_wildfires\15_10_2017\919574161395036161_0.jpg,severe_damage,Severe,1.0
C:\Users\user\Downloads\CrisisMMD_v2.0\CrisisMMD_v2.0\data_image\california_wildfires\15_10_2017\919576955523096578_0.jpg,severe_damage,Severe,1.0
C:\Users\user\Downloads\CrisisMMD_v2.0\CrisisMMD_v2.0\data_image\california_wildfires\15_10_2017\919578801432072193_0.jpg,severe_damage,Severe,1.0
C:\Users\user\Downloads\CrisisMMD_v2.0\CrisisMMD_v2.0\data_image\california_wildfires\15_10_2017\919580937184260098_0.jpg,little_or_no_damage,Minor,0.6838
C:\Users\user\Downloads\CrisisMMD_v2.0\CrisisMMD_v2.0\data_image\california_wildfires\15_10_2017\919585500914208768_0.jpg,severe_damage,Severe,1.0
C:\Users\user\Downloads\CrisisMMD_v2.0\CrisisMMD_v2.0\data_image\california_wildfires\15_10_2017\919586694478925824_0.jpg,severe_damage,Severe,1.0
C:\Users\user\Downloads\CrisisMMD_v2.0\CrisisMMD_v2.0\data_image\california_wildfires\15_10_2017\919592657785114624_0.jpg,severe_damage,Severe,0.6969
C:\Users\user\Downloads\CrisisMMD_v2.0\CrisisMMD_v2.0\data_image\california_wildfires\15_10_2017\919592996521132032_0.jpg,mild_damage,Moderate,0.7027
C:\Users\user\Downloads\CrisisMMD_v2.0\CrisisMMD_v2.0\data_image\california_wildfires\15_10_2017\919593624182108160_0.jpg,severe_damage,Severe,1.0
C:\Users\user\Downloads\CrisisMMD_v2.0\CrisisMMD_v2.0\data_image\california_wildfires\15_10_2017\919594745734631429_0.jpg,severe_damage,Severe,1.0
C:\Users\user\Downloads\CrisisMMD_v2.0\CrisisMMD_v2.0\data_image\california_wildfires\15_10_2017\919594796280307712_0.jpg,severe_damage,Severe,1.0
C:\Users\user\Downloads\CrisisMMD_v2.0\CrisisMMD_v2.0\data_image\california_wildfires\15_10_2017\919602818910179328_0.jpg,severe_damage,Severe,1.0
C:\Users\user\Downloads\CrisisMMD_v2.0\CrisisMMD_v2.0\data_image\california_wildfires\15_10_2017\919607528849268736_0.jpg,severe_damage,Severe,1.0
C:\Users\user\Downloads\CrisisMMD_v2.0\CrisisMMD_v2.0\data_image\california_wildfires\15_10_2017\919607858106265601_0.jpg,severe_damage,Severe,1.0
C:\Users\user\Downloads\CrisisMMD_v2.0\CrisisMMD_v2.0\data_image\california_wildfires\15_10_2017\919609553603280896_0.jpg,severe_damage,Severe,1.0
C:\Users\user\Downloads\CrisisMMD_v2.0\CrisisMMD_v2.0\data_image\california_wildfires\15_10_2017\919609767345172480_0.jpg,severe_damage,Severe,0.6275
C:\Users\user\Downloads\CrisisMMD_v2.0\CrisisMMD_v2.0\data_image\california_wildfires\15_10_2017\919611976220737536_0.jpg,severe_damage,Severe,1.0
C:\Users\user\Downloads\CrisisMMD_v2.0\CrisisMMD_v2.0\data_image\california_wildfires\15_10_2017\919618189952258049_0.jpg,severe_damage,Severe,1.0
C:\Users\user\Downloads\CrisisMMD_v2.0\CrisisMMD_v2.0\data_image\california_wildfires\15_10_2017\919624193762717696_0.jpg,severe_damage,Severe,1.0
C:\Users\user\Downloads\CrisisMMD_v2.0\CrisisMMD_v2.0\data_image\california_wildfires\15_10_2017\919625628600582144_0.jpg,severe_damage,Severe,0.6763
C:\Users\user\Downloads\CrisisMMD_v2.0\CrisisMMD_v2.0\data_image\california_wildfires\15_10_2017\919626730851241986_0.jpg,severe_damage,Severe,0.7122
C:\Users\user\Downloads\CrisisMMD_v2.0\CrisisMMD_v2.0\data_image\california_wildfires\15_10_2017\919630733542592512_0.jpg,severe_damage,Severe,0.6766
C:\Users\user\Downloads\CrisisMMD_v2.0\CrisisMMD_v2.0\data_image\california_wildfires\15_10_2017\919633543474577408_0.jpg,severe_damage,Severe,1.0
C:\Users\user\Downloads\CrisisMMD_v2.0\CrisisMMD_v2.0\data_image\california_wildfires\15_10_2017\919639737215963138_0.jpg,severe_damage,Severe,1.0
C:\Users\user\Downloads\CrisisMMD_v2.0\CrisisMMD_v2.0\data_image\california_wildfires\15_10_2017\919639781432164352_0.jpg,severe_damage,Severe,1.0
C:\Users\user\Downloads\CrisisMMD_v2.0\CrisisMMD_v2.0\data_image\california_wildfires\15_10_2017\919648994661486593_0.jpg,severe_damage,Severe,1.0
C:\Users\user\Downloads\CrisisMMD_v2.0\CrisisMMD_v2.0\data_image\california_wildfires\15_10_2017\919649109782421504_0.jpg,severe_damage,Severe,0.6807
C:\Users\user\Downloads\CrisisMMD_v2.0\CrisisMMD_v2.0\data_image\california_wildfires\15_10_2017\919650008802131970_0.jpg,little_or_no_damage,Minor,0.3566
C:\Users\user\Downloads\CrisisMMD_v2.0\CrisisMMD_v2.0\data_image\california_wildfires\15_10_2017\919653166974750720_0.jpg,mild_damage,Moderate,0.3506
C:\Users\user\Downloads\CrisisMMD_v2.0\CrisisMMD_v2.0\data_image\california_wildfires\15_10_2017\919654312913104896_0.jpg,severe_damage,Severe,0.6704
C:\Users\user\Downloads\CrisisMMD_v2.0\CrisisMMD_v2.0\data_image\california_wildfires\15_10_2017\919655873001136128_0.jpg,severe_damage,Severe,0.4139
C:\Users\user\Downloads\CrisisMMD_v2.0\CrisisMMD_v2.0\data_image\california_wildfires\15_10_2017\919660981462228992_0.jpg,severe_damage,Severe,0.6856
C:\Users\user\Downloads\CrisisMMD_v2.0\CrisisMMD_v2.0\data_image\california_wildfires\15_10_2017\919665020899704832_0.jpg,severe_damage,Severe,1.0
C:\Users\user\Downloads\CrisisMMD_v2.0\CrisisMMD_v2.0\data_image\california_wildfires\15_10_2017\919669212288872451_0.jpg,severe_damage,Severe,0.3649
C:\Users\user\Downloads\CrisisMMD_v2.0\CrisisMMD_v2.0\data_image\california_wildfires\15_10_2017\919671133682638849_0.jpg,severe_damage,Severe,1.0
C:\Users\user\Downloads\CrisisMMD_v2.0\CrisisMMD_v2.0\data_image\california_wildfires\15_10_2017\919673242130010113_0.jpg,severe_damage,Severe,1.0
C:\Users\user\Downloads\CrisisMMD_v2.0\CrisisMMD_v2.0\data_image\california_wildfires\15_10_2017\919674860175060992_0.jpg,severe_damage,Severe,1.0
C:\Users\user\Downloads\CrisisMMD_v2.0\CrisisMMD_v2.0\data_image\california_wildfires\15_10_2017\919676904445112320_0.jpg,severe_damage,Severe,0.6792
C:\Users\user\Downloads\CrisisMMD_v2.0\CrisisMMD_v2.0\data_image\california_wildfires\15_10_2017\919677043192741888_0.jpg,severe_damage,Severe,1.0
C:\Users\user\Downloads\CrisisMMD_v2.0\CrisisMMD_v2.0\data_image\california_wildfires\15_10_2017\919679214260953088_0.jpg,severe_damage,Severe,1.0
C:\Users\user\Downloads\CrisisMMD_v2.0\CrisisMMD_v2.0\data_image\california_wildfires\15_10_2017\919684475990130689_0.jpg,mild_damage,Moderate,0.714
C:\Users\user\Downloads\CrisisMMD_v2.0\CrisisMMD_v2.0\data_image\california_wildfires\15_10_2017\919685399970160640_0.jpg,severe_damage,Severe,1.0
C:\Users\user\Downloads\CrisisMMD_v2.0\CrisisMMD_v2.0\data_image\california_wildfires\15_10_2017\919688548323864577_0.jpg,severe_damage,Severe,1.0
C:\Users\user\Downloads\CrisisMMD_v2.0\CrisisMMD_v2.0\data_image\california_wildfires\15_10_2017\919691857986166785_0.jpg,severe_damage,Severe,0.6873
C:\Users\user\Downloads\CrisisMMD_v2.0\CrisisMMD_v2.0\data_image\california_wildfires\15_10_2017\919698152936099840_0.jpg,severe_damage,Severe,0.6549
C:\Users\user\Downloads\CrisisMMD_v2.0\CrisisMMD_v2.0\data_image\california_wildfires\15_10_2017\919708739086766080_0.jpg,severe_damage,Severe,0.3482
C:\Users\user\Downloads\CrisisMMD_v2.0\CrisisMMD_v2.0\data_image\california_wildfires\16_10_2017\919719914881142784_0.jpg,severe_damage,Severe,1.0
C:\Users\user\Downloads\CrisisMMD_v2.0\CrisisMMD_v2.0\data_image\california_wildfires\16_10_2017\919729752835022848_0.jpg,severe_damage,Severe,1.0
C:\Users\user\Downloads\CrisisMMD_v2.0\CrisisMMD_v2.0\data_image\california_wildfires\16_10_2017\919730738060255232_0.jpg,severe_damage,Severe,1.0
C:\Users\user\Downloads\CrisisMMD_v2.0\CrisisMMD_v2.0\data_image\california_wildfires\16_10_2017\919731334368694274_0.jpg,mild_damage,Moderate,0.4144
C:\Users\user\Downloads\CrisisMMD_v2.0\CrisisMMD_v2.0\data_image\california_wildfires\16_10_2017\919734431052632064_0.jpg,severe_damage,Severe,1.0
C:\Users\user\Downloads\CrisisMMD_v2.0\CrisisMMD_v2.0\data_image\california_wildfires\16_10_2017\919735783069642752_0.jpg,severe_damage,Severe,0.7214
C:\Users\user\Downloads\CrisisMMD_v2.0\CrisisMMD_v2.0\data_image\california_wildfires\16_10_2017\919742042795921408_0.jpg,severe_damage,Severe,1.0
C:\Users\user\Downloads\CrisisMMD_v2.0\CrisisMMD_v2.0\data_image\california_wildfires\16_10_2017\919744773275099136_0.jpg,severe_damage,Severe,0.3381
C:\Users\user\Downloads\CrisisMMD_v2.0\CrisisMMD_v2.0\data_image\california_wildfires\16_10_2017\919752558926802944_0.jpg,mild_damage,Moderate,0.686
C:\Users\user\Downloads\CrisisMMD_v2.0\CrisisMMD_v2.0\data_image\california_wildfires\16_10_2017\919784813535612929_0.jpg,severe_damage,Severe,0.6707
C:\Users\user\Downloads\CrisisMMD_v2.0\CrisisMMD_v2.0\data_image\california_wildfires\16_10_2017\919784813535612929_1.jpg,severe_damage,Severe,0.6581
C:\Users\user\Downloads\CrisisMMD_v2.0\CrisisMMD_v2.0\data_image\california_wildfires\16_10_2017\919796461872676864_0.jpg,severe_damage,Severe,1.0
C:\Users\user\Downloads\CrisisMMD_v2.0\CrisisMMD_v2.0\data_image\california_wildfires\16_10_2017\919799276271800320_0.jpg,mild_damage,Moderate,0.7206
C:\Users\user\Downloads\CrisisMMD_v2.0\CrisisMMD_v2.0\data_image\california_wildfires\16_10_2017\919804068155060225_0.jpg,little_or_no_damage,Minor,0.6678
C:\Users\user\Downloads\CrisisMMD_v2.0\CrisisMMD_v2.0\data_image\california_wildfires\16_10_2017\919827031562510336_0.jpg,severe_damage,Severe,1.0
C:\Users\user\Downloads\CrisisMMD_v2.0\CrisisMMD_v2.0\data_image\california_wildfires\16_10_2017\919836010292416512_0.jpg,severe_damage,Severe,1.0
C:\Users\user\Downloads\CrisisMMD_v2.0\CrisisMMD_v2.0\data_image\california_wildfires\16_10_2017\919839993438326785_0.jpg,severe_damage,Severe,1.0
C:\Users\user\Downloads\CrisisMMD_v2.0\CrisisMMD_v2.0\data_image\california_wildfires\16_10_2017\919859337962672128_0.jpg,severe_damage,Severe,0.3728
C:\Users\user\Downloads\CrisisMMD_v2.0\CrisisMMD_v2.0\data_image\california_wildfires\16_10_2017\919869455928238081_0.jpg,mild_damage,Moderate,0.337
C:\Users\user\Downloads\CrisisMMD_v2.0\CrisisMMD_v2.0\data_image\california_wildfires\16_10_2017\919875217622814721_0.jpg,severe_damage,Severe,1.0
C:\Users\user\Downloads\CrisisMMD_v2.0\CrisisMMD_v2.0\data_image\california_wildfires\16_10_2017\919895719691112448_0.jpg,severe_damage,Severe,0.6667
C:\Users\user\Downloads\CrisisMMD_v2.0\CrisisMMD_v2.0\data_image\california_wildfires\16_10_2017\919921994245709825_0.jpg,severe_damage,Severe,1.0
C:\Users\user\Downloads\CrisisMMD_v2.0\CrisisMMD_v2.0\data_image\california_wildfires\16_10_2017\919922323565793280_0.jpg,severe_damage,Severe,1.0
C:\Users\user\Downloads\CrisisMMD_v2.0\CrisisMMD_v2.0\data_image\california_wildfires\16_10_2017\919923651927035905_0.jpg,severe_damage,Severe,0.7577
C:\Users\user\Downloads\CrisisMMD_v2.0\CrisisMMD_v2.0\data_image\california_wildfires\16_10_2017\919924734636298241_0.jpg,severe_damage,Severe,0.6355
C:\Users\user\Downloads\CrisisMMD_v2.0\CrisisMMD_v2.0\data_image\california_wildfires\16_10_2017\919927912769339392_0.jpg,little_or_no_damage,Minor,0.6374
C:\Users\user\Downloads\CrisisMMD_v2.0\CrisisMMD_v2.0\data_image\california_wildfires\16_10_2017\919928977673695232_0.jpg,severe_damage,Severe,1.0
C:\Users\user\Downloads\CrisisMMD_v2.0\CrisisMMD_v2.0\data_image\california_wildfires\16_10_2017\919933475788066817_0.jpg,severe_damage,Severe,0.4027
C:\Users\user\Downloads\CrisisMMD_v2.0\CrisisMMD_v2.0\data_image\california_wildfires\16_10_2017\919934490494910464_0.jpg,severe_damage,Severe,1.0
C:\Users\user\Downloads\CrisisMMD_v2.0\CrisisMMD_v2.0\data_image\california_wildfires\16_10_2017\919935983314984960_1.jpg,severe_damage,Severe,0.6577
C:\Users\user\Downloads\CrisisMMD_v2.0\CrisisMMD_v2.0\data_image\california_wildfires\16_10_2017\919937237676040192_0.jpg,mild_damage,Moderate,0.6738
C:\Users\user\Downloads\CrisisMMD_v2.0\CrisisMMD_v2.0\data_image\california_wildfires\16_10_2017\919941910642311168_0.jpg,severe_damage,Severe,1.0
C:\Users\user\Downloads\CrisisMMD_v2.0\CrisisMMD_v2.0\data_image\california_wildfires\16_10_2017\919942286053691392_0.jpg,severe_damage,Severe,1.0
C:\Users\user\Downloads\CrisisMMD_v2.0\CrisisMMD_v2.0\data_image\california_wildfires\16_10_2017\919943278220341249_0.jpg,mild_damage,Moderate,0.3741
C:\Users\user\Downloads\CrisisMMD_v2.0\CrisisMMD_v2.0\data_image\california_wildfires\16_10_2017\919946322177802241_0.jpg,severe_damage,Severe,0.8452
C:\Users\user\Downloads\CrisisMMD_v2.0\CrisisMMD_v2.0\data_image\california_wildfires\16_10_2017\919954271700787200_0.jpg,severe_damage,Severe,1.0
C:\Users\user\Downloads\CrisisMMD_v2.0\CrisisMMD_v2.0\data_image\california_wildfires\16_10_2017\919955764231278592_0.jpg,severe_damage,Severe,1.0
C:\Users\user\Downloads\CrisisMMD_v2.0\CrisisMMD_v2.0\data_image\california_wildfires\16_10_2017\919962898054746112_0.jpg,mild_damage,Moderate,0.7051
C:\Users\user\Downloads\CrisisMMD_v2.0\CrisisMMD_v2.0\data_image\california_wildfires\16_10_2017\919970733375217664_0.jpg,mild_damage,Moderate,0.6925
C:\Users\user\Downloads\CrisisMMD_v2.0\CrisisMMD_v2.0\data_image\california_wildfires\16_10_2017\919972893999611904_0.jpg,severe_damage,Severe,1.0
C:\Users\user\Downloads\CrisisMMD_v2.0\CrisisMMD_v2.0\data_image\california_wildfires\16_10_2017\919974245106626561_1.jpg,severe_damage,Severe,0.6798
C:\Users\user\Downloads\CrisisMMD_v2.0\CrisisMMD_v2.0\data_image\california_wildfires\16_10_2017\919974245106626561_3.jpg,severe_damage,Severe,1.0
C:\Users\user\Downloads\CrisisMMD_v2.0\CrisisMMD_v2.0\data_image\california_wildfires\16_10_2017\919975227953762304_0.jpg,mild_damage,Moderate,0.6549
C:\Users\user\Downloads\CrisisMMD_v2.0\CrisisMMD_v2.0\data_image\california_wildfires\16_10_2017\919976381869539328_0.jpg,severe_damage,Severe,1.0
C:\Users\user\Downloads\CrisisMMD_v2.0\CrisisMMD_v2.0\data_image\california_wildfires\16_10_2017\919979544844439552_0.jpg,severe_damage,Severe,0.4209
C:\Users\user\Downloads\CrisisMMD_v2.0\CrisisMMD_v2.0\data_image\california_wildfires\16_10_2017\919983755971792897_0.jpg,severe_damage,Severe,1.0
C:\Users\user\Downloads\CrisisMMD_v2.0\CrisisMMD_v2.0\data_image\california_wildfires\16_10_2017\919985249773391878_0.jpg,severe_damage,Severe,0.6749
C:\Users\user\Downloads\CrisisMMD_v2.0\CrisisMMD_v2.0\data_image\california_wildfires\16_10_2017\919987723670233088_0.jpg,little_or_no_damage,Minor,0.663
C:\Users\user\Downloads\CrisisMMD_v2.0\CrisisMMD_v2.0\data_image\california_wildfires\16_10_2017\919997389137633280_0.jpg,severe_damage,Severe,1.0
C:\Users\user\Downloads\CrisisMMD_v2.0\CrisisMMD_v2.0\data_image\california_wildfires\16_10_2017\920005307148804096_0.jpg,severe_damage,Severe,0.3469
C:\Users\user\Downloads\CrisisMMD_v2.0\CrisisMMD_v2.0\data_image\california_wildfires\16_10_2017\920005307148804096_1.jpg,severe_damage,Severe,1.0
C:\Users\user\Downloads\CrisisMMD_v2.0\CrisisMMD_v2.0\data_image\california_wildfires\16_10_2017\920009093376491521_0.jpg,severe_damage,Severe,1.0
C:\Users\user\Downloads\CrisisMMD_v2.0\CrisisMMD_v2.0\data_image\california_wildfires\16_10_2017\920013054074535936_0.jpg,severe_damage,Severe,1.0
C:\Users\user\Downloads\CrisisMMD_v2.0\CrisisMMD_v2.0\data_image\california_wildfires\16_10_2017\920013231862833152_0.jpg,mild_damage,Moderate,0.6577
C:\Users\user\Downloads\CrisisMMD_v2.0\CrisisMMD_v2.0\data_image\california_wildfires\16_10_2017\920016499473047552_0.jpg,mild_damage,Moderate,0.3377
C:\Users\user\Downloads\CrisisMMD_v2.0\CrisisMMD_v2.0\data_image\california_wildfires\16_10_2017\920016499473047552_1.jpg,little_or_no_damage,Minor,1.0
C:\Users\user\Downloads\CrisisMMD_v2.0\CrisisMMD_v2.0\data_image\california_wildfires\16_10_2017\920022506211127296_0.jpg,severe_damage,Severe,1.0
C:\Users\user\Downloads\CrisisMMD_v2.0\CrisisMMD_v2.0\data_image\california_wildfires\16_10_2017\920034150735798272_0.jpg,severe_damage,Severe,0.6749
C:\Users\user\Downloads\CrisisMMD_v2.0\CrisisMMD_v2.0\data_image\california_wildfires\16_10_2017\920034434845360133_0.jpg,little_or_no_damage,Minor,0.589
C:\Users\user\Downloads\CrisisMMD_v2.0\CrisisMMD_v2.0\data_image\california_wildfires\16_10_2017\920035964608581632_0.jpg,severe_damage,Severe,1.0
C:\Users\user\Downloads\CrisisMMD_v2.0\CrisisMMD_v2.0\data_image\california_wildfires\16_10_2017\920042438181269504_0.jpg,severe_damage,Severe,0.6374
C:\Users\user\Downloads\CrisisMMD_v2.0\CrisisMMD_v2.0\data_image\california_wildfires\16_10_2017\920045440594268160_0.jpg,severe_damage,Severe,1.0
C:\Users\user\Downloads\CrisisMMD_v2.0\CrisisMMD_v2.0\data_image\california_wildfires\16_10_2017\920048735400456193_0.jpg,severe_damage,Severe,1.0
C:\Users\user\Downloads\CrisisMMD_v2.0\CrisisMMD_v2.0\data_image\california_wildfires\16_10_2017\920049674462969862_0.jpg,severe_damage,Severe,0.6374
C:\Users\user\Downloads\CrisisMMD_v2.0\CrisisMMD_v2.0\data_image\california_wildfires\16_10_2017\920057873412923392_0.jpg,severe_damage,Severe,0.745
C:\Users\user\Downloads\CrisisMMD_v2.0\CrisisMMD_v2.0\data_image\california_wildfires\16_10_2017\920069864487710721_0.jpg,severe_damage,Severe,0.4139
C:\Users\user\Downloads\CrisisMMD_v2.0\CrisisMMD_v2.0\data_image\california_wildfires\17_10_2017\920077621903237120_0.jpg,severe_damage,Severe,1.0
C:\Users\user\Downloads\CrisisMMD_v2.0\CrisisMMD_v2.0\data_image\california_wildfires\17_10_2017\920084522317774849_0.jpg,severe_damage,Severe,1.0
C:\Users\user\Downloads\CrisisMMD_v2.0\CrisisMMD_v2.0\data_image\california_wildfires\17_10_2017\920097325996847106_0.jpg,severe_damage,Severe,1.0
C:\Users\user\Downloads\CrisisMMD_v2.0\CrisisMMD_v2.0\data_image\california_wildfires\17_10_2017\920104483400617985_0.jpg,severe_damage,Severe,0.6581
C:\Users\user\Downloads\CrisisMMD_v2.0\CrisisMMD_v2.0\data_image\california_wildfires\17_10_2017\920104629094010880_0.jpg,severe_damage,Severe,0.411
C:\Users\user\Downloads\CrisisMMD_v2.0\CrisisMMD_v2.0\data_image\california_wildfires\17_10_2017\920110234433146880_0.jpg,mild_damage,Moderate,0.6713
C:\Users\user\Downloads\CrisisMMD_v2.0\CrisisMMD_v2.0\data_image\california_wildfires\17_10_2017\920116683779346432_0.jpg,severe_damage,Severe,1.0
C:\Users\user\Downloads\CrisisMMD_v2.0\CrisisMMD_v2.0\data_image\california_wildfires\17_10_2017\920131252602142720_0.jpg,severe_damage,Severe,1.0
C:\Users\user\Downloads\CrisisMMD_v2.0\CrisisMMD_v2.0\data_image\california_wildfires\17_10_2017\920148140950413313_0.jpg,severe_damage,Severe,1.0
C:\Users\user\Downloads\CrisisMMD_v2.0\CrisisMMD_v2.0\data_image\california_wildfires\17_10_2017\920159942870470656_0.jpg,severe_damage,Severe,1.0
C:\Users\user\Downloads\CrisisMMD_v2.0\CrisisMMD_v2.0\data_image\california_wildfires\17_10_2017\920169674553278464_0.jpg,severe_damage,Severe,1.0
C:\Users\user\Downloads\CrisisMMD_v2.0\CrisisMMD_v2.0\data_image\california_wildfires\17_10_2017\920191636805771264_0.jpg,severe_damage,Severe,1.0
C:\Users\user\Downloads\CrisisMMD_v2.0\CrisisMMD_v2.0\data_image\california_wildfires\17_10_2017\920202029741383680_0.jpg,severe_damage,Severe,0.6813
C:\Users\user\Downloads\CrisisMMD_v2.0\CrisisMMD_v2.0\data_image\california_wildfires\17_10_2017\920202485926637568_0.jpg,little_or_no_damage,Minor,0.6461
C:\Users\user\Downloads\CrisisMMD_v2.0\CrisisMMD_v2.0\data_image\california_wildfires\17_10_2017\920219222130671616_0.jpg,severe_damage,Severe,1.0
C:\Users\user\Downloads\CrisisMMD_v2.0\CrisisMMD_v2.0\data_image\california_wildfires\17_10_2017\920224382672343041_0.jpg,severe_damage,Severe,1.0
C:\Users\user\Downloads\CrisisMMD_v2.0\CrisisMMD_v2.0\data_image\california_wildfires\17_10_2017\920228049408360448_0.jpg,severe_damage,Severe,1.0
C:\Users\user\Downloads\CrisisMMD_v2.0\CrisisMMD_v2.0\data_image\california_wildfires\17_10_2017\920229166410108928_0.jpg,severe_damage,Severe,1.0
C:\Users\user\Downloads\CrisisMMD_v2.0\CrisisMMD_v2.0\data_image\california_wildfires\17_10_2017\920236266335162368_0.jpg,severe_damage,Severe,1.0
C:\Users\user\Downloads\CrisisMMD_v2.0\CrisisMMD_v2.0\data_image\california_wildfires\17_10_2017\920269983938101254_0.jpg,severe_damage,Severe,1.0
C:\Users\user\Downloads\CrisisMMD_v2.0\CrisisMMD_v2.0\data_image\california_wildfires\17_10_2017\920273016243851264_0.jpg,severe_damage,Severe,0.4027
C:\Users\user\Downloads\CrisisMMD_v2.0\CrisisMMD_v2.0\data_image\california_wildfires\17_10_2017\920274579163176961_0.jpg,severe_damage,Severe,1.0
C:\Users\user\Downloads\CrisisMMD_v2.0\CrisisMMD_v2.0\data_image\california_wildfires\17_10_2017\920274678404472832_0.jpg,severe_damage,Severe,1.0
C:\Users\user\Downloads\CrisisMMD_v2.0\CrisisMMD_v2.0\data_image\california_wildfires\17_10_2017\920278093222129665_0.jpg,severe_damage,Severe,0.6969
C:\Users\user\Downloads\CrisisMMD_v2.0\CrisisMMD_v2.0\data_image\california_wildfires\17_10_2017\920281575748788224_2.jpg,severe_damage,Severe,1.0
C:\Users\user\Downloads\CrisisMMD_v2.0\CrisisMMD_v2.0\data_image\california_wildfires\17_10_2017\920297355689254912_0.jpg,severe_damage,Severe,0.3728
C:\Users\user\Downloads\CrisisMMD_v2.0\CrisisMMD_v2.0\data_image\california_wildfires\17_10_2017\920300958143385600_0.jpg,severe_damage,Severe,1.0
C:\Users\user\Downloads\CrisisMMD_v2.0\CrisisMMD_v2.0\data_image\california_wildfires\17_10_2017\920303079714471936_1.jpg,severe_damage,Severe,1.0
C:\Users\user\Downloads\CrisisMMD_v2.0\CrisisMMD_v2.0\data_image\california_wildfires\17_10_2017\920307211666116608_0.jpg,severe_damage,Severe,0.6704
C:\Users\user\Downloads\CrisisMMD_v2.0\CrisisMMD_v2.0\data_image\california_wildfires\17_10_2017\920310776283455489_0.jpg,severe_damage,Severe,1.0
C:\Users\user\Downloads\CrisisMMD_v2.0\CrisisMMD_v2.0\data_image\california_wildfires\17_10_2017\920312399839756288_0.jpg,severe_damage,Severe,1.0
C:\Users\user\Downloads\CrisisMMD_v2.0\CrisisMMD_v2.0\data_image\california_wildfires\17_10_2017\920319874336833536_0.jpg,severe_damage,Severe,1.0
C:\Users\user\Downloads\CrisisMMD_v2.0\CrisisMMD_v2.0\data_image\california_wildfires\17_10_2017\920340725266497536_0.jpg,severe_damage,Severe,0.6681
C:\Users\user\Downloads\CrisisMMD_v2.0\CrisisMMD_v2.0\data_image\california_wildfires\17_10_2017\920341121468911616_0.jpg,severe_damage,Severe,1.0
C:\Users\user\Downloads\CrisisMMD_v2.0\CrisisMMD_v2.0\data_image\california_wildfires\17_10_2017\920349606717792256_0.jpg,little_or_no_damage,Minor,0.3725
C:\Users\user\Downloads\CrisisMMD_v2.0\CrisisMMD_v2.0\data_image\california_wildfires\17_10_2017\920352983887564800_0.jpg,severe_damage,Severe,1.0
C:\Users\user\Downloads\CrisisMMD_v2.0\CrisisMMD_v2.0\data_image\california_wildfires\17_10_2017\920353785892999169_0.jpg,severe_damage,Severe,1.0
C:\Users\user\Downloads\CrisisMMD_v2.0\CrisisMMD_v2.0\data_image\california_wildfires\17_10_2017\920354122058125312_0.jpg,severe_damage,Severe,1.0
C:\Users\user\Downloads\CrisisMMD_v2.0\CrisisMMD_v2.0\data_image\california_wildfires\17_10_2017\920379194823053312_0.jpg,severe_damage,Severe,1.0
C:\Users\user\Downloads\CrisisMMD_v2.0\CrisisMMD_v2.0\data_image\california_wildfires\17_10_2017\920379677587390465_0.jpg,severe_damage,Severe,0.6391
C:\Users\user\Downloads\CrisisMMD_v2.0\CrisisMMD_v2.0\data_image\california_wildfires\17_10_2017\920380207625670656_0.jpg,severe_damage,Severe,0.7301
C:\Users\user\Downloads\CrisisMMD_v2.0\CrisisMMD_v2.0\data_image\california_wildfires\17_10_2017\920380682290937856_0.jpg,severe_damage,Severe,0.665
C:\Users\user\Downloads\CrisisMMD_v2.0\CrisisMMD_v2.0\data_image\california_wildfires\17_10_2017\920382328618278912_0.jpg,severe_damage,Severe,0.6554
C:\Users\user\Downloads\CrisisMMD_v2.0\CrisisMMD_v2.0\data_image\california_wildfires\17_10_2017\920393538646441985_0.jpg,severe_damage,Severe,1.0
C:\Users\user\Downloads\CrisisMMD_v2.0\CrisisMMD_v2.0\data_image\california_wildfires\17_10_2017\920405185226145793_0.jpg,severe_damage,Severe,1.0
C:\Users\user\Downloads\CrisisMMD_v2.0\CrisisMMD_v2.0\data_image\california_wildfires\17_10_2017\920407758603735040_0.jpg,severe_damage,Severe,1.0
C:\Users\user\Downloads\CrisisMMD_v2.0\CrisisMMD_v2.0\data_image\california_wildfires\17_10_2017\920411239574130688_0.jpg,severe_damage,Severe,1.0
C:\Users\user\Downloads\CrisisMMD_v2.0\CrisisMMD_v2.0\data_image\california_wildfires\17_10_2017\920414758385328128_0.jpg,severe_damage,Severe,1.0
C:\Users\user\Downloads\CrisisMMD_v2.0\CrisisMMD_v2.0\data_image\california_wildfires\17_10_2017\920421696527413248_0.jpg,mild_damage,Moderate,0.3697
C:\Users\user\Downloads\CrisisMMD_v2.0\CrisisMMD_v2.0\data_image\california_wildfires\17_10_2017\920430848398069760_0.jpg,severe_damage,Severe,0.6893
C:\Users\user\Downloads\CrisisMMD_v2.0\CrisisMMD_v2.0\data_image\california_wildfires\18_10_2017\920486171985166336_0.jpg,severe_damage,Severe,1.0
C:\Users\user\Downloads\CrisisMMD_v2.0\CrisisMMD_v2.0\data_image\california_wildfires\18_10_2017\920495926191386624_0.jpg,severe_damage,Severe,0.6789
C:\Users\user\Downloads\CrisisMMD_v2.0\CrisisMMD_v2.0\data_image\california_wildfires\18_10_2017\920500722063601666_0.jpg,severe_damage,Severe,0.662
C:\Users\user\Downloads\CrisisMMD_v2.0\CrisisMMD_v2.0\data_image\california_wildfires\18_10_2017\920528819626434561_0.jpg,severe_damage,Severe,1.0
C:\Users\user\Downloads\CrisisMMD_v2.0\CrisisMMD_v2.0\data_image\california_wildfires\18_10_2017\920533661170016256_1.jpg,severe_damage,Severe,0.6853
C:\Users\user\Downloads\CrisisMMD_v2.0\CrisisMMD_v2.0\data_image\california_wildfires\18_10_2017\920535960772857856_0.jpg,severe_damage,Severe,1.0
C:\Users\user\Downloads\CrisisMMD_v2.0\CrisisMMD_v2.0\data_image\california_wildfires\18_10_2017\920550861343948800_0.jpg,mild_damage,Moderate,0.7185
C:\Users\user\Downloads\CrisisMMD_v2.0\CrisisMMD_v2.0\data_image\california_wildfires\18_10_2017\920553611045801985_0.jpg,mild_damage,Moderate,0.3547
C:\Users\user\Downloads\CrisisMMD_v2.0\CrisisMMD_v2.0\data_image\california_wildfires\18_10_2017\920569455759056896_0.jpg,mild_damage,Moderate,0.6017
C:\Users\user\Downloads\CrisisMMD_v2.0\CrisisMMD_v2.0\data_image\california_wildfires\18_10_2017\920571592131915777_0.jpg,severe_damage,Severe,0.3626
C:\Users\user\Downloads\CrisisMMD_v2.0\CrisisMMD_v2.0\data_image\california_wildfires\18_10_2017\920635671353667586_0.jpg,severe_damage,Severe,1.0
C:\Users\user\Downloads\CrisisMMD_v2.0\CrisisMMD_v2.0\data_image\california_wildfires\18_10_2017\920643131837739008_0.jpg,severe_damage,Severe,0.3649
C:\Users\user\Downloads\CrisisMMD_v2.0\CrisisMMD_v2.0\data_image\california_wildfires\18_10_2017\920661807936823297_0.jpg,severe_damage,Severe,1.0
C:\Users\user\Downloads\CrisisMMD_v2.0\CrisisMMD_v2.0\data_image\california_wildfires\18_10_2017\920662274183913472_0.jpg,severe_damage,Severe,0.6549
C:\Users\user\Downloads\CrisisMMD_v2.0\CrisisMMD_v2.0\data_image\california_wildfires\18_10_2017\920667555941011457_0.jpg,severe_damage,Severe,1.0
C:\Users\user\Downloads\CrisisMMD_v2.0\CrisisMMD_v2.0\data_image\california_wildfires\18_10_2017\920668163171340288_0.jpg,severe_damage,Severe,1.0
C:\Users\user\Downloads\CrisisMMD_v2.0\CrisisMMD_v2.0\data_image\california_wildfires\18_10_2017\920670466121125890_0.jpg,severe_damage,Severe,0.745
C:\Users\user\Downloads\CrisisMMD_v2.0\CrisisMMD_v2.0\data_image\california_wildfires\18_10_2017\920678353652322304_0.jpg,severe_damage,Severe,1.0
C:\Users\user\Downloads\CrisisMMD_v2.0\CrisisMMD_v2.0\data_image\california_wildfires\18_10_2017\920684183105794048_0.jpg,mild_damage,Moderate,0.4144
C:\Users\user\Downloads\CrisisMMD_v2.0\CrisisMMD_v2.0\data_image\california_wildfires\18_10_2017\920689906137124864_0.jpg,severe_damage,Severe,0.3506
C:\Users\user\Downloads\CrisisMMD_v2.0\CrisisMMD_v2.0\data_image\california_wildfires\18_10_2017\920693689332195328_0.jpg,severe_damage,Severe,1.0
C:\Users\user\Downloads\CrisisMMD_v2.0\CrisisMMD_v2.0\data_image\california_wildfires\18_10_2017\920702272996245507_0.jpg,severe_damage,Severe,1.0
C:\Users\user\Downloads\CrisisMMD_v2.0\CrisisMMD_v2.0\data_image\california_wildfires\18_10_2017\920703535141994496_0.jpg,severe_damage,Severe,1.0
C:\Users\user\Downloads\CrisisMMD_v2.0\CrisisMMD_v2.0\data_image\california_wildfires\18_10_2017\920705565575151616_0.jpg,severe_damage,Severe,1.0
C:\Users\user\Downloads\CrisisMMD_v2.0\CrisisMMD_v2.0\data_image\california_wildfires\18_10_2017\920706580311625728_0.jpg,severe_damage,Severe,0.6647
C:\Users\user\Downloads\CrisisMMD_v2.0\CrisisMMD_v2.0\data_image\california_wildfires\18_10_2017\920720742370742272_0.jpg,severe_damage,Severe,1.0
C:\Users\user\Downloads\CrisisMMD_v2.0\CrisisMMD_v2.0\data_image\california_wildfires\18_10_2017\920730999088017408_0.jpg,severe_damage,Severe,1.0
C:\Users\user\Downloads\CrisisMMD_v2.0\CrisisMMD_v2.0\data_image\california_wildfires\18_10_2017\920753988068356096_0.jpg,severe_damage,Severe,1.0
C:\Users\user\Downloads\CrisisMMD_v2.0\CrisisMMD_v2.0\data_image\california_wildfires\18_10_2017\920774765064810496_0.jpg,severe_damage,Severe,0.6807
C:\Users\user\Downloads\CrisisMMD_v2.0\CrisisMMD_v2.0\data_image\california_wildfires\19_10_2017\920804730351128576_0.jpg,severe_damage,Severe,1.0
C:\Users\user\Downloads\CrisisMMD_v2.0\CrisisMMD_v2.0\data_image\california_wildfires\19_10_2017\920812006202138624_0.jpg,severe_damage,Severe,1.0
C:\Users\user\Downloads\CrisisMMD_v2.0\CrisisMMD_v2.0\data_image\california_wildfires\19_10_2017\920814977165950981_0.jpg,severe_damage,Severe,1.0
C:\Users\user\Downloads\CrisisMMD_v2.0\CrisisMMD_v2.0\data_image\california_wildfires\19_10_2017\920817057486254080_0.jpg,severe_damage,Severe,0.4144
C:\Users\user\Downloads\CrisisMMD_v2.0\CrisisMMD_v2.0\data_image\california_wildfires\19_10_2017\920831780629782528_2.jpg,mild_damage,Moderate,0.4144
C:\Users\user\Downloads\CrisisMMD_v2.0\CrisisMMD_v2.0\data_image\california_wildfires\19_10_2017\920838173370077192_0.jpg,severe_damage,Severe,1.0
C:\Users\user\Downloads\CrisisMMD_v2.0\CrisisMMD_v2.0\data_image\california_wildfires\19_10_2017\920842464268754945_0.jpg,severe_damage,Severe,1.0
C:\Users\user\Downloads\CrisisMMD_v2.0\CrisisMMD_v2.0\data_image\california_wildfires\19_10_2017\920844048881147906_0.jpg,severe_damage,Severe,1.0
C:\Users\user\Downloads\CrisisMMD_v2.0\CrisisMMD_v2.0\data_image\california_wildfires\19_10_2017\920853531942297602_0.jpg,severe_damage,Severe,0.6681
C:\Users\user\Downloads\CrisisMMD_v2.0\CrisisMMD_v2.0\data_image\california_wildfires\19_10_2017\920859460725280770_0.jpg,mild_damage,Moderate,0.6774
C:\Users\user\Downloads\CrisisMMD_v2.0\CrisisMMD_v2.0\data_image\california_wildfires\19_10_2017\920875681055113216_0.jpg,severe_damage,Severe,0.6579
C:\Users\user\Downloads\CrisisMMD_v2.0\CrisisMMD_v2.0\data_image\california_wildfires\19_10_2017\920916661519007745_0.jpg,mild_damage,Moderate,1.0
C:\Users\user\Downloads\CrisisMMD_v2.0\CrisisMMD_v2.0\data_image\california_wildfires\19_10_2017\920916661519007745_3.jpg,severe_damage,Severe,1.0
C:\Users\user\Downloads\CrisisMMD_v2.0\CrisisMMD_v2.0\data_image\california_wildfires\19_10_2017\920923760596676608_0.jpg,severe_damage,Severe,0.6854
C:\Users\user\Downloads\CrisisMMD_v2.0\CrisisMMD_v2.0\data_image\california_wildfires\19_10_2017\920931333848883201_0.jpg,severe_damage,Severe,1.0
C:\Users\user\Downloads\CrisisMMD_v2.0\CrisisMMD_v2.0\data_image\california_wildfires\19_10_2017\920970081479286785_0.jpg,severe_damage,Severe,1.0
C:\Users\user\Downloads\CrisisMMD_v2.0\CrisisMMD_v2.0\data_image\california_wildfires\19_10_2017\920989205970522112_0.jpg,severe_damage,Severe,1.0
C:\Users\user\Downloads\CrisisMMD_v2.0\CrisisMMD_v2.0\data_image\california_wildfires\19_10_2017\921006774953676801_0.jpg,severe_damage,Severe,1.0
C:\Users\user\Downloads\CrisisMMD_v2.0\CrisisMMD_v2.0\data_image\california_wildfires\19_10_2017\921018323403526144_0.jpg,severe_damage,Severe,1.0
C:\Users\user\Downloads\CrisisMMD_v2.0\CrisisMMD_v2.0\data_image\california_wildfires\19_10_2017\921020713619853312_0.jpg,severe_damage,Severe,1.0
C:\Users\user\Downloads\CrisisMMD_v2.0\CrisisMMD_v2.0\data_image\california_wildfires\19_10_2017\921031162906267648_0.jpg,severe_damage,Severe,0.3878
C:\Users\user\Downloads\CrisisMMD_v2.0\CrisisMMD_v2.0\data_image\california_wildfires\19_10_2017\921035789684871168_0.jpg,severe_damage,Severe,0.7297
C:\Users\user\Downloads\CrisisMMD_v2.0\CrisisMMD_v2.0\data_image\california_wildfires\19_10_2017\921051431368515584_0.png,severe_damage,Severe,0.3357
C:\Users\user\Downloads\CrisisMMD_v2.0\CrisisMMD_v2.0\data_image\california_wildfires\19_10_2017\921080121536151552_0.jpg,severe_damage,Severe,1.0
C:\Users\user\Downloads\CrisisMMD_v2.0\CrisisMMD_v2.0\data_image\california_wildfires\19_10_2017\921089830074929153_0.jpg,mild_damage,Moderate,0.6544
C:\Users\user\Downloads\CrisisMMD_v2.0\CrisisMMD_v2.0\data_image\california_wildfires\19_10_2017\921092798371131393_0.jpg,severe_damage,Severe,0.4144
C:\Users\user\Downloads\CrisisMMD_v2.0\CrisisMMD_v2.0\data_image\california_wildfires\19_10_2017\921095476455321600_2.jpg,severe_damage,Severe,1.0
C:\Users\user\Downloads\CrisisMMD_v2.0\CrisisMMD_v2.0\data_image\california_wildfires\19_10_2017\921100793515839494_0.jpg,severe_damage,Severe,0.6494
C:\Users\user\Downloads\CrisisMMD_v2.0\CrisisMMD_v2.0\data_image\california_wildfires\19_10_2017\921101661745098756_0.jpg,severe_damage,Severe,1.0
C:\Users\user\Downloads\CrisisMMD_v2.0\CrisisMMD_v2.0\data_image\california_wildfires\19_10_2017\921107449502994433_0.jpg,severe_damage,Severe,1.0
C:\Users\user\Downloads\CrisisMMD_v2.0\CrisisMMD_v2.0\data_image\california_wildfires\19_10_2017\921116100527521792_0.jpg,severe_damage,Severe,1.0
C:\Users\user\Downloads\CrisisMMD_v2.0\CrisisMMD_v2.0\data_image\california_wildfires\19_10_2017\921147906849112069_0.jpg,severe_damage,Severe,1.0
C:\Users\user\Downloads\CrisisMMD_v2.0\CrisisMMD_v2.0\data_image\california_wildfires\19_10_2017\921159449708060672_0.jpg,mild_damage,Moderate,0.6549
C:\Users\user\Downloads\CrisisMMD_v2.0\CrisisMMD_v2.0\data_image\california_wildfires\20_10_2017\921164213413974017_0.jpg,severe_damage,Severe,0.6969
C:\Users\user\Downloads\CrisisMMD_v2.0\CrisisMMD_v2.0\data_image\california_wildfires\20_10_2017\921176414446960640_0.jpg,mild_damage,Moderate,0.3547
C:\Users\user\Downloads\CrisisMMD_v2.0\CrisisMMD_v2.0\data_image\california_wildfires\20_10_2017\921176426245537792_0.jpg,severe_damage,Severe,0.6974
C:\Users\user\Downloads\CrisisMMD_v2.0\CrisisMMD_v2.0\data_image\california_wildfires\20_10_2017\921178221084897281_0.jpg,severe_damage,Severe,1.0
C:\Users\user\Downloads\CrisisMMD_v2.0\CrisisMMD_v2.0\data_image\california_wildfires\20_10_2017\921193817251962880_0.jpg,severe_damage,Severe,1.0
C:\Users\user\Downloads\CrisisMMD_v2.0\CrisisMMD_v2.0\data_image\california_wildfires\20_10_2017\921195694291025920_0.jpg,severe_damage,Severe,0.6853
C:\Users\user\Downloads\CrisisMMD_v2.0\CrisisMMD_v2.0\data_image\california_wildfires\20_10_2017\921225477896921088_0.jpg,severe_damage,Severe,0.3381
C:\Users\user\Downloads\CrisisMMD_v2.0\CrisisMMD_v2.0\data_image\california_wildfires\20_10_2017\921372419503415296_0.jpg,severe_damage,Severe,0.7301
C:\Users\user\Downloads\CrisisMMD_v2.0\CrisisMMD_v2.0\data_image\california_wildfires\20_10_2017\921374160110178304_0.jpg,severe_damage,Severe,1.0
C:\Users\user\Downloads\CrisisMMD_v2.0\CrisisMMD_v2.0\data_image\california_wildfires\20_10_2017\921396519386927105_0.jpg,severe_damage,Severe,1.0
C:\Users\user\Downloads\CrisisMMD_v2.0\CrisisMMD_v2.0\data_image\california_wildfires\20_10_2017\921400725661462529_0.jpg,severe_damage,Severe,1.0
C:\Users\user\Downloads\CrisisMMD_v2.0\CrisisMMD_v2.0\data_image\california_wildfires\20_10_2017\921425360373329920_0.jpg,mild_damage,Moderate,0.7122
C:\Users\user\Downloads\CrisisMMD_v2.0\CrisisMMD_v2.0\data_image\california_wildfires\20_10_2017\921438122021412866_0.jpg,mild_damage,Moderate,0.6362
C:\Users\user\Downloads\CrisisMMD_v2.0\CrisisMMD_v2.0\data_image\california_wildfires\20_10_2017\921442451356835845_0.jpg,severe_damage,Severe,0.6643
C:\Users\user\Downloads\CrisisMMD_v2.0\CrisisMMD_v2.0\data_image\california_wildfires\20_10_2017\921452372861313025_0.jpg,mild_damage,Moderate,0.3667
C:\Users\user\Downloads\CrisisMMD_v2.0\CrisisMMD_v2.0\data_image\california_wildfires\20_10_2017\921459303453569024_0.jpg,severe_damage,Severe,0.6374
C:\Users\user\Downloads\CrisisMMD_v2.0\CrisisMMD_v2.0\data_image\california_wildfires\20_10_2017\921482506922323969_0.jpg,severe_damage,Severe,0.3621
C:\Users\user\Downloads\CrisisMMD_v2.0\CrisisMMD_v2.0\data_image\california_wildfires\20_10_2017\921483682757664775_0.jpg,severe_damage,Severe,1.0
C:\Users\user\Downloads\CrisisMMD_v2.0\CrisisMMD_v2.0\data_image\california_wildfires\20_10_2017\921485785517494272_0.jpg,severe_damage,Severe,0.6564
C:\Users\user\Downloads\CrisisMMD_v2.0\CrisisMMD_v2.0\data_image\california_wildfires\20_10_2017\921489689223319553_0.jpg,severe_damage,Severe,1.0
C:\Users\user\Downloads\CrisisMMD_v2.0\CrisisMMD_v2.0\data_image\california_wildfires\21_10_2017\921528721563095041_0.jpg,mild_damage,Moderate,0.663
C:\Users\user\Downloads\CrisisMMD_v2.0\CrisisMMD_v2.0\data_image\california_wildfires\21_10_2017\921558135675981825_0.jpg,severe_damage,Severe,0.6275
C:\Users\user\Downloads\CrisisMMD_v2.0\CrisisMMD_v2.0\data_image\california_wildfires\21_10_2017\921558508209934336_0.jpg,severe_damage,Severe,1.0
C:\Users\user\Downloads\CrisisMMD_v2.0\CrisisMMD_v2.0\data_image\california_wildfires\21_10_2017\921571773501640709_0.jpg,little_or_no_damage,Minor,0.7072
C:\Users\user\Downloads\CrisisMMD_v2.0\CrisisMMD_v2.0\data_image\california_wildfires\21_10_2017\921580829519650816_0.jpg,severe_damage,Severe,0.6769
C:\Users\user\Downloads\CrisisMMD_v2.0\CrisisMMD_v2.0\data_image\california_wildfires\21_10_2017\921583344680185856_0.jpg,severe_damage,Severe,0.6824
C:\Users\user\Downloads\CrisisMMD_v2.0\CrisisMMD_v2.0\data_image\california_wildfires\21_10_2017\921612777751539712_0.jpg,severe_damage,Severe,1.0
C:\Users\user\Downloads\CrisisMMD_v2.0\CrisisMMD_v2.0\data_image\california_wildfires\21_10_2017\921617294945525760_0.jpg,severe_damage,Severe,1.0
C:\Users\user\Downloads\CrisisMMD_v2.0\CrisisMMD_v2.0\data_image\california_wildfires\21_10_2017\921623155835224064_0.jpg,severe_damage,Severe,0.693
C:\Users\user\Downloads\CrisisMMD_v2.0\CrisisMMD_v2.0\data_image\california_wildfires\21_10_2017\921623155835224064_1.jpg,severe_damage,Severe,1.0
C:\Users\user\Downloads\CrisisMMD_v2.0\CrisisMMD_v2.0\data_image\california_wildfires\21_10_2017\921692663195111424_0.jpg,severe_damage,Severe,1.0
C:\Users\user\Downloads\CrisisMMD_v2.0\CrisisMMD_v2.0\data_image\california_wildfires\21_10_2017\921717990420123648_0.jpg,severe_damage,Severe,0.6763
C:\Users\user\Downloads\CrisisMMD_v2.0\CrisisMMD_v2.0\data_image\california_wildfires\21_10_2017\921736430963101696_0.jpg,severe_damage,Severe,1.0
C:\Users\user\Downloads\CrisisMMD_v2.0\CrisisMMD_v2.0\data_image\california_wildfires\21_10_2017\921767804860235776_0.jpg,severe_damage,Severe,0.7067
C:\Users\user\Downloads\CrisisMMD_v2.0\CrisisMMD_v2.0\data_image\california_wildfires\21_10_2017\921776412079673347_0.jpg,severe_damage,Severe,0.7067
C:\Users\user\Downloads\CrisisMMD_v2.0\CrisisMMD_v2.0\data_image\california_wildfires\21_10_2017\921777179184320512_0.jpg,severe_damage,Severe,0.6689
C:\Users\user\Downloads\CrisisMMD_v2.0\CrisisMMD_v2.0\data_image\california_wildfires\22_10_2017\921895226905477120_1.jpg,severe_damage,Severe,1.0
C:\Users\user\Downloads\CrisisMMD_v2.0\CrisisMMD_v2.0\data_image\california_wildfires\22_10_2017\921962439553568769_0.jpg,severe_damage,Severe,1.0
C:\Users\user\Downloads\CrisisMMD_v2.0\CrisisMMD_v2.0\data_image\california_wildfires\22_10_2017\921975972085280769_0.jpg,mild_damage,Moderate,0.6715
C:\Users\user\Downloads\CrisisMMD_v2.0\CrisisMMD_v2.0\data_image\california_wildfires\22_10_2017\922018534863011840_0.jpg,mild_damage,Moderate,0.6865
C:\Users\user\Downloads\CrisisMMD_v2.0\CrisisMMD_v2.0\data_image\california_wildfires\22_10_2017\922107307290447873_0.jpg,severe_damage,Severe,1.0
C:\Users\user\Downloads\CrisisMMD_v2.0\CrisisMMD_v2.0\data_image\california_wildfires\22_10_2017\922144749632479232_0.jpg,severe_damage,Severe,1.0
C:\Users\user\Downloads\CrisisMMD_v2.0\CrisisMMD_v2.0\data_image\california_wildfires\22_10_2017\922161026912669698_0.jpg,mild_damage,Moderate,0.675
C:\Users\user\Downloads\CrisisMMD_v2.0\CrisisMMD_v2.0\data_image\california_wildfires\22_10_2017\922183354367307776_0.jpg,severe_damage,Severe,1.0
C:\Users\user\Downloads\CrisisMMD_v2.0\CrisisMMD_v2.0\data_image\california_wildfires\22_10_2017\922184601069608961_0.jpg,mild_damage,Moderate,0.6837
C:\Users\user\Downloads\CrisisMMD_v2.0\CrisisMMD_v2.0\data_image\california_wildfires\22_10_2017\922188553068703744_0.jpg,severe_damage,Severe,0.663
C:\Users\user\Downloads\CrisisMMD_v2.0\CrisisMMD_v2.0\data_image\california_wildfires\22_10_2017\922217954644824064_0.png,severe_damage,Severe,0.6516
C:\Users\user\Downloads\CrisisMMD_v2.0\CrisisMMD_v2.0\data_image\california_wildfires\23_10_2017\922260115079692288_0.jpg,severe_damage,Severe,0.3813
C:\Users\user\Downloads\CrisisMMD_v2.0\CrisisMMD_v2.0\data_image\california_wildfires\23_10_2017\922425403746242561_0.jpg,severe_damage,Severe,1.0
C:\Users\user\Downloads\CrisisMMD_v2.0\CrisisMMD_v2.0\data_image\california_wildfires\23_10_2017\922453513409613826_0.jpg,severe_damage,Severe,1.0
C:\Users\user\Downloads\CrisisMMD_v2.0\CrisisMMD_v2.0\data_image\california_wildfires\23_10_2017\922468220388429824_0.jpg,mild_damage,Moderate,0.6486
C:\Users\user\Downloads\CrisisMMD_v2.0\CrisisMMD_v2.0\data_image\california_wildfires\23_10_2017\922482849546211328_0.jpg,severe_damage,Severe,0.7297
C:\Users\user\Downloads\CrisisMMD_v2.0\CrisisMMD_v2.0\data_image\california_wildfires\23_10_2017\922546984728145920_0.jpg,severe_damage,Severe,1.0
C:\Users\user\Downloads\CrisisMMD_v2.0\CrisisMMD_v2.0\data_image\california_wildfires\23_10_2017\922549392397103110_0.jpg,severe_damage,Severe,0.7458
C:\Users\user\Downloads\CrisisMMD_v2.0\CrisisMMD_v2.0\data_image\california_wildfires\23_10_2017\922558661469331456_0.jpg,mild_damage,Moderate,0.6837
C:\Users\user\Downloads\CrisisMMD_v2.0\CrisisMMD_v2.0\data_image\california_wildfires\23_10_2017\922559509696000001_0.jpg,severe_damage,Severe,1.0
C:\Users\user\Downloads\CrisisMMD_v2.0\CrisisMMD_v2.0\data_image\california_wildfires\23_10_2017\922568378367086593_0.jpg,severe_damage,Severe,1.0
C:\Users\user\Downloads\CrisisMMD_v2.0\CrisisMMD_v2.0\data_image\california_wildfires\23_10_2017\922569327034769408_0.jpg,severe_damage,Severe,1.0
C:\Users\user\Downloads\CrisisMMD_v2.0\CrisisMMD_v2.0\data_image\california_wildfires\23_10_2017\922569327034769408_1.jpg,severe_damage,Severe,1.0
C:\Users\user\Downloads\CrisisMMD_v2.0\CrisisMMD_v2.0\data_image\california_wildfires\23_10_2017\922569327034769408_2.jpg,severe_damage,Severe,0.68
C:\Users\user\Downloads\CrisisMMD_v2.0\CrisisMMD_v2.0\data_image\california_wildfires\24_10_2017\922617747141480448_0.jpg,severe_damage,Severe,1.0
C:\Users\user\Downloads\CrisisMMD_v2.0\CrisisMMD_v2.0\data_image\california_wildfires\24_10_2017\922632288638205952_0.jpg,severe_damage,Severe,0.7297
C:\Users\user\Downloads\CrisisMMD_v2.0\CrisisMMD_v2.0\data_image\california_wildfires\24_10_2017\922633023845052416_0.jpg,severe_damage,Severe,1.0
C:\Users\user\Downloads\CrisisMMD_v2.0\CrisisMMD_v2.0\data_image\california_wildfires\24_10_2017\922664720556888065_0.jpg,severe_damage,Severe,1.0
C:\Users\user\Downloads\CrisisMMD_v2.0\CrisisMMD_v2.0\data_image\california_wildfires\24_10_2017\922734446276640768_1.jpg,severe_damage,Severe,0.6798
C:\Users\user\Downloads\CrisisMMD_v2.0\CrisisMMD_v2.0\data_image\california_wildfires\24_10_2017\922740491187380224_0.jpg,severe_damage,Severe,1.0
C:\Users\user\Downloads\CrisisMMD_v2.0\CrisisMMD_v2.0\data_image\california_wildfires\24_10_2017\922754789699497985_0.jpg,severe_damage,Severe,1.0
C:\Users\user\Downloads\CrisisMMD_v2.0\CrisisMMD_v2.0\data_image\california_wildfires\24_10_2017\922785728928665600_1.jpg,severe_damage,Severe,1.0
C:\Users\user\Downloads\CrisisMMD_v2.0\CrisisMMD_v2.0\data_image\california_wildfires\24_10_2017\922785728928665600_2.jpg,severe_damage,Severe,0.6853
C:\Users\user\Downloads\CrisisMMD_v2.0\CrisisMMD_v2.0\data_image\california_wildfires\24_10_2017\922825575181496320_0.jpg,severe_damage,Severe,1.0
C:\Users\user\Downloads\CrisisMMD_v2.0\CrisisMMD_v2.0\data_image\california_wildfires\24_10_2017\922830395548172288_0.jpg,severe_damage,Severe,0.745
C:\Users\user\Downloads\CrisisMMD_v2.0\CrisisMMD_v2.0\data_image\california_wildfires\24_10_2017\922889441017987072_0.jpg,severe_damage,Severe,0.6677
C:\Users\user\Downloads\CrisisMMD_v2.0\CrisisMMD_v2.0\data_image\california_wildfires\24_10_2017\922925671025741824_0.jpg,severe_damage,Severe,1.0
C:\Users\user\Downloads\CrisisMMD_v2.0\CrisisMMD_v2.0\data_image\california_wildfires\24_10_2017\922948121939927040_2.jpg,severe_damage,Severe,1.0
C:\Users\user\Downloads\CrisisMMD_v2.0\CrisisMMD_v2.0\data_image\california_wildfires\25_10_2017\922987937003921413_0.jpg,severe_damage,Severe,0.6667
C:\Users\user\Downloads\CrisisMMD_v2.0\CrisisMMD_v2.0\data_image\california_wildfires\25_10_2017\923141184331100160_0.jpg,severe_damage,Severe,0.6885
C:\Users\user\Downloads\CrisisMMD_v2.0\CrisisMMD_v2.0\data_image\california_wildfires\25_10_2017\923151215231426560_0.jpg,severe_damage,Severe,0.6647
C:\Users\user\Downloads\CrisisMMD_v2.0\CrisisMMD_v2.0\data_image\california_wildfires\25_10_2017\923197664837160962_0.jpg,severe_damage,Severe,1.0
C:\Users\user\Downloads\CrisisMMD_v2.0\CrisisMMD_v2.0\data_image\california_wildfires\25_10_2017\923223918479073280_0.jpg,severe_damage,Severe,1.0
C:\Users\user\Downloads\CrisisMMD_v2.0\CrisisMMD_v2.0\data_image\california_wildfires\25_10_2017\923263948518055936_0.jpg,severe_damage,Severe,0.6991
C:\Users\user\Downloads\CrisisMMD_v2.0\CrisisMMD_v2.0\data_image\california_wildfires\25_10_2017\923293830425731072_0.jpg,severe_damage,Severe,1.0
C:\Users\user\Downloads\CrisisMMD_v2.0\CrisisMMD_v2.0\data_image\california_wildfires\25_10_2017\923334254318190593_0.jpg,severe_damage,Severe,1.0
C:\Users\user\Downloads\CrisisMMD_v2.0\CrisisMMD_v2.0\data_image\california_wildfires\26_10_2017\923342705303924736_0.jpg,severe_damage,Severe,0.4139
C:\Users\user\Downloads\CrisisMMD_v2.0\CrisisMMD_v2.0\data_image\california_wildfires\26_10_2017\923343614117384197_0.jpg,severe_damage,Severe,0.411
C:\Users\user\Downloads\CrisisMMD_v2.0\CrisisMMD_v2.0\data_image\california_wildfires\26_10_2017\923407022183321600_0.jpg,severe_damage,Severe,0.663
C:\Users\user\Downloads\CrisisMMD_v2.0\CrisisMMD_v2.0\data_image\california_wildfires\26_10_2017\923413762018824192_0.jpg,severe_damage,Severe,1.0
C:\Users\user\Downloads\CrisisMMD_v2.0\CrisisMMD_v2.0\data_image\california_wildfires\26_10_2017\923449309458255874_0.jpg,severe_damage,Severe,0.7214
C:\Users\user\Downloads\CrisisMMD_v2.0\CrisisMMD_v2.0\data_image\california_wildfires\26_10_2017\923464198738382848_0.jpg,severe_damage,Severe,1.0
C:\Users\user\Downloads\CrisisMMD_v2.0\CrisisMMD_v2.0\data_image\california_wildfires\26_10_2017\923498020209078273_0.jpg,severe_damage,Severe,0.6516
C:\Users\user\Downloads\CrisisMMD_v2.0\CrisisMMD_v2.0\data_image\california_wildfires\26_10_2017\923504330648510464_0.jpg,severe_damage,Severe,0.7123
C:\Users\user\Downloads\CrisisMMD_v2.0\CrisisMMD_v2.0\data_image\california_wildfires\26_10_2017\923547784736673792_0.jpg,severe_damage,Severe,1.0
C:\Users\user\Downloads\CrisisMMD_v2.0\CrisisMMD_v2.0\data_image\california_wildfires\26_10_2017\923559396893892608_0.jpg,severe_damage,Severe,1.0
C:\Users\user\Downloads\CrisisMMD_v2.0\CrisisMMD_v2.0\data_image\california_wildfires\26_10_2017\923594355222425601_0.jpg,severe_damage,Severe,0.6275
C:\Users\user\Downloads\CrisisMMD_v2.0\CrisisMMD_v2.0\data_image\california_wildfires\26_10_2017\923649563746897920_1.jpg,severe_damage,Severe,1.0
C:\Users\user\Downloads\CrisisMMD_v2.0\CrisisMMD_v2.0\data_image\california_wildfires\26_10_2017\923660169032105985_0.jpg,severe_damage,Severe,1.0
C:\Users\user\Downloads\CrisisMMD_v2.0\CrisisMMD_v2.0\data_image\california_wildfires\26_10_2017\923694395303477248_0.jpg,severe_damage,Severe,0.7122
C:\Users\user\Downloads\CrisisMMD_v2.0\CrisisMMD_v2.0\data_image\california_wildfires\27_10_2017\923717489883693058_0.jpg,mild_damage,Moderate,0.3469
C:\Users\user\Downloads\CrisisMMD_v2.0\CrisisMMD_v2.0\data_image\california_wildfires\27_10_2017\923727709641084928_0.jpg,severe_damage,Severe,1.0
C:\Users\user\Downloads\CrisisMMD_v2.0\CrisisMMD_v2.0\data_image\california_wildfires\27_10_2017\923760012735938560_0.jpg,severe_damage,Severe,1.0
C:\Users\user\Downloads\CrisisMMD_v2.0\CrisisMMD_v2.0\data_image\california_wildfires\27_10_2017\923761170967797761_0.jpg,severe_damage,Severe,1.0
C:\Users\user\Downloads\CrisisMMD_v2.0\CrisisMMD_v2.0\data_image\hurricane_harvey\27_8_2017\901671684478029825_0.jpg,severe_damage,Severe,1.0
C:\Users\user\Downloads\CrisisMMD_v2.0\CrisisMMD_v2.0\data_image\hurricane_harvey\27_8_2017\901646074527535105_0.jpg,severe_damage,Severe,0.6728
C:\Users\user\Downloads\CrisisMMD_v2.0\CrisisMMD_v2.0\data_image\hurricane_harvey\27_8_2017\901646074527535105_1.jpg,severe_damage,Severe,1.0
C:\Users\user\Downloads\CrisisMMD_v2.0\CrisisMMD_v2.0\data_image\hurricane_harvey\27_8_2017\901646074527535105_2.jpg,severe_damage,Severe,0.6528
C:\Users\user\Downloads\CrisisMMD_v2.0\CrisisMMD_v2.0\data_image\hurricane_harvey\27_8_2017\901646074527535105_3.jpg,severe_damage,Severe,0.6812
C:\Users\user\Downloads\CrisisMMD_v2.0\CrisisMMD_v2.0\data_image\hurricane_harvey\27_8_2017\901646123080830976_3.jpg,severe_damage,Severe,0.6866
C:\Users\user\Downloads\CrisisMMD_v2.0\CrisisMMD_v2.0\data_image\hurricane_harvey\27_8_2017\901646202567053312_1.jpg,severe_damage,Severe,1.0
C:\Users\user\Downloads\CrisisMMD_v2.0\CrisisMMD_v2.0\data_image\hurricane_harvey\27_8_2017\901646234880024576_0.jpg,little_or_no_damage,Minor,0.6491
C:\Users\user\Downloads\CrisisMMD_v2.0\CrisisMMD_v2.0\data_image\hurricane_harvey\27_8_2017\901646377620578304_0.jpg,severe_damage,Severe,1.0
C:\Users\user\Downloads\CrisisMMD_v2.0\CrisisMMD_v2.0\data_image\hurricane_harvey\27_8_2017\901646496004800513_0.jpg,severe_damage,Severe,0.6452
C:\Users\user\Downloads\CrisisMMD_v2.0\CrisisMMD_v2.0\data_image\hurricane_harvey\27_8_2017\901646496713584640_0.jpg,severe_damage,Severe,1.0
C:\Users\user\Downloads\CrisisMMD_v2.0\CrisisMMD_v2.0\data_image\hurricane_harvey\27_8_2017\901646559384829953_0.jpg,mild_damage,Moderate,0.6959
C:\Users\user\Downloads\CrisisMMD_v2.0\CrisisMMD_v2.0\data_image\hurricane_harvey\27_8_2017\901646591035138050_2.jpg,severe_damage,Severe,1.0
C:\Users\user\Downloads\CrisisMMD_v2.0\CrisisMMD_v2.0\data_image\hurricane_harvey\27_8_2017\901646591035138050_3.jpg,severe_damage,Severe,1.0
C:\Users\user\Downloads\CrisisMMD_v2.0\CrisisMMD_v2.0\data_image\hurricane_harvey\27_8_2017\901650312934674434_0.jpg,little_or_no_damage,Minor,0.6956
C:\Users\user\Downloads\CrisisMMD_v2.0\CrisisMMD_v2.0\data_image\hurricane_harvey\27_8_2017\901650362410688513_0.jpg,mild_damage,Moderate,0.5778
C:\Users\user\Downloads\CrisisMMD_v2.0\CrisisMMD_v2.0\data_image\hurricane_harvey\27_8_2017\901650362410688513_1.jpg,severe_damage,Severe,0.6576
C:\Users\user\Downloads\CrisisMMD_v2.0\CrisisMMD_v2.0\data_image\hurricane_harvey\27_8_2017\901650362410688513_2.jpg,severe_damage,Severe,1.0
C:\Users\user\Downloads\CrisisMMD_v2.0\CrisisMMD_v2.0\data_image\hurricane_harvey\27_8_2017\901650362410688513_3.jpg,severe_damage,Severe,1.0
C:\Users\user\Downloads\CrisisMMD_v2.0\CrisisMMD_v2.0\data_image\hurricane_harvey\27_8_2017\901650454832185344_0.jpg,mild_damage,Moderate,0.6923
C:\Users\user\Downloads\CrisisMMD_v2.0\CrisisMMD_v2.0\data_image\hurricane_harvey\27_8_2017\901650463224987649_0.jpg,severe_damage,Severe,0.7055
C:\Users\user\Downloads\CrisisMMD_v2.0\CrisisMMD_v2.0\data_image\hurricane_harvey\27_8_2017\901650495122456576_0.jpg,severe_damage,Severe,1.0
C:\Users\user\Downloads\CrisisMMD_v2.0\CrisisMMD_v2.0\data_image\hurricane_harvey\27_8_2017\901650574785093632_0.jpg,mild_damage,Moderate,0.6837
C:\Users\user\Downloads\CrisisMMD_v2.0\CrisisMMD_v2.0\data_image\hurricane_harvey\27_8_2017\901650672805978112_0.jpg,severe_damage,Severe,1.0
C:\Users\user\Downloads\CrisisMMD_v2.0\CrisisMMD_v2.0\data_image\hurricane_harvey\27_8_2017\901650824530669568_1.jpg,severe_damage,Severe,0.6741
C:\Users\user\Downloads\CrisisMMD_v2.0\CrisisMMD_v2.0\data_image\hurricane_harvey\27_8_2017\901650894151979008_0.jpg,mild_damage,Moderate,0.658
C:\Users\user\Downloads\CrisisMMD_v2.0\CrisisMMD_v2.0\data_image\hurricane_harvey\27_8_2017\901654785308352512_0.jpg,severe_damage,Severe,0.6927
C:\Users\user\Downloads\CrisisMMD_v2.0\CrisisMMD_v2.0\data_image\hurricane_harvey\27_8_2017\901654931853246464_0.jpg,severe_damage,Severe,0.6726
C:\Users\user\Downloads\CrisisMMD_v2.0\CrisisMMD_v2.0\data_image\hurricane_harvey\27_8_2017\901655045355208704_0.jpg,severe_damage,Severe,1.0
C:\Users\user\Downloads\CrisisMMD_v2.0\CrisisMMD_v2.0\data_image\hurricane_harvey\27_8_2017\901655097293377536_1.jpg,severe_damage,Severe,0.6844
C:\Users\user\Downloads\CrisisMMD_v2.0\CrisisMMD_v2.0\data_image\hurricane_harvey\27_8_2017\901655097293377536_2.jpg,mild_damage,Moderate,0.6429
C:\Users\user\Downloads\CrisisMMD_v2.0\CrisisMMD_v2.0\data_image\hurricane_harvey\27_8_2017\901655097293377536_3.jpg,severe_damage,Severe,1.0
C:\Users\user\Downloads\CrisisMMD_v2.0\CrisisMMD_v2.0\data_image\hurricane_harvey\27_8_2017\901655268215341056_0.jpg,severe_damage,Severe,1.0
C:\Users\user\Downloads\CrisisMMD_v2.0\CrisisMMD_v2.0\data_image\hurricane_harvey\27_8_2017\901659390268329988_0.jpg,mild_damage,Moderate,0.6628
C:\Users\user\Downloads\CrisisMMD_v2.0\CrisisMMD_v2.0\data_image\hurricane_harvey\27_8_2017\901659508996423680_0.jpg,severe_damage,Severe,0.6869
C:\Users\user\Downloads\CrisisMMD_v2.0\CrisisMMD_v2.0\data_image\hurricane_harvey\27_8_2017\901662886598205442_0.jpg,little_or_no_damage,Minor,0.5253
C:\Users\user\Downloads\CrisisMMD_v2.0\CrisisMMD_v2.0\data_image\hurricane_harvey\27_8_2017\901663058388504576_0.jpg,mild_damage,Moderate,0.6576
C:\Users\user\Downloads\CrisisMMD_v2.0\CrisisMMD_v2.0\data_image\hurricane_harvey\27_8_2017\901663058388504576_2.jpg,mild_damage,Moderate,1.0
C:\Users\user\Downloads\CrisisMMD_v2.0\CrisisMMD_v2.0\data_image\hurricane_harvey\27_8_2017\901663546701905920_0.jpg,severe_damage,Severe,0.6901
C:\Users\user\Downloads\CrisisMMD_v2.0\CrisisMMD_v2.0\data_image\hurricane_harvey\27_8_2017\901663546701905920_1.jpg,severe_damage,Severe,1.0
C:\Users\user\Downloads\CrisisMMD_v2.0\CrisisMMD_v2.0\data_image\hurricane_harvey\27_8_2017\901667589763379200_0.jpg,severe_damage,Severe,0.3554
C:\Users\user\Downloads\CrisisMMD_v2.0\CrisisMMD_v2.0\data_image\hurricane_harvey\27_8_2017\901667596151517184_0.jpg,severe_damage,Severe,1.0
C:\Users\user\Downloads\CrisisMMD_v2.0\CrisisMMD_v2.0\data_image\hurricane_harvey\27_8_2017\901671503435063296_0.jpg,severe_damage,Severe,0.6827
C:\Users\user\Downloads\CrisisMMD_v2.0\CrisisMMD_v2.0\data_image\hurricane_harvey\27_8_2017\901671631549906946_0.jpg,severe_damage,Severe,1.0
C:\Users\user\Downloads\CrisisMMD_v2.0\CrisisMMD_v2.0\data_image\hurricane_harvey\27_8_2017\901675294096060416_0.jpg,severe_damage,Severe,0.684
C:\Users\user\Downloads\CrisisMMD_v2.0\CrisisMMD_v2.0\data_image\hurricane_harvey\27_8_2017\901675387930980352_0.jpg,severe_damage,Severe,1.0
C:\Users\user\Downloads\CrisisMMD_v2.0\CrisisMMD_v2.0\data_image\hurricane_harvey\27_8_2017\901683735837462528_0.jpg,severe_damage,Severe,1.0
C:\Users\user\Downloads\CrisisMMD_v2.0\CrisisMMD_v2.0\data_image\hurricane_harvey\27_8_2017\901683922676969472_0.jpg,severe_damage,Severe,1.0
C:\Users\user\Downloads\CrisisMMD_v2.0\CrisisMMD_v2.0\data_image\hurricane_harvey\27_8_2017\901684409182638080_0.jpg,severe_damage,Severe,0.6486
C:\Users\user\Downloads\CrisisMMD_v2.0\CrisisMMD_v2.0\data_image\hurricane_harvey\27_8_2017\901688029521334272_2.jpg,little_or_no_damage,Minor,0.6885
C:\Users\user\Downloads\CrisisMMD_v2.0\CrisisMMD_v2.0\data_image\hurricane_harvey\27_8_2017\901688029521334272_3.jpg,little_or_no_damage,Minor,1.0
C:\Users\user\Downloads\CrisisMMD_v2.0\CrisisMMD_v2.0\data_image\hurricane_harvey\27_8_2017\901688227647684609_0.jpg,severe_damage,Severe,1.0
C:\Users\user\Downloads\CrisisMMD_v2.0\CrisisMMD_v2.0\data_image\hurricane_harvey\27_8_2017\901692349289566210_0.jpg,mild_damage,Moderate,0.7042
C:\Users\user\Downloads\CrisisMMD_v2.0\CrisisMMD_v2.0\data_image\hurricane_harvey\27_8_2017\901692349289566210_1.jpg,severe_damage,Severe,1.0
C:\Users\user\Downloads\CrisisMMD_v2.0\CrisisMMD_v2.0\data_image\hurricane_harvey\27_8_2017\901692349289566210_2.jpg,severe_damage,Severe,1.0
C:\Users\user\Downloads\CrisisMMD_v2.0\CrisisMMD_v2.0\data_image\hurricane_harvey\27_8_2017\901692349289566210_3.jpg,severe_damage,Severe,0.6478
C:\Users\user\Downloads\CrisisMMD_v2.0\CrisisMMD_v2.0\data_image\hurricane_harvey\27_8_2017\901692764575989760_0.jpg,severe_damage,Severe,1.0
C:\Users\user\Downloads\CrisisMMD_v2.0\CrisisMMD_v2.0\data_image\hurricane_harvey\27_8_2017\901692835698798592_0.jpg,little_or_no_damage,Minor,0.6534
C:\Users\user\Downloads\CrisisMMD_v2.0\CrisisMMD_v2.0\data_image\hurricane_harvey\27_8_2017\901693043912437760_0.jpg,severe_damage,Severe,0.6858
C:\Users\user\Downloads\CrisisMMD_v2.0\CrisisMMD_v2.0\data_image\hurricane_harvey\27_8_2017\901697361541509120_0.jpg,little_or_no_damage,Minor,0.6408
C:\Users\user\Downloads\CrisisMMD_v2.0\CrisisMMD_v2.0\data_image\hurricane_harvey\27_8_2017\901697605851336704_0.jpg,mild_damage,Moderate,0.6614
C:\Users\user\Downloads\CrisisMMD_v2.0\CrisisMMD_v2.0\data_image\hurricane_harvey\27_8_2017\901697605851336704_1.jpg,mild_damage,Moderate,0.3575
C:\Users\user\Downloads\CrisisMMD_v2.0\CrisisMMD_v2.0\data_image\hurricane_harvey\27_8_2017\901697659613966336_0.jpg,little_or_no_damage,Minor,0.6247
C:\Users\user\Downloads\CrisisMMD_v2.0\CrisisMMD_v2.0\data_image\hurricane_harvey\27_8_2017\901700886317195265_0.jpg,severe_damage,Severe,0.6857
C:\Users\user\Downloads\CrisisMMD_v2.0\CrisisMMD_v2.0\data_image\hurricane_harvey\27_8_2017\901701705909231616_0.jpg,mild_damage,Moderate,0.6443
C:\Users\user\Downloads\CrisisMMD_v2.0\CrisisMMD_v2.0\data_image\hurricane_harvey\27_8_2017\901701789279547392_0.jpg,mild_damage,Moderate,0.6825
C:\Users\user\Downloads\CrisisMMD_v2.0\CrisisMMD_v2.0\data_image\hurricane_harvey\27_8_2017\901701789279547392_1.jpg,little_or_no_damage,Minor,0.3619
C:\Users\user\Downloads\CrisisMMD_v2.0\CrisisMMD_v2.0\data_image\hurricane_harvey\27_8_2017\901704875926544384_0.jpg,severe_damage,Severe,0.6591
C:\Users\user\Downloads\CrisisMMD_v2.0\CrisisMMD_v2.0\data_image\hurricane_harvey\27_8_2017\901705136782716928_0.jpg,little_or_no_damage,Minor,1.0
C:\Users\user\Downloads\CrisisMMD_v2.0\CrisisMMD_v2.0\data_image\hurricane_harvey\27_8_2017\901705136782716928_1.jpg,little_or_no_damage,Minor,0.6904
C:\Users\user\Downloads\CrisisMMD_v2.0\CrisisMMD_v2.0\data_image\hurricane_harvey\27_8_2017\901705136782716928_3.jpg,mild_damage,Moderate,1.0
C:\Users\user\Downloads\CrisisMMD_v2.0\CrisisMMD_v2.0\data_image\hurricane_harvey\27_8_2017\901705240419938305_0.jpg,mild_damage,Moderate,0.6497
C:\Users\user\Downloads\CrisisMMD_v2.0\CrisisMMD_v2.0\data_image\hurricane_harvey\27_8_2017\901713307144507392_0.jpg,mild_damage,Moderate,0.6806
C:\Users\user\Downloads\CrisisMMD_v2.0\CrisisMMD_v2.0\data_image\hurricane_harvey\27_8_2017\901713432759566336_0.jpg,severe_damage,Severe,1.0
C:\Users\user\Downloads\CrisisMMD_v2.0\CrisisMMD_v2.0\data_image\hurricane_harvey\27_8_2017\901714497332809728_0.jpg,little_or_no_damage,Minor,0.3802
C:\Users\user\Downloads\CrisisMMD_v2.0\CrisisMMD_v2.0\data_image\hurricane_harvey\27_8_2017\901721172961890304_0.jpg,severe_damage,Severe,1.0
C:\Users\user\Downloads\CrisisMMD_v2.0\CrisisMMD_v2.0\data_image\hurricane_harvey\27_8_2017\901721881920856064_0.jpg,severe_damage,Severe,1.0
C:\Users\user\Downloads\CrisisMMD_v2.0\CrisisMMD_v2.0\data_image\hurricane_harvey\27_8_2017\901722704767627269_0.jpg,mild_damage,Moderate,0.6772
C:\Users\user\Downloads\CrisisMMD_v2.0\CrisisMMD_v2.0\data_image\hurricane_harvey\27_8_2017\901726788736471040_0.jpg,mild_damage,Moderate,0.6765
C:\Users\user\Downloads\CrisisMMD_v2.0\CrisisMMD_v2.0\data_image\hurricane_harvey\27_8_2017\901731017358139392_0.jpg,mild_damage,Moderate,0.6751
C:\Users\user\Downloads\CrisisMMD_v2.0\CrisisMMD_v2.0\data_image\hurricane_harvey\27_8_2017\901741728520130560_0.jpg,little_or_no_damage,Minor,0.4
C:\Users\user\Downloads\CrisisMMD_v2.0\CrisisMMD_v2.0\data_image\hurricane_harvey\27_8_2017\901742043327860737_0.jpg,severe_damage,Severe,0.6473
C:\Users\user\Downloads\CrisisMMD_v2.0\CrisisMMD_v2.0\data_image\hurricane_harvey\27_8_2017\901743093493489664_0.jpg,severe_damage,Severe,1.0
C:\Users\user\Downloads\CrisisMMD_v2.0\CrisisMMD_v2.0\data_image\hurricane_harvey\27_8_2017\901743093493489664_1.jpg,severe_damage,Severe,0.6748
C:\Users\user\Downloads\CrisisMMD_v2.0\CrisisMMD_v2.0\data_image\hurricane_harvey\27_8_2017\901743093493489664_3.jpg,severe_damage,Severe,1.0
C:\Users\user\Downloads\CrisisMMD_v2.0\CrisisMMD_v2.0\data_image\hurricane_harvey\27_8_2017\901750080943902720_0.jpg,mild_damage,Moderate,1.0
C:\Users\user\Downloads\CrisisMMD_v2.0\CrisisMMD_v2.0\data_image\hurricane_harvey\27_8_2017\901754891487600640_0.jpg,mild_damage,Moderate,0.6921
C:\Users\user\Downloads\CrisisMMD_v2.0\CrisisMMD_v2.0\data_image\hurricane_harvey\27_8_2017\901756029435867136_0.jpg,severe_damage,Severe,1.0
C:\Users\user\Downloads\CrisisMMD_v2.0\CrisisMMD_v2.0\data_image\hurricane_harvey\27_8_2017\901762681975304193_0.jpg,severe_damage,Severe,0.7095
C:\Users\user\Downloads\CrisisMMD_v2.0\CrisisMMD_v2.0\data_image\hurricane_harvey\27_8_2017\901764023464726528_0.jpg,mild_damage,Moderate,0.8115
C:\Users\user\Downloads\CrisisMMD_v2.0\CrisisMMD_v2.0\data_image\hurricane_harvey\27_8_2017\901771298937982976_0.jpg,mild_damage,Moderate,1.0
C:\Users\user\Downloads\CrisisMMD_v2.0\CrisisMMD_v2.0\data_image\hurricane_harvey\27_8_2017\901776320232701953_0.jpg,mild_damage,Moderate,0.7121
C:\Users\user\Downloads\CrisisMMD_v2.0\CrisisMMD_v2.0\data_image\hurricane_harvey\27_8_2017\901776373177561088_0.jpg,mild_damage,Moderate,0.6626
C:\Users\user\Downloads\CrisisMMD_v2.0\CrisisMMD_v2.0\data_image\hurricane_harvey\27_8_2017\901779770236600321_0.jpg,mild_damage,Moderate,0.6606
C:\Users\user\Downloads\CrisisMMD_v2.0\CrisisMMD_v2.0\data_image\hurricane_harvey\27_8_2017\901783778602962944_0.jpg,little_or_no_damage,Minor,0.6215
C:\Users\user\Downloads\CrisisMMD_v2.0\CrisisMMD_v2.0\data_image\hurricane_harvey\27_8_2017\901787699648004097_1.jpg,little_or_no_damage,Minor,0.6901
C:\Users\user\Downloads\CrisisMMD_v2.0\CrisisMMD_v2.0\data_image\hurricane_harvey\27_8_2017\901787831433125889_0.jpg,severe_damage,Severe,0.6581
C:\Users\user\Downloads\CrisisMMD_v2.0\CrisisMMD_v2.0\data_image\hurricane_harvey\27_8_2017\901787869521555456_1.jpg,little_or_no_damage,Minor,0.6535
C:\Users\user\Downloads\CrisisMMD_v2.0\CrisisMMD_v2.0\data_image\hurricane_harvey\27_8_2017\901792186030637057_0.jpg,mild_damage,Moderate,0.6864
C:\Users\user\Downloads\CrisisMMD_v2.0\CrisisMMD_v2.0\data_image\hurricane_harvey\27_8_2017\901792262853582848_0.jpg,severe_damage,Severe,1.0
C:\Users\user\Downloads\CrisisMMD_v2.0\CrisisMMD_v2.0\data_image\hurricane_harvey\27_8_2017\901792272882294786_0.jpg,little_or_no_damage,Minor,0.6554
C:\Users\user\Downloads\CrisisMMD_v2.0\CrisisMMD_v2.0\data_image\hurricane_harvey\27_8_2017\901792427916361728_0.jpg,severe_damage,Severe,1.0
C:\Users\user\Downloads\CrisisMMD_v2.0\CrisisMMD_v2.0\data_image\hurricane_harvey\27_8_2017\901796238756114433_0.jpg,severe_damage,Severe,1.0
C:\Users\user\Downloads\CrisisMMD_v2.0\CrisisMMD_v2.0\data_image\hurricane_harvey\27_8_2017\901796845776769024_0.jpg,severe_damage,Severe,1.0
C:\Users\user\Downloads\CrisisMMD_v2.0\CrisisMMD_v2.0\data_image\hurricane_harvey\27_8_2017\901800726795616256_0.jpg,severe_damage,Severe,0.6801
C:\Users\user\Downloads\CrisisMMD_v2.0\CrisisMMD_v2.0\data_image\hurricane_harvey\27_8_2017\901805267989475328_0.jpg,severe_damage,Severe,1.0
C:\Users\user\Downloads\CrisisMMD_v2.0\CrisisMMD_v2.0\data_image\hurricane_harvey\27_8_2017\901805287958601728_0.jpg,severe_damage,Severe,1.0
C:\Users\user\Downloads\CrisisMMD_v2.0\CrisisMMD_v2.0\data_image\hurricane_harvey\27_8_2017\901805288717787136_0.jpg,severe_damage,Severe,0.6387
C:\Users\user\Downloads\CrisisMMD_v2.0\CrisisMMD_v2.0\data_image\hurricane_harvey\27_8_2017\901805448944390145_0.jpg,little_or_no_damage,Minor,0.6761
C:\Users\user\Downloads\CrisisMMD_v2.0\CrisisMMD_v2.0\data_image\hurricane_harvey\27_8_2017\901805456213102593_0.jpg,severe_damage,Severe,0.6825
C:\Users\user\Downloads\CrisisMMD_v2.0\CrisisMMD_v2.0\data_image\hurricane_harvey\27_8_2017\901809463371423745_0.jpg,severe_damage,Severe,1.0
C:\Users\user\Downloads\CrisisMMD_v2.0\CrisisMMD_v2.0\data_image\hurricane_harvey\27_8_2017\901809537828696064_0.jpg,severe_damage,Severe,1.0
C:\Users\user\Downloads\CrisisMMD_v2.0\CrisisMMD_v2.0\data_image\hurricane_harvey\27_8_2017\901809624474628096_0.jpg,severe_damage,Severe,1.0
C:\Users\user\Downloads\CrisisMMD_v2.0\CrisisMMD_v2.0\data_image\hurricane_harvey\27_8_2017\901813738365493248_0.jpg,severe_damage,Severe,1.0
C:\Users\user\Downloads\CrisisMMD_v2.0\CrisisMMD_v2.0\data_image\hurricane_harvey\27_8_2017\901813742933073921_0.jpg,little_or_no_damage,Minor,0.6019
C:\Users\user\Downloads\CrisisMMD_v2.0\CrisisMMD_v2.0\data_image\hurricane_harvey\27_8_2017\901813742933073921_1.jpg,severe_damage,Severe,0.6697
C:\Users\user\Downloads\CrisisMMD_v2.0\CrisisMMD_v2.0\data_image\hurricane_harvey\27_8_2017\901813758690902017_0.jpg,severe_damage,Severe,1.0
C:\Users\user\Downloads\CrisisMMD_v2.0\CrisisMMD_v2.0\data_image\hurricane_harvey\27_8_2017\901813825711853568_0.jpg,severe_damage,Severe,0.6801
C:\Users\user\Downloads\CrisisMMD_v2.0\CrisisMMD_v2.0\data_image\hurricane_harvey\27_8_2017\901814144680255488_0.jpg,severe_damage,Severe,1.0
C:\Users\user\Downloads\CrisisMMD_v2.0\CrisisMMD_v2.0\data_image\hurricane_harvey\27_8_2017\901814164406009856_0.jpg,severe_damage,Severe,1.0
C:\Users\user\Downloads\CrisisMMD_v2.0\CrisisMMD_v2.0\data_image\hurricane_harvey\27_8_2017\901814219191943168_0.jpg,mild_damage,Moderate,0.3894
C:\Users\user\Downloads\CrisisMMD_v2.0\CrisisMMD_v2.0\data_image\hurricane_harvey\27_8_2017\901817961610174464_2.jpg,severe_damage,Severe,1.0
C:\Users\user\Downloads\CrisisMMD_v2.0\CrisisMMD_v2.0\data_image\hurricane_harvey\27_8_2017\901822479429099524_0.jpg,severe_damage,Severe,1.0
C:\Users\user\Downloads\CrisisMMD_v2.0\CrisisMMD_v2.0\data_image\hurricane_harvey\27_8_2017\901822511750406144_0.jpg,severe_damage,Severe,0.6864
C:\Users\user\Downloads\CrisisMMD_v2.0\CrisisMMD_v2.0\data_image\hurricane_harvey\27_8_2017\901822598765522945_0.jpg,little_or_no_damage,Minor,1.0
C:\Users\user\Downloads\CrisisMMD_v2.0\CrisisMMD_v2.0\data_image\hurricane_harvey\27_8_2017\901822598765522945_1.jpg,severe_damage,Severe,0.3619
C:\Users\user\Downloads\CrisisMMD_v2.0\CrisisMMD_v2.0\data_image\hurricane_harvey\27_8_2017\901822723227344896_0.jpg,severe_damage,Severe,1.0
C:\Users\user\Downloads\CrisisMMD_v2.0\CrisisMMD_v2.0\data_image\hurricane_harvey\27_8_2017\901826639310540801_0.jpg,little_or_no_damage,Minor,1.0
C:\Users\user\Downloads\CrisisMMD_v2.0\CrisisMMD_v2.0\data_image\hurricane_harvey\27_8_2017\901826643311951874_0.jpg,severe_damage,Severe,1.0
C:\Users\user\Downloads\CrisisMMD_v2.0\CrisisMMD_v2.0\data_image\hurricane_harvey\27_8_2017\901826896933027840_0.jpg,severe_damage,Severe,1.0
C:\Users\user\Downloads\CrisisMMD_v2.0\CrisisMMD_v2.0\data_image\hurricane_harvey\27_8_2017\901830973771403264_0.jpg,severe_damage,Severe,0.6776
C:\Users\user\Downloads\CrisisMMD_v2.0\CrisisMMD_v2.0\data_image\hurricane_harvey\27_8_2017\901830988715532288_0.jpg,severe_damage,Severe,0.6844
C:\Users\user\Downloads\CrisisMMD_v2.0\CrisisMMD_v2.0\data_image\hurricane_harvey\27_8_2017\901835409440768000_0.jpg,little_or_no_damage,Minor,1.0
C:\Users\user\Downloads\CrisisMMD_v2.0\CrisisMMD_v2.0\data_image\hurricane_harvey\27_8_2017\901835409440768000_1.jpg,little_or_no_damage,Minor,1.0
C:\Users\user\Downloads\CrisisMMD_v2.0\CrisisMMD_v2.0\data_image\hurricane_harvey\27_8_2017\901835503774965761_0.jpg,severe_damage,Severe,1.0
C:\Users\user\Downloads\CrisisMMD_v2.0\CrisisMMD_v2.0\data_image\hurricane_harvey\27_8_2017\901835529779642369_0.jpg,severe_damage,Severe,1.0
C:\Users\user\Downloads\CrisisMMD_v2.0\CrisisMMD_v2.0\data_image\hurricane_harvey\3_9_2017\904207248276193280_0.jpg,severe_damage,Severe,0.6759
C:\Users\user\Downloads\CrisisMMD_v2.0\CrisisMMD_v2.0\data_image\hurricane_harvey\3_9_2017\904211400360427520_0.jpg,little_or_no_damage,Minor,0.6889
C:\Users\user\Downloads\CrisisMMD_v2.0\CrisisMMD_v2.0\data_image\hurricane_harvey\3_9_2017\904212047499595776_0.jpg,severe_damage,Severe,1.0
C:\Users\user\Downloads\CrisisMMD_v2.0\CrisisMMD_v2.0\data_image\hurricane_harvey\3_9_2017\904216828984967168_0.jpg,severe_damage,Severe,1.0
C:\Users\user\Downloads\CrisisMMD_v2.0\CrisisMMD_v2.0\data_image\hurricane_harvey\3_9_2017\904216916889186305_0.jpg,severe_damage,Severe,0.6351
C:\Users\user\Downloads\CrisisMMD_v2.0\CrisisMMD_v2.0\data_image\hurricane_harvey\3_9_2017\904217471678337024_0.jpg,severe_damage,Severe,1.0
C:\Users\user\Downloads\CrisisMMD_v2.0\CrisisMMD_v2.0\data_image\hurricane_harvey\3_9_2017\904220981597757441_0.jpg,mild_damage,Moderate,0.3542
C:\Users\user\Downloads\CrisisMMD_v2.0\CrisisMMD_v2.0\data_image\hurricane_harvey\3_9_2017\904221094143512576_0.jpg,severe_damage,Severe,0.6829
C:\Users\user\Downloads\CrisisMMD_v2.0\CrisisMMD_v2.0\data_image\hurricane_harvey\3_9_2017\904221225072836608_0.jpg,severe_damage,Severe,1.0
C:\Users\user\Downloads\CrisisMMD_v2.0\CrisisMMD_v2.0\data_image\hurricane_harvey\3_9_2017\904221258371407872_0.jpg,mild_damage,Moderate,0.6901
C:\Users\user\Downloads\CrisisMMD_v2.0\CrisisMMD_v2.0\data_image\hurricane_harvey\3_9_2017\904221977925349376_0.jpg,severe_damage,Severe,1.0
C:\Users\user\Downloads\CrisisMMD_v2.0\CrisisMMD_v2.0\data_image\hurricane_harvey\3_9_2017\904224844044046337_0.jpg,severe_damage,Severe,0.6866
C:\Users\user\Downloads\CrisisMMD_v2.0\CrisisMMD_v2.0\data_image\hurricane_harvey\3_9_2017\904226282241740800_0.jpg,severe_damage,Severe,1.0
C:\Users\user\Downloads\CrisisMMD_v2.0\CrisisMMD_v2.0\data_image\hurricane_harvey\3_9_2017\904237573811339264_0.jpg,severe_damage,Severe,1.0
C:\Users\user\Downloads\CrisisMMD_v2.0\CrisisMMD_v2.0\data_image\hurricane_harvey\3_9_2017\904237843857498112_0.jpg,severe_damage,Severe,1.0
C:\Users\user\Downloads\CrisisMMD_v2.0\CrisisMMD_v2.0\data_image\hurricane_harvey\3_9_2017\904240121922322432_0.jpg,severe_damage,Severe,1.0
C:\Users\user\Downloads\CrisisMMD_v2.0\CrisisMMD_v2.0\data_image\hurricane_harvey\3_9_2017\904240721917616128_0.jpg,mild_damage,Moderate,1.0
C:\Users\user\Downloads\CrisisMMD_v2.0\CrisisMMD_v2.0\data_image\hurricane_harvey\3_9_2017\904240884241326081_0.jpg,little_or_no_damage,Minor,0.2752
C:\Users\user\Downloads\CrisisMMD_v2.0\CrisisMMD_v2.0\data_image\hurricane_harvey\3_9_2017\904248225703616512_0.jpg,severe_damage,Severe,1.0
C:\Users\user\Downloads\CrisisMMD_v2.0\CrisisMMD_v2.0\data_image\hurricane_harvey\3_9_2017\904248609641603072_0.jpg,severe_damage,Severe,0.6961
C:\Users\user\Downloads\CrisisMMD_v2.0\CrisisMMD_v2.0\data_image\hurricane_harvey\3_9_2017\904250508931735552_0.jpg,severe_damage,Severe,1.0
C:\Users\user\Downloads\CrisisMMD_v2.0\CrisisMMD_v2.0\data_image\hurricane_harvey\3_9_2017\904253626457174016_0.jpg,mild_damage,Moderate,1.0
C:\Users\user\Downloads\CrisisMMD_v2.0\CrisisMMD_v2.0\data_image\hurricane_harvey\3_9_2017\904253626457174016_1.jpg,severe_damage,Severe,0.3701
C:\Users\user\Downloads\CrisisMMD_v2.0\CrisisMMD_v2.0\data_image\hurricane_harvey\3_9_2017\904253626457174016_3.jpg,severe_damage,Severe,1.0
C:\Users\user\Downloads\CrisisMMD_v2.0\CrisisMMD_v2.0\data_image\hurricane_harvey\3_9_2017\904256691939762176_0.jpg,mild_damage,Moderate,0.6716
C:\Users\user\Downloads\CrisisMMD_v2.0\CrisisMMD_v2.0\data_image\hurricane_harvey\3_9_2017\904257943805333505_0.jpg,mild_damage,Moderate,0.506
C:\Users\user\Downloads\CrisisMMD_v2.0\CrisisMMD_v2.0\data_image\hurricane_harvey\3_9_2017\904271772840841218_0.jpg,mild_damage,Moderate,1.0
C:\Users\user\Downloads\CrisisMMD_v2.0\CrisisMMD_v2.0\data_image\hurricane_harvey\3_9_2017\904280059678248960_0.jpg,severe_damage,Severe,0.684
C:\Users\user\Downloads\CrisisMMD_v2.0\CrisisMMD_v2.0\data_image\hurricane_harvey\3_9_2017\904281502539628544_0.jpg,little_or_no_damage,Minor,0.6973
C:\Users\user\Downloads\CrisisMMD_v2.0\CrisisMMD_v2.0\data_image\hurricane_harvey\3_9_2017\904284593754431488_0.jpg,severe_damage,Severe,1.0
C:\Users\user\Downloads\CrisisMMD_v2.0\CrisisMMD_v2.0\data_image\hurricane_harvey\3_9_2017\904285919217426432_0.jpg,severe_damage,Severe,0.6441
C:\Users\user\Downloads\CrisisMMD_v2.0\CrisisMMD_v2.0\data_image\hurricane_harvey\3_9_2017\904287382207434752_0.jpg,severe_damage,Severe,0.6685
C:\Users\user\Downloads\CrisisMMD_v2.0\CrisisMMD_v2.0\data_image\hurricane_harvey\3_9_2017\904287900241719296_0.jpg,severe_damage,Severe,1.0
C:\Users\user\Downloads\CrisisMMD_v2.0\CrisisMMD_v2.0\data_image\hurricane_harvey\3_9_2017\904288462441897984_0.jpg,severe_damage,Severe,0.7281
C:\Users\user\Downloads\CrisisMMD_v2.0\CrisisMMD_v2.0\data_image\hurricane_harvey\3_9_2017\904289302946906113_0.jpg,severe_damage,Severe,1.0
C:\Users\user\Downloads\CrisisMMD_v2.0\CrisisMMD_v2.0\data_image\hurricane_harvey\3_9_2017\904289771421237248_0.jpg,mild_damage,Moderate,0.6564
C:\Users\user\Downloads\CrisisMMD_v2.0\CrisisMMD_v2.0\data_image\hurricane_harvey\3_9_2017\904291469409878016_0.jpg,severe_damage,Severe,1.0
C:\Users\user\Downloads\CrisisMMD_v2.0\CrisisMMD_v2.0\data_image\hurricane_harvey\3_9_2017\904292443482415104_0.jpg,severe_damage,Severe,1.0
C:\Users\user\Downloads\CrisisMMD_v2.0\CrisisMMD_v2.0\data_image\hurricane_harvey\3_9_2017\904299302683631616_0.jpg,severe_damage,Severe,0.6894
C:\Users\user\Downloads\CrisisMMD_v2.0\CrisisMMD_v2.0\data_image\hurricane_harvey\3_9_2017\904302986826014720_0.jpg,mild_damage,Moderate,0.6857
C:\Users\user\Downloads\CrisisMMD_v2.0\CrisisMMD_v2.0\data_image\hurricane_harvey\3_9_2017\904322912206950401_0.jpg,mild_damage,Moderate,0.6449
C:\Users\user\Downloads\CrisisMMD_v2.0\CrisisMMD_v2.0\data_image\hurricane_harvey\3_9_2017\904324002176532481_3.jpg,little_or_no_damage,Minor,0.656
C:\Users\user\Downloads\CrisisMMD_v2.0\CrisisMMD_v2.0\data_image\hurricane_harvey\3_9_2017\904324118614597633_0.jpg,severe_damage,Severe,0.7153
C:\Users\user\Downloads\CrisisMMD_v2.0\CrisisMMD_v2.0\data_image\hurricane_harvey\3_9_2017\904326776905719809_0.jpg,severe_damage,Severe,0.7235
C:\Users\user\Downloads\CrisisMMD_v2.0\CrisisMMD_v2.0\data_image\hurricane_harvey\3_9_2017\904326884401360898_0.jpg,mild_damage,Moderate,1.0
C:\Users\user\Downloads\CrisisMMD_v2.0\CrisisMMD_v2.0\data_image\hurricane_harvey\3_9_2017\904327280612306944_0.jpg,severe_damage,Severe,1.0
C:\Users\user\Downloads\CrisisMMD_v2.0\CrisisMMD_v2.0\data_image\hurricane_harvey\3_9_2017\904330655848423424_0.jpg,severe_damage,Severe,1.0
C:\Users\user\Downloads\CrisisMMD_v2.0\CrisisMMD_v2.0\data_image\hurricane_harvey\3_9_2017\904330662005669888_0.jpg,severe_damage,Severe,0.6761
C:\Users\user\Downloads\CrisisMMD_v2.0\CrisisMMD_v2.0\data_image\hurricane_harvey\3_9_2017\904331124339609600_0.jpg,little_or_no_damage,Minor,0.6847
C:\Users\user\Downloads\CrisisMMD_v2.0\CrisisMMD_v2.0\data_image\hurricane_harvey\3_9_2017\904335509723467777_0.jpg,severe_damage,Severe,1.0
C:\Users\user\Downloads\CrisisMMD_v2.0\CrisisMMD_v2.0\data_image\hurricane_harvey\3_9_2017\904339857383849985_0.jpg,severe_damage,Severe,0.6778
C:\Users\user\Downloads\CrisisMMD_v2.0\CrisisMMD_v2.0\data_image\hurricane_harvey\3_9_2017\904343320243163137_0.jpg,severe_damage,Severe,0.363
C:\Users\user\Downloads\CrisisMMD_v2.0\CrisisMMD_v2.0\data_image\hurricane_harvey\3_9_2017\904343630973992962_0.jpg,severe_damage,Severe,0.6834
C:\Users\user\Downloads\CrisisMMD_v2.0\CrisisMMD_v2.0\data_image\hurricane_harvey\3_9_2017\904343743075160069_0.jpg,mild_damage,Moderate,1.0
C:\Users\user\Downloads\CrisisMMD_v2.0\CrisisMMD_v2.0\data_image\hurricane_harvey\3_9_2017\904343743075160069_2.jpg,mild_damage,Moderate,0.6784
C:\Users\user\Downloads\CrisisMMD_v2.0\CrisisMMD_v2.0\data_image\hurricane_harvey\3_9_2017\904344263751860231_0.jpg,severe_damage,Severe,0.6879
C:\Users\user\Downloads\CrisisMMD_v2.0\CrisisMMD_v2.0\data_image\hurricane_harvey\3_9_2017\904353547025883138_3.jpg,severe_damage,Severe,0.66
C:\Users\user\Downloads\CrisisMMD_v2.0\CrisisMMD_v2.0\data_image\hurricane_harvey\3_9_2017\904361902762893313_0.jpg,severe_damage,Severe,1.0
C:\Users\user\Downloads\CrisisMMD_v2.0\CrisisMMD_v2.0\data_image\hurricane_harvey\3_9_2017\904362108531466241_0.jpg,mild_damage,Moderate,0.6892
C:\Users\user\Downloads\CrisisMMD_v2.0\CrisisMMD_v2.0\data_image\hurricane_harvey\3_9_2017\904366441952034820_0.jpg,severe_damage,Severe,1.0
C:\Users\user\Downloads\CrisisMMD_v2.0\CrisisMMD_v2.0\data_image\hurricane_harvey\3_9_2017\904379815179976704_0.jpg,severe_damage,Severe,1.0
C:\Users\user\Downloads\CrisisMMD_v2.0\CrisisMMD_v2.0\data_image\hurricane_harvey\3_9_2017\904389009538998272_0.jpg,severe_damage,Severe,1.0
C:\Users\user\Downloads\CrisisMMD_v2.0\CrisisMMD_v2.0\data_image\hurricane_harvey\3_9_2017\904389036302786560_0.jpg,severe_damage,Severe,1.0
C:\Users\user\Downloads\CrisisMMD_v2.0\CrisisMMD_v2.0\data_image\hurricane_harvey\3_9_2017\904389811854823426_0.jpg,mild_damage,Moderate,0.6698
C:\Users\user\Downloads\CrisisMMD_v2.0\CrisisMMD_v2.0\data_image\hurricane_harvey\3_9_2017\904393848356569088_0.jpg,severe_damage,Severe,1.0
C:\Users\user\Downloads\CrisisMMD_v2.0\CrisisMMD_v2.0\data_image\hurricane_harvey\3_9_2017\904397952420118528_0.jpg,severe_damage,Severe,0.6721
C:\Users\user\Downloads\CrisisMMD_v2.0\CrisisMMD_v2.0\data_image\hurricane_harvey\3_9_2017\904410044304908288_0.jpg,mild_damage,Moderate,0.6589
C:\Users\user\Downloads\CrisisMMD_v2.0\CrisisMMD_v2.0\data_image\hurricane_harvey\3_9_2017\904410103050366976_0.jpg,severe_damage,Severe,1.0
C:\Users\user\Downloads\CrisisMMD_v2.0\CrisisMMD_v2.0\data_image\hurricane_harvey\3_9_2017\904414202684637184_0.jpg,mild_damage,Moderate,0.6763
C:\Users\user\Downloads\CrisisMMD_v2.0\CrisisMMD_v2.0\data_image\hurricane_harvey\3_9_2017\904417340900524032_0.jpg,severe_damage,Severe,1.0
C:\Users\user\Downloads\CrisisMMD_v2.0\CrisisMMD_v2.0\data_image\hurricane_harvey\3_9_2017\904425923025522688_0.jpg,severe_damage,Severe,1.0
C:\Users\user\Downloads\CrisisMMD_v2.0\CrisisMMD_v2.0\data_image\hurricane_harvey\3_9_2017\904428785822556162_0.jpg,severe_damage,Severe,1.0
C:\Users\user\Downloads\CrisisMMD_v2.0\CrisisMMD_v2.0\data_image\hurricane_harvey\3_9_2017\904429898944667648_1.jpg,severe_damage,Severe,0.6606
C:\Users\user\Downloads\CrisisMMD_v2.0\CrisisMMD_v2.0\data_image\hurricane_harvey\3_9_2017\904429898944667648_3.jpg,little_or_no_damage,Minor,0.6802
C:\Users\user\Downloads\CrisisMMD_v2.0\CrisisMMD_v2.0\data_image\hurricane_harvey\3_9_2017\904430060081373184_0.jpg,severe_damage,Severe,1.0
C:\Users\user\Downloads\CrisisMMD_v2.0\CrisisMMD_v2.0\data_image\hurricane_harvey\3_9_2017\904434023660888064_0.jpg,mild_damage,Moderate,0.6647
C:\Users\user\Downloads\CrisisMMD_v2.0\CrisisMMD_v2.0\data_image\hurricane_harvey\3_9_2017\904441419523293188_0.jpg,severe_damage,Severe,0.681
C:\Users\user\Downloads\CrisisMMD_v2.0\CrisisMMD_v2.0\data_image\hurricane_harvey\3_9_2017\904449285831368704_0.jpg,mild_damage,Moderate,0.6722
C:\Users\user\Downloads\CrisisMMD_v2.0\CrisisMMD_v2.0\data_image\hurricane_harvey\3_9_2017\904449476458414080_0.jpg,severe_damage,Severe,1.0
C:\Users\user\Downloads\CrisisMMD_v2.0\CrisisMMD_v2.0\data_image\hurricane_harvey\3_9_2017\904453241005641728_0.jpg,severe_damage,Severe,1.0
C:\Users\user\Downloads\CrisisMMD_v2.0\CrisisMMD_v2.0\data_image\hurricane_harvey\3_9_2017\904454011050393600_0.jpg,severe_damage,Severe,0.6677
C:\Users\user\Downloads\CrisisMMD_v2.0\CrisisMMD_v2.0\data_image\hurricane_harvey\3_9_2017\904457083290099712_0.jpg,severe_damage,Severe,1.0
C:\Users\user\Downloads\CrisisMMD_v2.0\CrisisMMD_v2.0\data_image\hurricane_harvey\3_9_2017\904457592864350208_0.jpg,severe_damage,Severe,0.6346
C:\Users\user\Downloads\CrisisMMD_v2.0\CrisisMMD_v2.0\data_image\hurricane_harvey\3_9_2017\904464153036894208_0.jpg,severe_damage,Severe,0.6844
C:\Users\user\Downloads\CrisisMMD_v2.0\CrisisMMD_v2.0\data_image\hurricane_harvey\3_9_2017\904464310436478976_0.jpg,severe_damage,Severe,0.6992
C:\Users\user\Downloads\CrisisMMD_v2.0\CrisisMMD_v2.0\data_image\hurricane_harvey\3_9_2017\904464789811863552_0.jpg,little_or_no_damage,Minor,1.0
C:\Users\user\Downloads\CrisisMMD_v2.0\CrisisMMD_v2.0\data_image\hurricane_harvey\3_9_2017\904468677906636800_0.jpg,severe_damage,Severe,1.0
C:\Users\user\Downloads\CrisisMMD_v2.0\CrisisMMD_v2.0\data_image\hurricane_harvey\3_9_2017\904469110028951552_1.jpg,severe_damage,Severe,0.6669
C:\Users\user\Downloads\CrisisMMD_v2.0\CrisisMMD_v2.0\data_image\hurricane_harvey\3_9_2017\904472503850082305_0.jpg,severe_damage,Severe,1.0
C:\Users\user\Downloads\CrisisMMD_v2.0\CrisisMMD_v2.0\data_image\hurricane_harvey\3_9_2017\904480677583773696_0.jpg,severe_damage,Severe,1.0
C:\Users\user\Downloads\CrisisMMD_v2.0\CrisisMMD_v2.0\data_image\hurricane_harvey\3_9_2017\904484344156311552_0.jpg,severe_damage,Severe,0.5846
C:\Users\user\Downloads\CrisisMMD_v2.0\CrisisMMD_v2.0\data_image\hurricane_harvey\3_9_2017\904484370060386309_0.jpg,severe_damage,Severe,1.0
C:\Users\user\Downloads\CrisisMMD_v2.0\CrisisMMD_v2.0\data_image\hurricane_harvey\3_9_2017\904488825178779649_0.jpg,mild_damage,Moderate,0.3461
C:\Users\user\Downloads\CrisisMMD_v2.0\CrisisMMD_v2.0\data_image\hurricane_harvey\4_9_2017\904500325834342400_0.jpg,severe_damage,Severe,0.6372
C:\Users\user\Downloads\CrisisMMD_v2.0\CrisisMMD_v2.0\data_image\hurricane_harvey\4_9_2017\904507935983902720_0.jpg,severe_damage,Severe,1.0
C:\Users\user\Downloads\CrisisMMD_v2.0\CrisisMMD_v2.0\data_image\hurricane_harvey\4_9_2017\904508140137283584_0.jpg,severe_damage,Severe,1.0
C:\Users\user\Downloads\CrisisMMD_v2.0\CrisisMMD_v2.0\data_image\hurricane_harvey\4_9_2017\904511606612037632_0.jpg,mild_damage,Moderate,1.0
C:\Users\user\Downloads\CrisisMMD_v2.0\CrisisMMD_v2.0\data_image\hurricane_harvey\4_9_2017\904516911391805440_0.jpg,mild_damage,Moderate,1.0
C:\Users\user\Downloads\CrisisMMD_v2.0\CrisisMMD_v2.0\data_image\hurricane_harvey\4_9_2017\904517353588744192_0.jpg,mild_damage,Moderate,0.6901
C:\Users\user\Downloads\CrisisMMD_v2.0\CrisisMMD_v2.0\data_image\hurricane_harvey\4_9_2017\904524705960534016_0.jpg,severe_damage,Severe,1.0
C:\Users\user\Downloads\CrisisMMD_v2.0\CrisisMMD_v2.0\data_image\hurricane_harvey\4_9_2017\904540915104088065_0.jpg,severe_damage,Severe,1.0
C:\Users\user\Downloads\CrisisMMD_v2.0\CrisisMMD_v2.0\data_image\hurricane_harvey\4_9_2017\904549453058715648_0.jpg,severe_damage,Severe,1.0
C:\Users\user\Downloads\CrisisMMD_v2.0\CrisisMMD_v2.0\data_image\hurricane_harvey\4_9_2017\904552138897932288_0.jpg,mild_damage,Moderate,0.3576
C:\Users\user\Downloads\CrisisMMD_v2.0\CrisisMMD_v2.0\data_image\hurricane_harvey\4_9_2017\904556150510596096_0.jpg,severe_damage,Severe,0.6575
C:\Users\user\Downloads\CrisisMMD_v2.0\CrisisMMD_v2.0\data_image\hurricane_harvey\4_9_2017\904556347164950529_0.jpg,mild_damage,Moderate,0.6959
C:\Users\user\Downloads\CrisisMMD_v2.0\CrisisMMD_v2.0\data_image\hurricane_harvey\4_9_2017\904572612520660992_0.jpg,mild_damage,Moderate,1.0
C:\Users\user\Downloads\CrisisMMD_v2.0\CrisisMMD_v2.0\data_image\hurricane_harvey\4_9_2017\904576825690554372_0.jpg,little_or_no_damage,Minor,0.7005
C:\Users\user\Downloads\CrisisMMD_v2.0\CrisisMMD_v2.0\data_image\hurricane_harvey\4_9_2017\904588625647689729_0.jpg,severe_damage,Severe,1.0
C:\Users\user\Downloads\CrisisMMD_v2.0\CrisisMMD_v2.0\data_image\hurricane_harvey\4_9_2017\904589549971570688_0.jpg,severe_damage,Severe,0.6673
C:\Users\user\Downloads\CrisisMMD_v2.0\CrisisMMD_v2.0\data_image\hurricane_harvey\4_9_2017\904592398507941889_0.jpg,severe_damage,Severe,1.0
C:\Users\user\Downloads\CrisisMMD_v2.0\CrisisMMD_v2.0\data_image\hurricane_harvey\4_9_2017\904597048158064640_0.jpg,severe_damage,Severe,0.5347
C:\Users\user\Downloads\CrisisMMD_v2.0\CrisisMMD_v2.0\data_image\hurricane_harvey\4_9_2017\904602540041310209_0.jpg,severe_damage,Severe,1.0
C:\Users\user\Downloads\CrisisMMD_v2.0\CrisisMMD_v2.0\data_image\hurricane_harvey\4_9_2017\904605629725237249_0.jpg,severe_damage,Severe,1.0
C:\Users\user\Downloads\CrisisMMD_v2.0\CrisisMMD_v2.0\data_image\hurricane_harvey\4_9_2017\904606118525239296_0.jpg,severe_damage,Severe,1.0
C:\Users\user\Downloads\CrisisMMD_v2.0\CrisisMMD_v2.0\data_image\hurricane_harvey\4_9_2017\904612540847718400_0.jpg,severe_damage,Severe,0.6501
C:\Users\user\Downloads\CrisisMMD_v2.0\CrisisMMD_v2.0\data_image\hurricane_harvey\4_9_2017\904623462077140993_0.jpg,little_or_no_damage,Minor,0.698
C:\Users\user\Downloads\CrisisMMD_v2.0\CrisisMMD_v2.0\data_image\hurricane_harvey\4_9_2017\904623845704744960_0.jpg,severe_damage,Severe,1.0
C:\Users\user\Downloads\CrisisMMD_v2.0\CrisisMMD_v2.0\data_image\hurricane_harvey\4_9_2017\904626733269356544_0.jpg,severe_damage,Severe,0.8774
C:\Users\user\Downloads\CrisisMMD_v2.0\CrisisMMD_v2.0\data_image\hurricane_harvey\4_9_2017\904630236712665088_0.jpg,severe_damage,Severe,1.0
C:\Users\user\Downloads\CrisisMMD_v2.0\CrisisMMD_v2.0\data_image\hurricane_harvey\4_9_2017\904635077275000835_0.jpg,severe_damage,Severe,1.0
C:\Users\user\Downloads\CrisisMMD_v2.0\CrisisMMD_v2.0\data_image\hurricane_harvey\4_9_2017\904651672873570304_0.jpg,severe_damage,Severe,0.7027
C:\Users\user\Downloads\CrisisMMD_v2.0\CrisisMMD_v2.0\data_image\hurricane_harvey\4_9_2017\904652302581202946_0.jpg,severe_damage,Severe,1.0
C:\Users\user\Downloads\CrisisMMD_v2.0\CrisisMMD_v2.0\data_image\hurricane_harvey\4_9_2017\904655830108200960_0.jpg,severe_damage,Severe,0.6481
C:\Users\user\Downloads\CrisisMMD_v2.0\CrisisMMD_v2.0\data_image\hurricane_harvey\4_9_2017\904661779145515009_0.jpg,severe_damage,Severe,1.0
C:\Users\user\Downloads\CrisisMMD_v2.0\CrisisMMD_v2.0\data_image\hurricane_harvey\4_9_2017\904669405585457152_0.jpg,mild_damage,Moderate,0.6604
C:\Users\user\Downloads\CrisisMMD_v2.0\CrisisMMD_v2.0\data_image\hurricane_harvey\4_9_2017\904670957247373312_0.jpg,little_or_no_damage,Minor,0.38
C:\Users\user\Downloads\CrisisMMD_v2.0\CrisisMMD_v2.0\data_image\hurricane_harvey\4_9_2017\904677953983967233_0.jpg,mild_damage,Moderate,1.0
C:\Users\user\Downloads\CrisisMMD_v2.0\CrisisMMD_v2.0\data_image\hurricane_harvey\4_9_2017\904681149619896320_0.jpg,severe_damage,Severe,1.0
C:\Users\user\Downloads\CrisisMMD_v2.0\CrisisMMD_v2.0\data_image\hurricane_harvey\4_9_2017\904685539412119553_0.jpg,severe_damage,Severe,1.0
C:\Users\user\Downloads\CrisisMMD_v2.0\CrisisMMD_v2.0\data_image\hurricane_harvey\4_9_2017\904692950780846082_0.jpg,mild_damage,Moderate,1.0
C:\Users\user\Downloads\CrisisMMD_v2.0\CrisisMMD_v2.0\data_image\hurricane_harvey\4_9_2017\904697308947914753_0.jpg,severe_damage,Severe,1.0
C:\Users\user\Downloads\CrisisMMD_v2.0\CrisisMMD_v2.0\data_image\hurricane_harvey\4_9_2017\904701859750969345_0.jpg,mild_damage,Moderate,0.6869
C:\Users\user\Downloads\CrisisMMD_v2.0\CrisisMMD_v2.0\data_image\hurricane_harvey\4_9_2017\904701869322317824_0.jpg,severe_damage,Severe,1.0
C:\Users\user\Downloads\CrisisMMD_v2.0\CrisisMMD_v2.0\data_image\hurricane_harvey\4_9_2017\904705739733782530_0.jpg,little_or_no_damage,Minor,0.6212
C:\Users\user\Downloads\CrisisMMD_v2.0\CrisisMMD_v2.0\data_image\hurricane_harvey\4_9_2017\904705836521545728_0.jpg,severe_damage,Severe,1.0
C:\Users\user\Downloads\CrisisMMD_v2.0\CrisisMMD_v2.0\data_image\hurricane_harvey\4_9_2017\904705943048527873_0.jpg,severe_damage,Severe,1.0
C:\Users\user\Downloads\CrisisMMD_v2.0\CrisisMMD_v2.0\data_image\hurricane_harvey\4_9_2017\904706043690745856_0.jpg,severe_damage,Severe,1.0
C:\Users\user\Downloads\CrisisMMD_v2.0\CrisisMMD_v2.0\data_image\hurricane_harvey\4_9_2017\904709995455025152_0.jpg,severe_damage,Severe,0.7248
C:\Users\user\Downloads\CrisisMMD_v2.0\CrisisMMD_v2.0\data_image\hurricane_harvey\4_9_2017\904710459814690816_0.jpg,severe_damage,Severe,1.0
C:\Users\user\Downloads\CrisisMMD_v2.0\CrisisMMD_v2.0\data_image\hurricane_harvey\4_9_2017\904713943653818368_0.jpg,mild_damage,Moderate,1.0
C:\Users\user\Downloads\CrisisMMD_v2.0\CrisisMMD_v2.0\data_image\hurricane_harvey\4_9_2017\904719269384028161_0.jpg,severe_damage,Severe,0.6735
C:\Users\user\Downloads\CrisisMMD_v2.0\CrisisMMD_v2.0\data_image\hurricane_harvey\4_9_2017\904724083966955521_0.jpg,severe_damage,Severe,0.3934
C:\Users\user\Downloads\CrisisMMD_v2.0\CrisisMMD_v2.0\data_image\hurricane_harvey\4_9_2017\904728264614133761_0.jpg,severe_damage,Severe,0.6794
C:\Users\user\Downloads\CrisisMMD_v2.0\CrisisMMD_v2.0\data_image\hurricane_harvey\4_9_2017\904737098552328193_0.jpg,severe_damage,Severe,0.6565
C:\Users\user\Downloads\CrisisMMD_v2.0\CrisisMMD_v2.0\data_image\hurricane_harvey\4_9_2017\904742654306656257_0.jpg,severe_damage,Severe,1.0
C:\Users\user\Downloads\CrisisMMD_v2.0\CrisisMMD_v2.0\data_image\hurricane_harvey\4_9_2017\904746247847862278_0.jpg,mild_damage,Moderate,0.6771
C:\Users\user\Downloads\CrisisMMD_v2.0\CrisisMMD_v2.0\data_image\hurricane_harvey\4_9_2017\904755048302956551_0.jpg,severe_damage,Severe,1.0
C:\Users\user\Downloads\CrisisMMD_v2.0\CrisisMMD_v2.0\data_image\hurricane_harvey\4_9_2017\904755214879678464_0.jpg,little_or_no_damage,Minor,1.0
C:\Users\user\Downloads\CrisisMMD_v2.0\CrisisMMD_v2.0\data_image\hurricane_harvey\4_9_2017\904755735069945856_0.jpg,severe_damage,Severe,0.699
C:\Users\user\Downloads\CrisisMMD_v2.0\CrisisMMD_v2.0\data_image\hurricane_harvey\4_9_2017\904759310277849089_0.jpg,mild_damage,Moderate,0.6976
C:\Users\user\Downloads\CrisisMMD_v2.0\CrisisMMD_v2.0\data_image\hurricane_harvey\4_9_2017\904764207605874688_0.jpg,severe_damage,Severe,0.6969
C:\Users\user\Downloads\CrisisMMD_v2.0\CrisisMMD_v2.0\data_image\hurricane_harvey\4_9_2017\904779114506326016_0.jpg,little_or_no_damage,Minor,0.7
C:\Users\user\Downloads\CrisisMMD_v2.0\CrisisMMD_v2.0\data_image\hurricane_harvey\4_9_2017\904779342953279489_0.jpg,severe_damage,Severe,0.6036
C:\Users\user\Downloads\CrisisMMD_v2.0\CrisisMMD_v2.0\data_image\hurricane_harvey\4_9_2017\904780011621670912_0.jpg,severe_damage,Severe,0.6673
C:\Users\user\Downloads\CrisisMMD_v2.0\CrisisMMD_v2.0\data_image\hurricane_harvey\4_9_2017\904780104953417728_0.jpg,mild_damage,Moderate,1.0
C:\Users\user\Downloads\CrisisMMD_v2.0\CrisisMMD_v2.0\data_image\hurricane_harvey\4_9_2017\904787823181520896_0.jpg,severe_damage,Severe,0.672
C:\Users\user\Downloads\CrisisMMD_v2.0\CrisisMMD_v2.0\data_image\hurricane_harvey\4_9_2017\904796109759021059_1.jpg,mild_damage,Moderate,0.672
C:\Users\user\Downloads\CrisisMMD_v2.0\CrisisMMD_v2.0\data_image\hurricane_harvey\4_9_2017\904796109759021059_2.jpg,mild_damage,Moderate,0.3411
C:\Users\user\Downloads\CrisisMMD_v2.0\CrisisMMD_v2.0\data_image\hurricane_harvey\4_9_2017\904798850740875264_0.jpg,severe_damage,Severe,1.0
C:\Users\user\Downloads\CrisisMMD_v2.0\CrisisMMD_v2.0\data_image\hurricane_harvey\4_9_2017\904799982200303616_0.jpg,severe_damage,Severe,0.6351
C:\Users\user\Downloads\CrisisMMD_v2.0\CrisisMMD_v2.0\data_image\hurricane_harvey\4_9_2017\904802599219625985_0.jpg,severe_damage,Severe,1.0
C:\Users\user\Downloads\CrisisMMD_v2.0\CrisisMMD_v2.0\data_image\hurricane_harvey\4_9_2017\904803081124175872_0.jpg,severe_damage,Severe,1.0
C:\Users\user\Downloads\CrisisMMD_v2.0\CrisisMMD_v2.0\data_image\hurricane_harvey\4_9_2017\904804014419824640_0.jpg,severe_damage,Severe,0.3437
C:\Users\user\Downloads\CrisisMMD_v2.0\CrisisMMD_v2.0\data_image\hurricane_harvey\4_9_2017\904806868794605569_0.jpg,severe_damage,Severe,1.0
C:\Users\user\Downloads\CrisisMMD_v2.0\CrisisMMD_v2.0\data_image\hurricane_harvey\4_9_2017\904807213927206912_1.jpg,mild_damage,Moderate,0.6933
C:\Users\user\Downloads\CrisisMMD_v2.0\CrisisMMD_v2.0\data_image\hurricane_harvey\4_9_2017\904807213927206912_2.jpg,mild_damage,Moderate,0.6791
C:\Users\user\Downloads\CrisisMMD_v2.0\CrisisMMD_v2.0\data_image\hurricane_harvey\4_9_2017\904814892095598592_0.jpg,mild_damage,Moderate,1.0
C:\Users\user\Downloads\CrisisMMD_v2.0\CrisisMMD_v2.0\data_image\hurricane_harvey\4_9_2017\904818400639246336_0.jpg,severe_damage,Severe,0.6451
C:\Users\user\Downloads\CrisisMMD_v2.0\CrisisMMD_v2.0\data_image\hurricane_harvey\4_9_2017\904822253744992256_0.jpg,mild_damage,Moderate,1.0
C:\Users\user\Downloads\CrisisMMD_v2.0\CrisisMMD_v2.0\data_image\hurricane_harvey\4_9_2017\904825961165795328_0.jpg,severe_damage,Severe,0.6907
C:\Users\user\Downloads\CrisisMMD_v2.0\CrisisMMD_v2.0\data_image\hurricane_harvey\4_9_2017\904826427291271168_0.jpg,mild_damage,Moderate,0.7017
C:\Users\user\Downloads\CrisisMMD_v2.0\CrisisMMD_v2.0\data_image\hurricane_harvey\4_9_2017\904826436036419585_0.jpg,severe_damage,Severe,1.0
C:\Users\user\Downloads\CrisisMMD_v2.0\CrisisMMD_v2.0\data_image\hurricane_harvey\4_9_2017\904830090386735105_0.jpg,little_or_no_damage,Minor,0.6746
C:\Users\user\Downloads\CrisisMMD_v2.0\CrisisMMD_v2.0\data_image\hurricane_harvey\4_9_2017\904842215620583425_0.jpg,little_or_no_damage,Minor,0.3766
C:\Users\user\Downloads\CrisisMMD_v2.0\CrisisMMD_v2.0\data_image\hurricane_harvey\4_9_2017\904845858289668100_0.jpg,severe_damage,Severe,1.0
C:\Users\user\Downloads\CrisisMMD_v2.0\CrisisMMD_v2.0\data_image\hurricane_harvey\4_9_2017\904849577450160128_0.jpg,severe_damage,Severe,0.6606
C:\Users\user\Downloads\CrisisMMD_v2.0\CrisisMMD_v2.0\data_image\hurricane_harvey\4_9_2017\904853179103412226_0.jpg,severe_damage,Severe,1.0
C:\Users\user\Downloads\CrisisMMD_v2.0\CrisisMMD_v2.0\data_image\hurricane_harvey\4_9_2017\904853248384913408_0.jpg,mild_damage,Moderate,0.6616
C:\Users\user\Downloads\CrisisMMD_v2.0\CrisisMMD_v2.0\data_image\hurricane_harvey\4_9_2017\904854110620573696_0.jpg,severe_damage,Severe,1.0
C:\Users\user\Downloads\CrisisMMD_v2.0\CrisisMMD_v2.0\data_image\hurricane_harvey\5_9_2017\904856908984573952_0.jpg,severe_damage,Severe,0.6657
C:\Users\user\Downloads\CrisisMMD_v2.0\CrisisMMD_v2.0\data_image\hurricane_harvey\5_9_2017\904857217266016256_0.jpg,severe_damage,Severe,1.0
C:\Users\user\Downloads\CrisisMMD_v2.0\CrisisMMD_v2.0\data_image\hurricane_harvey\5_9_2017\904873466989502464_0.jpg,severe_damage,Severe,1.0
C:\Users\user\Downloads\CrisisMMD_v2.0\CrisisMMD_v2.0\data_image\hurricane_harvey\5_9_2017\904874263156490242_0.jpg,severe_damage,Severe,1.0
C:\Users\user\Downloads\CrisisMMD_v2.0\CrisisMMD_v2.0\data_image\hurricane_harvey\5_9_2017\904878370088816641_0.jpg,severe_damage,Severe,0.384
C:\Users\user\Downloads\CrisisMMD_v2.0\CrisisMMD_v2.0\data_image\hurricane_harvey\5_9_2017\904881590005850117_0.jpg,severe_damage,Severe,1.0
C:\Users\user\Downloads\CrisisMMD_v2.0\CrisisMMD_v2.0\data_image\hurricane_harvey\5_9_2017\904898551062429696_0.jpg,severe_damage,Severe,0.6488
C:\Users\user\Downloads\CrisisMMD_v2.0\CrisisMMD_v2.0\data_image\hurricane_harvey\5_9_2017\904901981042507776_0.jpg,severe_damage,Severe,1.0
C:\Users\user\Downloads\CrisisMMD_v2.0\CrisisMMD_v2.0\data_image\hurricane_harvey\5_9_2017\904907305107562497_0.jpg,severe_damage,Severe,1.0
C:\Users\user\Downloads\CrisisMMD_v2.0\CrisisMMD_v2.0\data_image\hurricane_harvey\5_9_2017\904914448099495936_0.jpg,mild_damage,Moderate,0.6507
C:\Users\user\Downloads\CrisisMMD_v2.0\CrisisMMD_v2.0\data_image\hurricane_harvey\5_9_2017\904919183762219008_0.jpg,little_or_no_damage,Minor,0.6446
C:\Users\user\Downloads\CrisisMMD_v2.0\CrisisMMD_v2.0\data_image\hurricane_harvey\5_9_2017\904925838839169028_0.jpg,little_or_no_damage,Minor,0.3564
C:\Users\user\Downloads\CrisisMMD_v2.0\CrisisMMD_v2.0\data_image\hurricane_harvey\5_9_2017\904933387114340352_0.jpg,little_or_no_damage,Minor,0.6888
C:\Users\user\Downloads\CrisisMMD_v2.0\CrisisMMD_v2.0\data_image\hurricane_harvey\5_9_2017\904947206607818753_0.jpg,little_or_no_damage,Minor,0.6534
C:\Users\user\Downloads\CrisisMMD_v2.0\CrisisMMD_v2.0\data_image\hurricane_harvey\5_9_2017\904947742224650241_0.jpg,severe_damage,Severe,0.6731
C:\Users\user\Downloads\CrisisMMD_v2.0\CrisisMMD_v2.0\data_image\hurricane_harvey\5_9_2017\904955849487126528_0.jpg,mild_damage,Moderate,0.697
C:\Users\user\Downloads\CrisisMMD_v2.0\CrisisMMD_v2.0\data_image\hurricane_harvey\5_9_2017\904956036733423616_0.jpg,mild_damage,Moderate,0.6576
C:\Users\user\Downloads\CrisisMMD_v2.0\CrisisMMD_v2.0\data_image\hurricane_harvey\5_9_2017\904965572525359104_0.jpg,severe_damage,Severe,1.0
C:\Users\user\Downloads\CrisisMMD_v2.0\CrisisMMD_v2.0\data_image\hurricane_harvey\5_9_2017\904972350294171650_0.jpg,little_or_no_damage,Minor,1.0
C:\Users\user\Downloads\CrisisMMD_v2.0\CrisisMMD_v2.0\data_image\hurricane_harvey\5_9_2017\904987361922211840_0.jpg,severe_damage,Severe,1.0
C:\Users\user\Downloads\CrisisMMD_v2.0\CrisisMMD_v2.0\data_image\hurricane_harvey\5_9_2017\904989032031158274_0.jpg,severe_damage,Severe,1.0
C:\Users\user\Downloads\CrisisMMD_v2.0\CrisisMMD_v2.0\data_image\hurricane_harvey\5_9_2017\904993803911790592_0.jpg,mild_damage,Moderate,0.6536
C:\Users\user\Downloads\CrisisMMD_v2.0\CrisisMMD_v2.0\data_image\hurricane_harvey\5_9_2017\904994908016058368_0.jpg,little_or_no_damage,Minor,0.6829
C:\Users\user\Downloads\CrisisMMD_v2.0\CrisisMMD_v2.0\data_image\hurricane_harvey\5_9_2017\905002837083430912_0.jpg,severe_damage,Severe,0.6346
C:\Users\user\Downloads\CrisisMMD_v2.0\CrisisMMD_v2.0\data_image\hurricane_harvey\5_9_2017\905009525463375874_0.jpg,severe_damage,Severe,1.0
C:\Users\user\Downloads\CrisisMMD_v2.0\CrisisMMD_v2.0\data_image\hurricane_harvey\5_9_2017\905013847836241920_0.jpg,severe_damage,Severe,0.6466
C:\Users\user\Downloads\CrisisMMD_v2.0\CrisisMMD_v2.0\data_image\hurricane_harvey\5_9_2017\905014427451244544_0.jpg,little_or_no_damage,Minor,0.6606
C:\Users\user\Downloads\CrisisMMD_v2.0\CrisisMMD_v2.0\data_image\hurricane_harvey\5_9_2017\905015318401216512_2.jpg,severe_damage,Severe,0.6679
C:\Users\user\Downloads\CrisisMMD_v2.0\CrisisMMD_v2.0\data_image\hurricane_harvey\5_9_2017\905019523937443842_0.jpg,severe_damage,Severe,1.0
C:\Users\user\Downloads\CrisisMMD_v2.0\CrisisMMD_v2.0\data_image\hurricane_harvey\5_9_2017\905028821858082816_0.jpg,severe_damage,Severe,0.6366
C:\Users\user\Downloads\CrisisMMD_v2.0\CrisisMMD_v2.0\data_image\hurricane_harvey\5_9_2017\905033648268652544_0.jpg,mild_damage,Moderate,0.6974
C:\Users\user\Downloads\CrisisMMD_v2.0\CrisisMMD_v2.0\data_image\hurricane_harvey\5_9_2017\905035038575788032_0.jpg,mild_damage,Moderate,0.6843
C:\Users\user\Downloads\CrisisMMD_v2.0\CrisisMMD_v2.0\data_image\hurricane_harvey\5_9_2017\905037826286387200_0.jpg,severe_damage,Severe,1.0
C:\Users\user\Downloads\CrisisMMD_v2.0\CrisisMMD_v2.0\data_image\hurricane_harvey\5_9_2017\905050833687064577_0.jpg,severe_damage,Severe,0.659
C:\Users\user\Downloads\CrisisMMD_v2.0\CrisisMMD_v2.0\data_image\hurricane_harvey\5_9_2017\905050995046141953_0.jpg,severe_damage,Severe,1.0
C:\Users\user\Downloads\CrisisMMD_v2.0\CrisisMMD_v2.0\data_image\hurricane_harvey\5_9_2017\905055726183124993_0.jpg,severe_damage,Severe,1.0
C:\Users\user\Downloads\CrisisMMD_v2.0\CrisisMMD_v2.0\data_image\hurricane_harvey\5_9_2017\905056740634394625_0.jpg,mild_damage,Moderate,0.6241
C:\Users\user\Downloads\CrisisMMD_v2.0\CrisisMMD_v2.0\data_image\hurricane_harvey\5_9_2017\905056852383113216_0.jpg,severe_damage,Severe,1.0
C:\Users\user\Downloads\CrisisMMD_v2.0\CrisisMMD_v2.0\data_image\hurricane_harvey\5_9_2017\905065364601667585_0.jpg,severe_damage,Severe,1.0
C:\Users\user\Downloads\CrisisMMD_v2.0\CrisisMMD_v2.0\data_image\hurricane_harvey\5_9_2017\905069428341174272_0.jpg,severe_damage,Severe,1.0
C:\Users\user\Downloads\CrisisMMD_v2.0\CrisisMMD_v2.0\data_image\hurricane_harvey\5_9_2017\905082549369798657_0.jpg,severe_damage,Severe,1.0
C:\Users\user\Downloads\CrisisMMD_v2.0\CrisisMMD_v2.0\data_image\hurricane_harvey\5_9_2017\905090747388633088_0.jpg,severe_damage,Severe,1.0
C:\Users\user\Downloads\CrisisMMD_v2.0\CrisisMMD_v2.0\data_image\hurricane_harvey\5_9_2017\905092083047964672_3.jpg,mild_damage,Moderate,0.3999
C:\Users\user\Downloads\CrisisMMD_v2.0\CrisisMMD_v2.0\data_image\hurricane_harvey\5_9_2017\905095591675518976_0.jpg,severe_damage,Severe,1.0
C:\Users\user\Downloads\CrisisMMD_v2.0\CrisisMMD_v2.0\data_image\hurricane_harvey\5_9_2017\905114566081867781_0.jpg,severe_damage,Severe,0.3627
C:\Users\user\Downloads\CrisisMMD_v2.0\CrisisMMD_v2.0\data_image\hurricane_harvey\5_9_2017\905114714816086016_0.jpg,mild_damage,Moderate,0.6802
C:\Users\user\Downloads\CrisisMMD_v2.0\CrisisMMD_v2.0\data_image\hurricane_harvey\5_9_2017\905133260526714880_2.jpg,mild_damage,Moderate,0.6923
C:\Users\user\Downloads\CrisisMMD_v2.0\CrisisMMD_v2.0\data_image\hurricane_harvey\5_9_2017\905137064282378240_0.jpg,mild_damage,Moderate,0.3611
C:\Users\user\Downloads\CrisisMMD_v2.0\CrisisMMD_v2.0\data_image\hurricane_harvey\5_9_2017\905148566099951619_0.jpg,severe_damage,Severe,1.0
C:\Users\user\Downloads\CrisisMMD_v2.0\CrisisMMD_v2.0\data_image\hurricane_harvey\5_9_2017\905148792516866049_1.jpg,severe_damage,Severe,1.0
C:\Users\user\Downloads\CrisisMMD_v2.0\CrisisMMD_v2.0\data_image\hurricane_harvey\5_9_2017\905148792516866049_2.jpg,severe_damage,Severe,0.3489
C:\Users\user\Downloads\CrisisMMD_v2.0\CrisisMMD_v2.0\data_image\hurricane_harvey\5_9_2017\905153821369917440_0.jpg,severe_damage,Severe,1.0
C:\Users\user\Downloads\CrisisMMD_v2.0\CrisisMMD_v2.0\data_image\hurricane_harvey\5_9_2017\905153821369917440_1.jpg,severe_damage,Severe,1.0
C:\Users\user\Downloads\CrisisMMD_v2.0\CrisisMMD_v2.0\data_image\hurricane_harvey\5_9_2017\905156973716496384_0.jpg,severe_damage,Severe,1.0
C:\Users\user\Downloads\CrisisMMD_v2.0\CrisisMMD_v2.0\data_image\hurricane_harvey\5_9_2017\905161615993131009_0.jpg,severe_damage,Severe,1.0
C:\Users\user\Downloads\CrisisMMD_v2.0\CrisisMMD_v2.0\data_image\hurricane_harvey\5_9_2017\905161654521913344_3.jpg,mild_damage,Moderate,1.0
C:\Users\user\Downloads\CrisisMMD_v2.0\CrisisMMD_v2.0\data_image\hurricane_harvey\5_9_2017\905164133934485504_0.jpg,severe_damage,Severe,0.6579
C:\Users\user\Downloads\CrisisMMD_v2.0\CrisisMMD_v2.0\data_image\hurricane_harvey\5_9_2017\905164194970050561_0.jpg,mild_damage,Moderate,0.602
C:\Users\user\Downloads\CrisisMMD_v2.0\CrisisMMD_v2.0\data_image\hurricane_harvey\5_9_2017\905165483816648704_0.jpg,severe_damage,Severe,1.0
C:\Users\user\Downloads\CrisisMMD_v2.0\CrisisMMD_v2.0\data_image\hurricane_harvey\5_9_2017\905173765151219714_0.jpg,severe_damage,Severe,1.0
C:\Users\user\Downloads\CrisisMMD_v2.0\CrisisMMD_v2.0\data_image\hurricane_harvey\5_9_2017\905173821715619840_0.jpg,severe_damage,Severe,1.0
C:\Users\user\Downloads\CrisisMMD_v2.0\CrisisMMD_v2.0\data_image\hurricane_harvey\5_9_2017\905185045685559297_0.jpg,severe_damage,Severe,0.6611
C:\Users\user\Downloads\CrisisMMD_v2.0\CrisisMMD_v2.0\data_image\hurricane_harvey\5_9_2017\905188876968501249_0.jpg,severe_damage,Severe,1.0
C:\Users\user\Downloads\CrisisMMD_v2.0\CrisisMMD_v2.0\data_image\hurricane_harvey\5_9_2017\905195533853216769_0.jpg,severe_damage,Severe,1.0
C:\Users\user\Downloads\CrisisMMD_v2.0\CrisisMMD_v2.0\data_image\hurricane_harvey\5_9_2017\905196162415820805_2.jpg,severe_damage,Severe,0.6593
C:\Users\user\Downloads\CrisisMMD_v2.0\CrisisMMD_v2.0\data_image\hurricane_harvey\5_9_2017\905200250796687360_0.jpg,severe_damage,Severe,0.6667
C:\Users\user\Downloads\CrisisMMD_v2.0\CrisisMMD_v2.0\data_image\hurricane_harvey\5_9_2017\905200806449831937_0.jpg,severe_damage,Severe,1.0
C:\Users\user\Downloads\CrisisMMD_v2.0\CrisisMMD_v2.0\data_image\hurricane_harvey\5_9_2017\905213262039539717_0.jpg,severe_damage,Severe,0.6677
C:\Users\user\Downloads\CrisisMMD_v2.0\CrisisMMD_v2.0\data_image\hurricane_harvey\5_9_2017\905215758917144584_0.jpg,little_or_no_damage,Minor,0.6839
C:\Users\user\Downloads\CrisisMMD_v2.0\CrisisMMD_v2.0\data_image\hurricane_harvey\6_9_2017\905226541965168640_0.jpg,severe_damage,Severe,0.6785
C:\Users\user\Downloads\CrisisMMD_v2.0\CrisisMMD_v2.0\data_image\hurricane_harvey\6_9_2017\905230326359891968_0.jpg,little_or_no_damage,Minor,1.0
C:\Users\user\Downloads\CrisisMMD_v2.0\CrisisMMD_v2.0\data_image\hurricane_harvey\6_9_2017\905230326359891968_1.jpg,severe_damage,Severe,1.0
C:\Users\user\Downloads\CrisisMMD_v2.0\CrisisMMD_v2.0\data_image\hurricane_harvey\6_9_2017\905230326359891968_2.jpg,mild_damage,Moderate,1.0
C:\Users\user\Downloads\CrisisMMD_v2.0\CrisisMMD_v2.0\data_image\hurricane_harvey\6_9_2017\905230715566006272_0.jpg,severe_damage,Severe,0.6651
C:\Users\user\Downloads\CrisisMMD_v2.0\CrisisMMD_v2.0\data_image\hurricane_harvey\6_9_2017\905247696734248961_0.jpg,severe_damage,Severe,0.6946
C:\Users\user\Downloads\CrisisMMD_v2.0\CrisisMMD_v2.0\data_image\hurricane_harvey\6_9_2017\905248425746288641_0.jpg,severe_damage,Severe,1.0
C:\Users\user\Downloads\CrisisMMD_v2.0\CrisisMMD_v2.0\data_image\hurricane_harvey\6_9_2017\905251511072153600_0.jpg,severe_damage,Severe,1.0
C:\Users\user\Downloads\CrisisMMD_v2.0\CrisisMMD_v2.0\data_image\hurricane_harvey\6_9_2017\905251531615764484_0.jpg,severe_damage,Severe,0.8185
C:\Users\user\Downloads\CrisisMMD_v2.0\CrisisMMD_v2.0\data_image\hurricane_harvey\6_9_2017\905260640213893121_0.jpg,mild_damage,Moderate,1.0
C:\Users\user\Downloads\CrisisMMD_v2.0\CrisisMMD_v2.0\data_image\hurricane_harvey\6_9_2017\905268948828119044_0.jpg,severe_damage,Severe,0.6641
C:\Users\user\Downloads\CrisisMMD_v2.0\CrisisMMD_v2.0\data_image\hurricane_harvey\6_9_2017\905276630486196224_0.jpg,mild_damage,Moderate,0.7015
C:\Users\user\Downloads\CrisisMMD_v2.0\CrisisMMD_v2.0\data_image\hurricane_harvey\6_9_2017\905277948395184128_0.jpg,severe_damage,Severe,1.0
C:\Users\user\Downloads\CrisisMMD_v2.0\CrisisMMD_v2.0\data_image\hurricane_harvey\6_9_2017\905290227178229764_0.jpg,mild_damage,Moderate,0.3549
C:\Users\user\Downloads\CrisisMMD_v2.0\CrisisMMD_v2.0\data_image\hurricane_harvey\6_9_2017\905306602416332800_0.jpg,mild_damage,Moderate,0.685
C:\Users\user\Downloads\CrisisMMD_v2.0\CrisisMMD_v2.0\data_image\hurricane_harvey\6_9_2017\905310236646322176_0.jpg,severe_damage,Severe,0.6899
C:\Users\user\Downloads\CrisisMMD_v2.0\CrisisMMD_v2.0\data_image\hurricane_harvey\6_9_2017\905315238769299456_0.jpg,mild_damage,Moderate,0.3487
C:\Users\user\Downloads\CrisisMMD_v2.0\CrisisMMD_v2.0\data_image\hurricane_harvey\6_9_2017\905351240715866112_0.jpg,little_or_no_damage,Minor,0.6391
C:\Users\user\Downloads\CrisisMMD_v2.0\CrisisMMD_v2.0\data_image\hurricane_harvey\6_9_2017\905360530591944705_0.jpg,severe_damage,Severe,0.7059
C:\Users\user\Downloads\CrisisMMD_v2.0\CrisisMMD_v2.0\data_image\hurricane_harvey\6_9_2017\905362446361165824_0.jpg,severe_damage,Severe,1.0
C:\Users\user\Downloads\CrisisMMD_v2.0\CrisisMMD_v2.0\data_image\hurricane_harvey\6_9_2017\905367007092105216_0.jpg,severe_damage,Severe,1.0
C:\Users\user\Downloads\CrisisMMD_v2.0\CrisisMMD_v2.0\data_image\hurricane_harvey\6_9_2017\905370221065760768_0.jpg,severe_damage,Severe,1.0
C:\Users\user\Downloads\CrisisMMD_v2.0\CrisisMMD_v2.0\data_image\hurricane_harvey\6_9_2017\905377045873651712_0.jpg,severe_damage,Severe,1.0
C:\Users\user\Downloads\CrisisMMD_v2.0\CrisisMMD_v2.0\data_image\hurricane_harvey\6_9_2017\905386004076486656_0.jpg,severe_damage,Severe,0.6764
C:\Users\user\Downloads\CrisisMMD_v2.0\CrisisMMD_v2.0\data_image\hurricane_harvey\6_9_2017\905400128864968706_0.jpg,little_or_no_damage,Minor,0.672
C:\Users\user\Downloads\CrisisMMD_v2.0\CrisisMMD_v2.0\data_image\hurricane_harvey\6_9_2017\905400874880704512_0.jpg,mild_damage,Moderate,0.6766
C:\Users\user\Downloads\CrisisMMD_v2.0\CrisisMMD_v2.0\data_image\hurricane_harvey\6_9_2017\905405070526873600_0.jpg,mild_damage,Moderate,0.6163
C:\Users\user\Downloads\CrisisMMD_v2.0\CrisisMMD_v2.0\data_image\hurricane_harvey\6_9_2017\905407906757181440_0.jpg,severe_damage,Severe,1.0
C:\Users\user\Downloads\CrisisMMD_v2.0\CrisisMMD_v2.0\data_image\hurricane_harvey\6_9_2017\905409873076043781_0.jpg,mild_damage,Moderate,0.658
C:\Users\user\Downloads\CrisisMMD_v2.0\CrisisMMD_v2.0\data_image\hurricane_harvey\6_9_2017\905420310081675267_0.jpg,little_or_no_damage,Minor,0.6822
C:\Users\user\Downloads\CrisisMMD_v2.0\CrisisMMD_v2.0\data_image\hurricane_harvey\6_9_2017\905424850671595520_0.jpg,severe_damage,Severe,1.0
C:\Users\user\Downloads\CrisisMMD_v2.0\CrisisMMD_v2.0\data_image\hurricane_harvey\6_9_2017\905427798466207746_0.jpg,mild_damage,Moderate,1.0
C:\Users\user\Downloads\CrisisMMD_v2.0\CrisisMMD_v2.0\data_image\hurricane_harvey\6_9_2017\905427798466207746_1.jpg,little_or_no_damage,Minor,1.0
C:\Users\user\Downloads\CrisisMMD_v2.0\CrisisMMD_v2.0\data_image\hurricane_harvey\6_9_2017\905433786166513664_0.jpg,severe_damage,Severe,0.6663
C:\Users\user\Downloads\CrisisMMD_v2.0\CrisisMMD_v2.0\data_image\hurricane_harvey\6_9_2017\905441486157873153_0.jpg,severe_damage,Severe,0.6574
C:\Users\user\Downloads\CrisisMMD_v2.0\CrisisMMD_v2.0\data_image\hurricane_harvey\6_9_2017\905454327082438656_0.jpg,severe_damage,Severe,1.0
C:\Users\user\Downloads\CrisisMMD_v2.0\CrisisMMD_v2.0\data_image\hurricane_harvey\6_9_2017\905463049061990400_0.jpg,severe_damage,Severe,1.0
C:\Users\user\Downloads\CrisisMMD_v2.0\CrisisMMD_v2.0\data_image\hurricane_harvey\6_9_2017\905467541534978050_0.jpg,severe_damage,Severe,0.367
C:\Users\user\Downloads\CrisisMMD_v2.0\CrisisMMD_v2.0\data_image\hurricane_harvey\6_9_2017\905470249683865604_0.jpg,severe_damage,Severe,1.0
C:\Users\user\Downloads\CrisisMMD_v2.0\CrisisMMD_v2.0\data_image\hurricane_harvey\6_9_2017\905470345175556096_0.jpg,mild_damage,Moderate,0.6877
C:\Users\user\Downloads\CrisisMMD_v2.0\CrisisMMD_v2.0\data_image\hurricane_harvey\6_9_2017\905479907920277504_0.jpg,severe_damage,Severe,1.0
C:\Users\user\Downloads\CrisisMMD_v2.0\CrisisMMD_v2.0\data_image\hurricane_harvey\6_9_2017\905486990279397382_0.jpg,mild_damage,Moderate,0.6305
C:\Users\user\Downloads\CrisisMMD_v2.0\CrisisMMD_v2.0\data_image\hurricane_harvey\6_9_2017\905491119705702400_1.jpg,mild_damage,Moderate,0.3437
C:\Users\user\Downloads\CrisisMMD_v2.0\CrisisMMD_v2.0\data_image\hurricane_harvey\6_9_2017\905491728345554945_0.jpg,severe_damage,Severe,1.0
C:\Users\user\Downloads\CrisisMMD_v2.0\CrisisMMD_v2.0\data_image\hurricane_harvey\6_9_2017\905495596823330816_0.jpg,mild_damage,Moderate,0.676
C:\Users\user\Downloads\CrisisMMD_v2.0\CrisisMMD_v2.0\data_image\hurricane_harvey\6_9_2017\905498554332000256_3.jpg,little_or_no_damage,Minor,0.5596
C:\Users\user\Downloads\CrisisMMD_v2.0\CrisisMMD_v2.0\data_image\hurricane_harvey\6_9_2017\905499135754866689_0.jpg,severe_damage,Severe,1.0
C:\Users\user\Downloads\CrisisMMD_v2.0\CrisisMMD_v2.0\data_image\hurricane_harvey\6_9_2017\905511848115552256_0.jpg,severe_damage,Severe,0.673
C:\Users\user\Downloads\CrisisMMD_v2.0\CrisisMMD_v2.0\data_image\hurricane_harvey\6_9_2017\905519491576209408_0.jpg,severe_damage,Severe,1.0
C:\Users\user\Downloads\CrisisMMD_v2.0\CrisisMMD_v2.0\data_image\hurricane_harvey\6_9_2017\905523291321802752_0.jpg,severe_damage,Severe,1.0
C:\Users\user\Downloads\CrisisMMD_v2.0\CrisisMMD_v2.0\data_image\hurricane_harvey\6_9_2017\905534245178880001_0.jpg,little_or_no_damage,Minor,0.3522
C:\Users\user\Downloads\CrisisMMD_v2.0\CrisisMMD_v2.0\data_image\hurricane_harvey\6_9_2017\905540825261772800_0.jpg,severe_damage,Severe,1.0
C:\Users\user\Downloads\CrisisMMD_v2.0\CrisisMMD_v2.0\data_image\hurricane_harvey\6_9_2017\905542158265999361_0.jpg,severe_damage,Severe,1.0
C:\Users\user\Downloads\CrisisMMD_v2.0\CrisisMMD_v2.0\data_image\hurricane_harvey\6_9_2017\905545122150047744_0.jpg,severe_damage,Severe,0.6372
C:\Users\user\Downloads\CrisisMMD_v2.0\CrisisMMD_v2.0\data_image\hurricane_harvey\6_9_2017\905545403386527745_0.jpg,mild_damage,Moderate,1.0
C:\Users\user\Downloads\CrisisMMD_v2.0\CrisisMMD_v2.0\data_image\hurricane_harvey\6_9_2017\905548507343454208_0.jpg,little_or_no_damage,Minor,0.6512
C:\Users\user\Downloads\CrisisMMD_v2.0\CrisisMMD_v2.0\data_image\hurricane_harvey\6_9_2017\905552718088900608_0.jpg,severe_damage,Severe,1.0
C:\Users\user\Downloads\CrisisMMD_v2.0\CrisisMMD_v2.0\data_image\hurricane_harvey\6_9_2017\905552797357170688_0.jpg,severe_damage,Severe,1.0
C:\Users\user\Downloads\CrisisMMD_v2.0\CrisisMMD_v2.0\data_image\hurricane_harvey\6_9_2017\905555871069073408_0.jpg,mild_damage,Moderate,0.6563
C:\Users\user\Downloads\CrisisMMD_v2.0\CrisisMMD_v2.0\data_image\hurricane_harvey\6_9_2017\905555871069073408_2.jpg,mild_damage,Moderate,1.0
C:\Users\user\Downloads\CrisisMMD_v2.0\CrisisMMD_v2.0\data_image\hurricane_harvey\6_9_2017\905555972642541570_0.jpg,severe_damage,Severe,1.0
C:\Users\user\Downloads\CrisisMMD_v2.0\CrisisMMD_v2.0\data_image\hurricane_harvey\6_9_2017\905556047984824322_0.jpg,little_or_no_damage,Minor,1.0
C:\Users\user\Downloads\CrisisMMD_v2.0\CrisisMMD_v2.0\data_image\hurricane_harvey\6_9_2017\905556047984824322_1.jpg,little_or_no_damage,Minor,0.3596
C:\Users\user\Downloads\CrisisMMD_v2.0\CrisisMMD_v2.0\data_image\hurricane_harvey\6_9_2017\905556047984824322_2.jpg,severe_damage,Severe,1.0
C:\Users\user\Downloads\CrisisMMD_v2.0\CrisisMMD_v2.0\data_image\hurricane_harvey\6_9_2017\905556047984824322_3.jpg,severe_damage,Severe,0.696
C:\Users\user\Downloads\CrisisMMD_v2.0\CrisisMMD_v2.0\data_image\hurricane_harvey\6_9_2017\905562808166776832_0.jpg,severe_damage,Severe,0.6677
C:\Users\user\Downloads\CrisisMMD_v2.0\CrisisMMD_v2.0\data_image\hurricane_harvey\6_9_2017\905570748303007744_0.jpg,mild_damage,Moderate,0.5846
C:\Users\user\Downloads\CrisisMMD_v2.0\CrisisMMD_v2.0\data_image\hurricane_harvey\7_9_2017\905587869963735041_0.jpg,severe_damage,Severe,0.6882
C:\Users\user\Downloads\CrisisMMD_v2.0\CrisisMMD_v2.0\data_image\hurricane_harvey\7_9_2017\905596298459574273_0.jpg,mild_damage,Moderate,0.6467
C:\Users\user\Downloads\CrisisMMD_v2.0\CrisisMMD_v2.0\data_image\hurricane_harvey\7_9_2017\905598634556874753_0.jpg,severe_damage,Severe,0.6876
C:\Users\user\Downloads\CrisisMMD_v2.0\CrisisMMD_v2.0\data_image\hurricane_harvey\7_9_2017\905599089039089667_0.jpg,severe_damage,Severe,0.6569
C:\Users\user\Downloads\CrisisMMD_v2.0\CrisisMMD_v2.0\data_image\hurricane_harvey\7_9_2017\905631992183635968_0.jpg,severe_damage,Severe,0.6592
C:\Users\user\Downloads\CrisisMMD_v2.0\CrisisMMD_v2.0\data_image\hurricane_harvey\7_9_2017\905637549737213955_0.jpg,little_or_no_damage,Minor,0.6257
C:\Users\user\Downloads\CrisisMMD_v2.0\CrisisMMD_v2.0\data_image\hurricane_harvey\7_9_2017\905641800542502913_0.jpg,severe_damage,Severe,0.632
C:\Users\user\Downloads\CrisisMMD_v2.0\CrisisMMD_v2.0\data_image\hurricane_harvey\7_9_2017\905664802214858752_0.jpg,severe_damage,Severe,1.0
C:\Users\user\Downloads\CrisisMMD_v2.0\CrisisMMD_v2.0\data_image\hurricane_harvey\7_9_2017\905675792524312576_0.jpg,severe_damage,Severe,0.6677
C:\Users\user\Downloads\CrisisMMD_v2.0\CrisisMMD_v2.0\data_image\hurricane_harvey\7_9_2017\905676407589744640_0.jpg,severe_damage,Severe,0.6956
C:\Users\user\Downloads\CrisisMMD_v2.0\CrisisMMD_v2.0\data_image\hurricane_harvey\7_9_2017\905697698484977664_0.jpg,severe_damage,Severe,1.0
C:\Users\user\Downloads\CrisisMMD_v2.0\CrisisMMD_v2.0\data_image\hurricane_harvey\7_9_2017\905717230373146624_0.jpg,severe_damage,Severe,1.0
C:\Users\user\Downloads\CrisisMMD_v2.0\CrisisMMD_v2.0\data_image\hurricane_harvey\7_9_2017\905718595027705856_0.jpg,severe_damage,Severe,0.7227
C:\Users\user\Downloads\CrisisMMD_v2.0\CrisisMMD_v2.0\data_image\hurricane_harvey\7_9_2017\905731867067932673_0.jpg,severe_damage,Severe,1.0
C:\Users\user\Downloads\CrisisMMD_v2.0\CrisisMMD_v2.0\data_image\hurricane_harvey\7_9_2017\905766482503663617_0.jpg,severe_damage,Severe,1.0
C:\Users\user\Downloads\CrisisMMD_v2.0\CrisisMMD_v2.0\data_image\hurricane_harvey\7_9_2017\905777977249681409_2.jpg,severe_damage,Severe,1.0
C:\Users\user\Downloads\CrisisMMD_v2.0\CrisisMMD_v2.0\data_image\hurricane_harvey\7_9_2017\905777977249681409_3.jpg,severe_damage,Severe,1.0
C:\Users\user\Downloads\CrisisMMD_v2.0\CrisisMMD_v2.0\data_image\hurricane_harvey\7_9_2017\905793922303176704_0.jpg,severe_damage,Severe,1.0
C:\Users\user\Downloads\CrisisMMD_v2.0\CrisisMMD_v2.0\data_image\hurricane_harvey\7_9_2017\905797452095143936_0.jpg,severe_damage,Severe,1.0
C:\Users\user\Downloads\CrisisMMD_v2.0\CrisisMMD_v2.0\data_image\hurricane_harvey\7_9_2017\905800509885489156_0.jpg,severe_damage,Severe,1.0
C:\Users\user\Downloads\CrisisMMD_v2.0\CrisisMMD_v2.0\data_image\hurricane_harvey\7_9_2017\905804734929481728_0.jpg,severe_damage,Severe,1.0
C:\Users\user\Downloads\CrisisMMD_v2.0\CrisisMMD_v2.0\data_image\hurricane_harvey\7_9_2017\905819071849140224_0.jpg,little_or_no_damage,Minor,0.6445
C:\Users\user\Downloads\CrisisMMD_v2.0\CrisisMMD_v2.0\data_image\hurricane_harvey\7_9_2017\905822234383712256_0.jpg,severe_damage,Severe,0.6925
C:\Users\user\Downloads\CrisisMMD_v2.0\CrisisMMD_v2.0\data_image\hurricane_harvey\7_9_2017\905823062167232512_0.jpg,severe_damage,Severe,0.6841
C:\Users\user\Downloads\CrisisMMD_v2.0\CrisisMMD_v2.0\data_image\hurricane_harvey\7_9_2017\905826747395870720_0.jpg,little_or_no_damage,Minor,0.7147
C:\Users\user\Downloads\CrisisMMD_v2.0\CrisisMMD_v2.0\data_image\hurricane_harvey\7_9_2017\905830340975058944_0.jpg,mild_damage,Moderate,0.6901
C:\Users\user\Downloads\CrisisMMD_v2.0\CrisisMMD_v2.0\data_image\hurricane_harvey\7_9_2017\905844147227041793_0.jpg,severe_damage,Severe,0.67
C:\Users\user\Downloads\CrisisMMD_v2.0\CrisisMMD_v2.0\data_image\hurricane_harvey\7_9_2017\905846674400002048_0.jpg,severe_damage,Severe,1.0
C:\Users\user\Downloads\CrisisMMD_v2.0\CrisisMMD_v2.0\data_image\hurricane_harvey\7_9_2017\905852739716075521_0.jpg,mild_damage,Moderate,0.6522
C:\Users\user\Downloads\CrisisMMD_v2.0\CrisisMMD_v2.0\data_image\hurricane_harvey\7_9_2017\905852980376866816_1.jpg,mild_damage,Moderate,0.6031
C:\Users\user\Downloads\CrisisMMD_v2.0\CrisisMMD_v2.0\data_image\hurricane_harvey\7_9_2017\905855941484171264_0.jpg,mild_damage,Moderate,0.6592
C:\Users\user\Downloads\CrisisMMD_v2.0\CrisisMMD_v2.0\data_image\hurricane_harvey\7_9_2017\905856496189280261_0.jpg,severe_damage,Severe,0.7644
C:\Users\user\Downloads\CrisisMMD_v2.0\CrisisMMD_v2.0\data_image\hurricane_harvey\7_9_2017\905859564267913216_0.jpg,severe_damage,Severe,1.0
C:\Users\user\Downloads\CrisisMMD_v2.0\CrisisMMD_v2.0\data_image\hurricane_harvey\7_9_2017\905862761263104001_0.jpg,mild_damage,Moderate,0.6901
C:\Users\user\Downloads\CrisisMMD_v2.0\CrisisMMD_v2.0\data_image\hurricane_harvey\7_9_2017\905863374122209281_0.jpg,little_or_no_damage,Minor,0.6486
C:\Users\user\Downloads\CrisisMMD_v2.0\CrisisMMD_v2.0\data_image\hurricane_harvey\7_9_2017\905878592185389056_0.jpg,severe_damage,Severe,0.6579
C:\Users\user\Downloads\CrisisMMD_v2.0\CrisisMMD_v2.0\data_image\hurricane_harvey\7_9_2017\905878921664761858_0.jpg,severe_damage,Severe,1.0
C:\Users\user\Downloads\CrisisMMD_v2.0\CrisisMMD_v2.0\data_image\hurricane_harvey\7_9_2017\905883548829278211_0.jpg,severe_damage,Severe,1.0
C:\Users\user\Downloads\CrisisMMD_v2.0\CrisisMMD_v2.0\data_image\hurricane_harvey\7_9_2017\905883574653652993_0.jpg,severe_damage,Severe,1.0
C:\Users\user\Downloads\CrisisMMD_v2.0\CrisisMMD_v2.0\data_image\hurricane_harvey\7_9_2017\905889752968306689_0.jpg,mild_damage,Moderate,0.6438
C:\Users\user\Downloads\CrisisMMD_v2.0\CrisisMMD_v2.0\data_image\hurricane_harvey\7_9_2017\905890938832257025_0.jpg,severe_damage,Severe,1.0
C:\Users\user\Downloads\CrisisMMD_v2.0\CrisisMMD_v2.0\data_image\hurricane_harvey\7_9_2017\905897170007711744_0.jpg,little_or_no_damage,Minor,0.6908
C:\Users\user\Downloads\CrisisMMD_v2.0\CrisisMMD_v2.0\data_image\hurricane_harvey\7_9_2017\905900370412441600_0.jpg,mild_damage,Moderate,0.658
C:\Users\user\Downloads\CrisisMMD_v2.0\CrisisMMD_v2.0\data_image\hurricane_harvey\7_9_2017\905901300134461440_0.jpg,mild_damage,Moderate,0.6772
C:\Users\user\Downloads\CrisisMMD_v2.0\CrisisMMD_v2.0\data_image\hurricane_harvey\7_9_2017\905904205738766336_0.jpg,mild_damage,Moderate,0.676
C:\Users\user\Downloads\CrisisMMD_v2.0\CrisisMMD_v2.0\data_image\hurricane_harvey\7_9_2017\905904761970581504_0.jpg,severe_damage,Severe,1.0
C:\Users\user\Downloads\CrisisMMD_v2.0\CrisisMMD_v2.0\data_image\hurricane_harvey\7_9_2017\905905349437399041_0.jpg,severe_damage,Severe,1.0
C:\Users\user\Downloads\CrisisMMD_v2.0\CrisisMMD_v2.0\data_image\hurricane_harvey\7_9_2017\905909109064581120_0.jpg,severe_damage,Severe,1.0
C:\Users\user\Downloads\CrisisMMD_v2.0\CrisisMMD_v2.0\data_image\hurricane_harvey\7_9_2017\905914849322045440_0.jpg,severe_damage,Severe,0.6768
C:\Users\user\Downloads\CrisisMMD_v2.0\CrisisMMD_v2.0\data_image\hurricane_harvey\7_9_2017\905924160056168448_0.jpg,severe_damage,Severe,1.0
C:\Users\user\Downloads\CrisisMMD_v2.0\CrisisMMD_v2.0\data_image\hurricane_harvey\7_9_2017\905926924467363841_0.jpg,severe_damage,Severe,0.6924
C:\Users\user\Downloads\CrisisMMD_v2.0\CrisisMMD_v2.0\data_image\hurricane_harvey\7_9_2017\905930890735439873_0.jpg,little_or_no_damage,Minor,1.0
C:\Users\user\Downloads\CrisisMMD_v2.0\CrisisMMD_v2.0\data_image\hurricane_harvey\7_9_2017\905930890735439873_1.jpg,mild_damage,Moderate,0.655
C:\Users\user\Downloads\CrisisMMD_v2.0\CrisisMMD_v2.0\data_image\hurricane_harvey\7_9_2017\905930890735439873_2.jpg,little_or_no_damage,Minor,0.6829
C:\Users\user\Downloads\CrisisMMD_v2.0\CrisisMMD_v2.0\data_image\hurricane_harvey\8_9_2017\905947586967855104_0.jpg,severe_damage,Severe,1.0
C:\Users\user\Downloads\CrisisMMD_v2.0\CrisisMMD_v2.0\data_image\hurricane_harvey\8_9_2017\905948319330992128_0.jpg,mild_damage,Moderate,0.6388
C:\Users\user\Downloads\CrisisMMD_v2.0\CrisisMMD_v2.0\data_image\hurricane_harvey\8_9_2017\905956874838736896_0.jpg,severe_damage,Severe,1.0
C:\Users\user\Downloads\CrisisMMD_v2.0\CrisisMMD_v2.0\data_image\hurricane_harvey\8_9_2017\905960092822003712_0.jpg,severe_damage,Severe,1.0
C:\Users\user\Downloads\CrisisMMD_v2.0\CrisisMMD_v2.0\data_image\hurricane_harvey\8_9_2017\905960553830522880_0.jpg,severe_damage,Severe,1.0
C:\Users\user\Downloads\CrisisMMD_v2.0\CrisisMMD_v2.0\data_image\hurricane_harvey\8_9_2017\905963555282984960_0.jpg,mild_damage,Moderate,0.6452
C:\Users\user\Downloads\CrisisMMD_v2.0\CrisisMMD_v2.0\data_image\hurricane_harvey\8_9_2017\905968597905833988_0.jpg,severe_damage,Severe,0.3901
C:\Users\user\Downloads\CrisisMMD_v2.0\CrisisMMD_v2.0\data_image\hurricane_harvey\8_9_2017\905988543142653956_0.jpg,severe_damage,Severe,1.0
C:\Users\user\Downloads\CrisisMMD_v2.0\CrisisMMD_v2.0\data_image\hurricane_harvey\8_9_2017\905995342541410304_0.jpg,severe_damage,Severe,1.0
C:\Users\user\Downloads\CrisisMMD_v2.0\CrisisMMD_v2.0\data_image\hurricane_harvey\8_9_2017\905999617820688384_0.jpg,severe_damage,Severe,0.653
C:\Users\user\Downloads\CrisisMMD_v2.0\CrisisMMD_v2.0\data_image\hurricane_harvey\8_9_2017\906002921350979584_0.jpg,severe_damage,Severe,1.0
C:\Users\user\Downloads\CrisisMMD_v2.0\CrisisMMD_v2.0\data_image\hurricane_harvey\8_9_2017\906020553558917120_0.jpg,severe_damage,Severe,0.65
C:\Users\user\Downloads\CrisisMMD_v2.0\CrisisMMD_v2.0\data_image\hurricane_harvey\8_9_2017\906023333044424708_0.jpg,severe_damage,Severe,1.0
C:\Users\user\Downloads\CrisisMMD_v2.0\CrisisMMD_v2.0\data_image\hurricane_harvey\8_9_2017\906028713480937473_0.jpg,severe_damage,Severe,1.0
C:\Users\user\Downloads\CrisisMMD_v2.0\CrisisMMD_v2.0\data_image\hurricane_harvey\8_9_2017\906032635318640641_0.jpg,severe_damage,Severe,1.0
C:\Users\user\Downloads\CrisisMMD_v2.0\CrisisMMD_v2.0\data_image\hurricane_harvey\8_9_2017\906042646736510976_0.jpg,severe_damage,Severe,0.666
C:\Users\user\Downloads\CrisisMMD_v2.0\CrisisMMD_v2.0\data_image\hurricane_harvey\8_9_2017\906048371714084864_0.jpg,severe_damage,Severe,1.0
C:\Users\user\Downloads\CrisisMMD_v2.0\CrisisMMD_v2.0\data_image\hurricane_harvey\8_9_2017\906058581048479744_0.jpg,mild_damage,Moderate,0.6528
C:\Users\user\Downloads\CrisisMMD_v2.0\CrisisMMD_v2.0\data_image\hurricane_harvey\8_9_2017\906062230076219392_0.jpg,severe_damage,Severe,0.6368
C:\Users\user\Downloads\CrisisMMD_v2.0\CrisisMMD_v2.0\data_image\hurricane_harvey\8_9_2017\906071539413483520_0.jpg,severe_damage,Severe,0.6513
C:\Users\user\Downloads\CrisisMMD_v2.0\CrisisMMD_v2.0\data_image\hurricane_harvey\8_9_2017\906090345137659905_0.jpg,mild_damage,Moderate,0.6244
C:\Users\user\Downloads\CrisisMMD_v2.0\CrisisMMD_v2.0\data_image\hurricane_harvey\8_9_2017\906104421758767104_0.jpg,severe_damage,Severe,1.0
C:\Users\user\Downloads\CrisisMMD_v2.0\CrisisMMD_v2.0\data_image\hurricane_harvey\8_9_2017\906107025876287488_0.jpg,severe_damage,Severe,1.0
C:\Users\user\Downloads\CrisisMMD_v2.0\CrisisMMD_v2.0\data_image\hurricane_harvey\8_9_2017\906112443398619136_0.jpg,severe_damage,Severe,1.0
C:\Users\user\Downloads\CrisisMMD_v2.0\CrisisMMD_v2.0\data_image\hurricane_harvey\8_9_2017\906113658442403840_0.jpg,severe_damage,Severe,1.0
C:\Users\user\Downloads\CrisisMMD_v2.0\CrisisMMD_v2.0\data_image\hurricane_harvey\8_9_2017\906115454321664000_0.jpg,severe_damage,Severe,1.0
C:\Users\user\Downloads\CrisisMMD_v2.0\CrisisMMD_v2.0\data_image\hurricane_harvey\8_9_2017\906118222247800832_0.jpg,severe_damage,Severe,0.6679
C:\Users\user\Downloads\CrisisMMD_v2.0\CrisisMMD_v2.0\data_image\hurricane_harvey\8_9_2017\906162712937451520_0.jpg,severe_damage,Severe,0.6894
C:\Users\user\Downloads\CrisisMMD_v2.0\CrisisMMD_v2.0\data_image\hurricane_harvey\8_9_2017\906174963945799680_0.jpg,severe_damage,Severe,0.672
C:\Users\user\Downloads\CrisisMMD_v2.0\CrisisMMD_v2.0\data_image\hurricane_harvey\8_9_2017\906178937927192577_0.jpg,severe_damage,Severe,1.0
C:\Users\user\Downloads\CrisisMMD_v2.0\CrisisMMD_v2.0\data_image\hurricane_harvey\8_9_2017\906186575377248256_0.jpg,severe_damage,Severe,0.6731
C:\Users\user\Downloads\CrisisMMD_v2.0\CrisisMMD_v2.0\data_image\hurricane_harvey\8_9_2017\906187513101860864_0.jpg,severe_damage,Severe,1.0
C:\Users\user\Downloads\CrisisMMD_v2.0\CrisisMMD_v2.0\data_image\hurricane_harvey\8_9_2017\906195501338558465_0.jpg,severe_damage,Severe,0.3394
C:\Users\user\Downloads\CrisisMMD_v2.0\CrisisMMD_v2.0\data_image\hurricane_harvey\8_9_2017\906199050206068737_0.jpg,severe_damage,Severe,1.0
C:\Users\user\Downloads\CrisisMMD_v2.0\CrisisMMD_v2.0\data_image\hurricane_harvey\8_9_2017\906199066966667264_0.jpg,severe_damage,Severe,0.6695
C:\Users\user\Downloads\CrisisMMD_v2.0\CrisisMMD_v2.0\data_image\hurricane_harvey\8_9_2017\906200820961693697_0.jpg,little_or_no_damage,Minor,0.3419
C:\Users\user\Downloads\CrisisMMD_v2.0\CrisisMMD_v2.0\data_image\hurricane_harvey\8_9_2017\906207349261651973_0.jpg,severe_damage,Severe,1.0
C:\Users\user\Downloads\CrisisMMD_v2.0\CrisisMMD_v2.0\data_image\hurricane_harvey\8_9_2017\906215570005164032_0.jpg,severe_damage,Severe,1.0
C:\Users\user\Downloads\CrisisMMD_v2.0\CrisisMMD_v2.0\data_image\hurricane_harvey\8_9_2017\906215603459031041_0.jpg,severe_damage,Severe,0.6661
C:\Users\user\Downloads\CrisisMMD_v2.0\CrisisMMD_v2.0\data_image\hurricane_harvey\8_9_2017\906216841684582400_0.jpg,severe_damage,Severe,1.0
C:\Users\user\Downloads\CrisisMMD_v2.0\CrisisMMD_v2.0\data_image\hurricane_harvey\8_9_2017\906220629812273153_0.jpg,severe_damage,Severe,1.0
C:\Users\user\Downloads\CrisisMMD_v2.0\CrisisMMD_v2.0\data_image\hurricane_harvey\8_9_2017\906231653428842497_0.jpg,severe_damage,Severe,1.0
C:\Users\user\Downloads\CrisisMMD_v2.0\CrisisMMD_v2.0\data_image\hurricane_harvey\8_9_2017\906234333555433473_0.jpg,severe_damage,Severe,1.0
C:\Users\user\Downloads\CrisisMMD_v2.0\CrisisMMD_v2.0\data_image\hurricane_harvey\8_9_2017\906238289576960000_0.jpg,mild_damage,Moderate,0.6694
C:\Users\user\Downloads\CrisisMMD_v2.0\CrisisMMD_v2.0\data_image\hurricane_harvey\8_9_2017\906239653363245056_0.jpg,severe_damage,Severe,1.0
C:\Users\user\Downloads\CrisisMMD_v2.0\CrisisMMD_v2.0\data_image\hurricane_harvey\8_9_2017\906242339861037056_0.jpg,mild_damage,Moderate,0.667
C:\Users\user\Downloads\CrisisMMD_v2.0\CrisisMMD_v2.0\data_image\hurricane_harvey\8_9_2017\906254513480372225_0.jpg,severe_damage,Severe,1.0
C:\Users\user\Downloads\CrisisMMD_v2.0\CrisisMMD_v2.0\data_image\hurricane_harvey\8_9_2017\906254607210475520_0.jpg,little_or_no_damage,Minor,0.6553
C:\Users\user\Downloads\CrisisMMD_v2.0\CrisisMMD_v2.0\data_image\hurricane_harvey\8_9_2017\906281016125341696_0.jpg,severe_damage,Severe,1.0
C:\Users\user\Downloads\CrisisMMD_v2.0\CrisisMMD_v2.0\data_image\hurricane_harvey\9_9_2017\906306158994100225_0.jpg,little_or_no_damage,Minor,0.6981
C:\Users\user\Downloads\CrisisMMD_v2.0\CrisisMMD_v2.0\data_image\hurricane_harvey\9_9_2017\906306393501712384_0.jpg,severe_damage,Severe,1.0
C:\Users\user\Downloads\CrisisMMD_v2.0\CrisisMMD_v2.0\data_image\hurricane_harvey\9_9_2017\906343879909179392_0.jpg,mild_damage,Moderate,0.7057
C:\Users\user\Downloads\CrisisMMD_v2.0\CrisisMMD_v2.0\data_image\hurricane_harvey\9_9_2017\906344553204121601_0.jpg,mild_damage,Moderate,0.6238
C:\Users\user\Downloads\CrisisMMD_v2.0\CrisisMMD_v2.0\data_image\hurricane_harvey\9_9_2017\906372211216408576_0.jpg,little_or_no_damage,Minor,0.3386
C:\Users\user\Downloads\CrisisMMD_v2.0\CrisisMMD_v2.0\data_image\hurricane_harvey\9_9_2017\906424164940206080_0.jpg,severe_damage,Severe,1.0
C:\Users\user\Downloads\CrisisMMD_v2.0\CrisisMMD_v2.0\data_image\hurricane_harvey\9_9_2017\906464461946531840_0.jpg,severe_damage,Severe,0.6511
C:\Users\user\Downloads\CrisisMMD_v2.0\CrisisMMD_v2.0\data_image\hurricane_harvey\9_9_2017\906468629419581440_0.jpg,little_or_no_damage,Minor,1.0
C:\Users\user\Downloads\CrisisMMD_v2.0\CrisisMMD_v2.0\data_image\hurricane_harvey\9_9_2017\906478412281401344_0.jpg,severe_damage,Severe,0.651
C:\Users\user\Downloads\CrisisMMD_v2.0\CrisisMMD_v2.0\data_image\hurricane_harvey\9_9_2017\906491271019036672_0.jpg,severe_damage,Severe,0.6927
C:\Users\user\Downloads\CrisisMMD_v2.0\CrisisMMD_v2.0\data_image\hurricane_harvey\9_9_2017\906503039502221312_0.jpg,severe_damage,Severe,0.6854
C:\Users\user\Downloads\CrisisMMD_v2.0\CrisisMMD_v2.0\data_image\hurricane_harvey\9_9_2017\906534531339091969_0.jpg,severe_damage,Severe,0.6543
C:\Users\user\Downloads\CrisisMMD_v2.0\CrisisMMD_v2.0\data_image\hurricane_harvey\9_9_2017\906550288072495104_0.jpg,severe_damage,Severe,1.0
C:\Users\user\Downloads\CrisisMMD_v2.0\CrisisMMD_v2.0\data_image\hurricane_harvey\9_9_2017\906563342189375488_0.jpg,mild_damage,Moderate,0.7561
C:\Users\user\Downloads\CrisisMMD_v2.0\CrisisMMD_v2.0\data_image\hurricane_harvey\9_9_2017\906563716724019202_0.jpg,severe_damage,Severe,0.6927
C:\Users\user\Downloads\CrisisMMD_v2.0\CrisisMMD_v2.0\data_image\hurricane_harvey\9_9_2017\906567943399538688_0.jpg,severe_damage,Severe,1.0
C:\Users\user\Downloads\CrisisMMD_v2.0\CrisisMMD_v2.0\data_image\hurricane_harvey\9_9_2017\906584717054566400_0.jpg,severe_damage,Severe,0.679
C:\Users\user\Downloads\CrisisMMD_v2.0\CrisisMMD_v2.0\data_image\hurricane_harvey\9_9_2017\906598440360083456_0.jpg,mild_damage,Moderate,0.6753
C:\Users\user\Downloads\CrisisMMD_v2.0\CrisisMMD_v2.0\data_image\hurricane_harvey\9_9_2017\906615997716627456_0.jpg,severe_damage,Severe,1.0
C:\Users\user\Downloads\CrisisMMD_v2.0\CrisisMMD_v2.0\data_image\hurricane_harvey\9_9_2017\906626877321818112_0.jpg,little_or_no_damage,Minor,0.7049
C:\Users\user\Downloads\CrisisMMD_v2.0\CrisisMMD_v2.0\data_image\hurricane_harvey\9_9_2017\906630690677989376_0.jpg,severe_damage,Severe,0.6372
C:\Users\user\Downloads\CrisisMMD_v2.0\CrisisMMD_v2.0\data_image\hurricane_harvey\9_9_2017\906635791778160640_1.jpg,little_or_no_damage,Minor,0.8092
C:\Users\user\Downloads\CrisisMMD_v2.0\CrisisMMD_v2.0\data_image\hurricane_harvey\9_9_2017\906635791778160640_2.jpg,little_or_no_damage,Minor,0.6948
C:\Users\user\Downloads\CrisisMMD_v2.0\CrisisMMD_v2.0\data_image\hurricane_harvey\9_9_2017\906650124302131201_0.jpg,mild_damage,Moderate,1.0
C:\Users\user\Downloads\CrisisMMD_v2.0\CrisisMMD_v2.0\data_image\hurricane_harvey\9_9_2017\906660386803523587_0.jpg,mild_damage,Moderate,0.3527
C:\Users\user\Downloads\CrisisMMD_v2.0\CrisisMMD_v2.0\data_image\hurricane_harvey\9_9_2017\906664753602457601_0.jpg,mild_damage,Moderate,0.6961
C:\Users\user\Downloads\CrisisMMD_v2.0\CrisisMMD_v2.0\data_image\hurricane_harvey\10_9_2017\906687728674332672_0.jpg,severe_damage,Severe,1.0
C:\Users\user\Downloads\CrisisMMD_v2.0\CrisisMMD_v2.0\data_image\hurricane_harvey\10_9_2017\906696876090675201_2.jpg,mild_damage,Moderate,0.655
C:\Users\user\Downloads\CrisisMMD_v2.0\CrisisMMD_v2.0\data_image\hurricane_harvey\10_9_2017\906706479440384000_0.jpg,little_or_no_damage,Minor,1.0
C:\Users\user\Downloads\CrisisMMD_v2.0\CrisisMMD_v2.0\data_image\hurricane_harvey\10_9_2017\906709870040244230_2.jpg,severe_damage,Severe,1.0
C:\Users\user\Downloads\CrisisMMD_v2.0\CrisisMMD_v2.0\data_image\hurricane_harvey\10_9_2017\906713368563556353_0.jpg,mild_damage,Moderate,0.6373
C:\Users\user\Downloads\CrisisMMD_v2.0\CrisisMMD_v2.0\data_image\hurricane_harvey\10_9_2017\906713843283451904_0.jpg,severe_damage,Severe,0.6563
C:\Users\user\Downloads\CrisisMMD_v2.0\CrisisMMD_v2.0\data_image\hurricane_harvey\10_9_2017\906744961072291840_0.jpg,severe_damage,Severe,0.6857
C:\Users\user\Downloads\CrisisMMD_v2.0\CrisisMMD_v2.0\data_image\hurricane_harvey\10_9_2017\906744961072291840_2.jpg,severe_damage,Severe,0.3577
C:\Users\user\Downloads\CrisisMMD_v2.0\CrisisMMD_v2.0\data_image\hurricane_harvey\10_9_2017\906744961072291840_3.jpg,little_or_no_damage,Minor,1.0
C:\Users\user\Downloads\CrisisMMD_v2.0\CrisisMMD_v2.0\data_image\hurricane_harvey\10_9_2017\906772360002523136_0.jpg,mild_damage,Moderate,0.3759
C:\Users\user\Downloads\CrisisMMD_v2.0\CrisisMMD_v2.0\data_image\hurricane_harvey\10_9_2017\906779124454354945_0.jpg,mild_damage,Moderate,0.6907
C:\Users\user\Downloads\CrisisMMD_v2.0\CrisisMMD_v2.0\data_image\hurricane_harvey\10_9_2017\906792024094986240_0.jpg,mild_damage,Moderate,1.0
C:\Users\user\Downloads\CrisisMMD_v2.0\CrisisMMD_v2.0\data_image\hurricane_harvey\10_9_2017\906801256127254529_0.jpg,little_or_no_damage,Minor,0.6908
C:\Users\user\Downloads\CrisisMMD_v2.0\CrisisMMD_v2.0\data_image\hurricane_harvey\10_9_2017\906833200877629440_0.jpg,severe_damage,Severe,1.0
C:\Users\user\Downloads\CrisisMMD_v2.0\CrisisMMD_v2.0\data_image\hurricane_harvey\10_9_2017\906842826457133056_0.jpg,severe_damage,Severe,1.0
C:\Users\user\Downloads\CrisisMMD_v2.0\CrisisMMD_v2.0\data_image\hurricane_harvey\10_9_2017\906850898147729408_0.jpg,severe_damage,Severe,1.0
C:\Users\user\Downloads\CrisisMMD_v2.0\CrisisMMD_v2.0\data_image\hurricane_harvey\10_9_2017\906851261881962497_0.jpg,little_or_no_damage,Minor,0.3388
C:\Users\user\Downloads\CrisisMMD_v2.0\CrisisMMD_v2.0\data_image\hurricane_harvey\10_9_2017\906864979223212032_0.jpg,mild_damage,Moderate,1.0
C:\Users\user\Downloads\CrisisMMD_v2.0\CrisisMMD_v2.0\data_image\hurricane_harvey\10_9_2017\906873987413749760_0.jpg,severe_damage,Severe,1.0
C:\Users\user\Downloads\CrisisMMD_v2.0\CrisisMMD_v2.0\data_image\hurricane_harvey\10_9_2017\906918192550948865_0.jpg,mild_damage,Moderate,1.0
C:\Users\user\Downloads\CrisisMMD_v2.0\CrisisMMD_v2.0\data_image\hurricane_harvey\10_9_2017\906919319849893889_0.jpg,severe_damage,Severe,1.0
C:\Users\user\Downloads\CrisisMMD_v2.0\CrisisMMD_v2.0\data_image\hurricane_harvey\10_9_2017\906919855475097600_0.jpg,mild_damage,Moderate,0.6432
C:\Users\user\Downloads\CrisisMMD_v2.0\CrisisMMD_v2.0\data_image\hurricane_harvey\10_9_2017\906919855475097600_1.jpg,mild_damage,Moderate,0.6577
C:\Users\user\Downloads\CrisisMMD_v2.0\CrisisMMD_v2.0\data_image\hurricane_harvey\10_9_2017\906919855475097600_2.jpg,little_or_no_damage,Minor,0.6587
C:\Users\user\Downloads\CrisisMMD_v2.0\CrisisMMD_v2.0\data_image\hurricane_harvey\10_9_2017\906933791305949184_0.jpg,severe_damage,Severe,1.0
C:\Users\user\Downloads\CrisisMMD_v2.0\CrisisMMD_v2.0\data_image\hurricane_harvey\10_9_2017\906933984986267650_0.jpg,severe_damage,Severe,0.344
C:\Users\user\Downloads\CrisisMMD_v2.0\CrisisMMD_v2.0\data_image\hurricane_harvey\10_9_2017\906934889919991808_0.jpg,little_or_no_damage,Minor,0.3766
C:\Users\user\Downloads\CrisisMMD_v2.0\CrisisMMD_v2.0\data_image\hurricane_harvey\10_9_2017\906948548356341760_0.jpg,mild_damage,Moderate,0.5253
C:\Users\user\Downloads\CrisisMMD_v2.0\CrisisMMD_v2.0\data_image\hurricane_harvey\10_9_2017\906964197053014016_0.jpg,little_or_no_damage,Minor,1.0
C:\Users\user\Downloads\CrisisMMD_v2.0\CrisisMMD_v2.0\data_image\hurricane_harvey\10_9_2017\906964358177214466_0.jpg,severe_damage,Severe,1.0
C:\Users\user\Downloads\CrisisMMD_v2.0\CrisisMMD_v2.0\data_image\hurricane_harvey\10_9_2017\906980168463462400_0.jpg,mild_damage,Moderate,0.6803
C:\Users\user\Downloads\CrisisMMD_v2.0\CrisisMMD_v2.0\data_image\hurricane_harvey\10_9_2017\906983382290194433_0.jpg,little_or_no_damage,Minor,0.6861
C:\Users\user\Downloads\CrisisMMD_v2.0\CrisisMMD_v2.0\data_image\hurricane_harvey\10_9_2017\906983382290194433_1.jpg,little_or_no_damage,Minor,0.6987
C:\Users\user\Downloads\CrisisMMD_v2.0\CrisisMMD_v2.0\data_image\hurricane_harvey\10_9_2017\906984251538776071_0.jpg,little_or_no_damage,Minor,0.6679
C:\Users\user\Downloads\CrisisMMD_v2.0\CrisisMMD_v2.0\data_image\hurricane_harvey\10_9_2017\906989054117511168_0.jpg,severe_damage,Severe,0.6201
C:\Users\user\Downloads\CrisisMMD_v2.0\CrisisMMD_v2.0\data_image\hurricane_harvey\10_9_2017\907006307433148417_0.jpg,severe_damage,Severe,1.0
C:\Users\user\Downloads\CrisisMMD_v2.0\CrisisMMD_v2.0\data_image\hurricane_harvey\10_9_2017\907020688095154176_0.jpg,severe_damage,Severe,0.6705
C:\Users\user\Downloads\CrisisMMD_v2.0\CrisisMMD_v2.0\data_image\hurricane_harvey\10_9_2017\907025098024071168_0.jpg,mild_damage,Moderate,0.6701
C:\Users\user\Downloads\CrisisMMD_v2.0\CrisisMMD_v2.0\data_image\hurricane_harvey\10_9_2017\907029678304714753_0.jpg,severe_damage,Severe,1.0
C:\Users\user\Downloads\CrisisMMD_v2.0\CrisisMMD_v2.0\data_image\hurricane_harvey\11_9_2017\907035770606714880_0.jpg,severe_damage,Severe,1.0
C:\Users\user\Downloads\CrisisMMD_v2.0\CrisisMMD_v2.0\data_image\hurricane_harvey\11_9_2017\907041310518935552_0.jpg,little_or_no_damage,Minor,0.6877
C:\Users\user\Downloads\CrisisMMD_v2.0\CrisisMMD_v2.0\data_image\hurricane_harvey\11_9_2017\907041310518935552_1.jpg,severe_damage,Severe,0.6776
C:\Users\user\Downloads\CrisisMMD_v2.0\CrisisMMD_v2.0\data_image\hurricane_harvey\11_9_2017\907041310518935552_2.jpg,severe_damage,Severe,0.6564
C:\Users\user\Downloads\CrisisMMD_v2.0\CrisisMMD_v2.0\data_image\hurricane_harvey\11_9_2017\907041310518935552_3.jpg,severe_damage,Severe,0.6927
C:\Users\user\Downloads\CrisisMMD_v2.0\CrisisMMD_v2.0\data_image\hurricane_harvey\11_9_2017\907051596810379264_0.jpg,mild_damage,Moderate,1.0
C:\Users\user\Downloads\CrisisMMD_v2.0\CrisisMMD_v2.0\data_image\hurricane_harvey\11_9_2017\907052226895646720_0.jpg,severe_damage,Severe,0.6238
C:\Users\user\Downloads\CrisisMMD_v2.0\CrisisMMD_v2.0\data_image\hurricane_harvey\11_9_2017\907082290341318656_0.jpg,severe_damage,Severe,0.6437
C:\Users\user\Downloads\CrisisMMD_v2.0\CrisisMMD_v2.0\data_image\hurricane_harvey\11_9_2017\907086785599213568_0.jpg,mild_damage,Moderate,0.6775
C:\Users\user\Downloads\CrisisMMD_v2.0\CrisisMMD_v2.0\data_image\hurricane_harvey\11_9_2017\907139822598356992_0.jpg,mild_damage,Moderate,0.6679
C:\Users\user\Downloads\CrisisMMD_v2.0\CrisisMMD_v2.0\data_image\hurricane_harvey\11_9_2017\907150052250058752_0.jpg,severe_damage,Severe,0.6467
C:\Users\user\Downloads\CrisisMMD_v2.0\CrisisMMD_v2.0\data_image\hurricane_harvey\11_9_2017\907153066864136193_0.jpg,little_or_no_damage,Minor,0.3388
C:\Users\user\Downloads\CrisisMMD_v2.0\CrisisMMD_v2.0\data_image\hurricane_harvey\11_9_2017\907182092949364736_0.jpg,severe_damage,Severe,0.645
C:\Users\user\Downloads\CrisisMMD_v2.0\CrisisMMD_v2.0\data_image\hurricane_harvey\11_9_2017\907190244579188736_0.jpg,mild_damage,Moderate,0.6832
C:\Users\user\Downloads\CrisisMMD_v2.0\CrisisMMD_v2.0\data_image\hurricane_harvey\11_9_2017\907200075687964672_1.jpg,little_or_no_damage,Minor,0.6622
C:\Users\user\Downloads\CrisisMMD_v2.0\CrisisMMD_v2.0\data_image\hurricane_harvey\11_9_2017\907212259306418176_0.jpg,mild_damage,Moderate,0.6346
C:\Users\user\Downloads\CrisisMMD_v2.0\CrisisMMD_v2.0\data_image\hurricane_harvey\11_9_2017\907215000233635840_0.jpg,severe_damage,Severe,1.0
C:\Users\user\Downloads\CrisisMMD_v2.0\CrisisMMD_v2.0\data_image\hurricane_harvey\11_9_2017\907232807398858752_0.jpg,severe_damage,Severe,0.6728
C:\Users\user\Downloads\CrisisMMD_v2.0\CrisisMMD_v2.0\data_image\hurricane_harvey\11_9_2017\907235086550142977_0.jpg,severe_damage,Severe,1.0
C:\Users\user\Downloads\CrisisMMD_v2.0\CrisisMMD_v2.0\data_image\hurricane_harvey\11_9_2017\907236790884597760_0.jpg,severe_damage,Severe,0.6743
C:\Users\user\Downloads\CrisisMMD_v2.0\CrisisMMD_v2.0\data_image\hurricane_harvey\11_9_2017\907237196435881989_0.jpg,severe_damage,Severe,1.0
C:\Users\user\Downloads\CrisisMMD_v2.0\CrisisMMD_v2.0\data_image\hurricane_harvey\11_9_2017\907237374144512000_0.jpg,mild_damage,Moderate,0.6611
C:\Users\user\Downloads\CrisisMMD_v2.0\CrisisMMD_v2.0\data_image\hurricane_harvey\11_9_2017\907238863030145024_1.jpg,severe_damage,Severe,0.3639
C:\Users\user\Downloads\CrisisMMD_v2.0\CrisisMMD_v2.0\data_image\hurricane_harvey\11_9_2017\907239743523627008_0.jpg,severe_damage,Severe,0.6752
C:\Users\user\Downloads\CrisisMMD_v2.0\CrisisMMD_v2.0\data_image\hurricane_harvey\11_9_2017\907251173551493120_0.jpg,severe_damage,Severe,0.6612
C:\Users\user\Downloads\CrisisMMD_v2.0\CrisisMMD_v2.0\data_image\hurricane_harvey\11_9_2017\907252873565757441_0.jpg,mild_damage,Moderate,0.7153
C:\Users\user\Downloads\CrisisMMD_v2.0\CrisisMMD_v2.0\data_image\hurricane_harvey\11_9_2017\907252873565757441_1.jpg,mild_damage,Moderate,0.6655
C:\Users\user\Downloads\CrisisMMD_v2.0\CrisisMMD_v2.0\data_image\hurricane_harvey\11_9_2017\907256807508373509_0.jpg,severe_damage,Severe,1.0
C:\Users\user\Downloads\CrisisMMD_v2.0\CrisisMMD_v2.0\data_image\hurricane_harvey\11_9_2017\907257101029974016_1.jpg,mild_damage,Moderate,0.3744
C:\Users\user\Downloads\CrisisMMD_v2.0\CrisisMMD_v2.0\data_image\hurricane_harvey\11_9_2017\907257101029974016_3.jpg,little_or_no_damage,Minor,0.7064
C:\Users\user\Downloads\CrisisMMD_v2.0\CrisisMMD_v2.0\data_image\hurricane_harvey\11_9_2017\907259489728024577_0.jpg,mild_damage,Moderate,0.6791
C:\Users\user\Downloads\CrisisMMD_v2.0\CrisisMMD_v2.0\data_image\hurricane_harvey\11_9_2017\907260858606260224_0.jpg,little_or_no_damage,Minor,0.3542
C:\Users\user\Downloads\CrisisMMD_v2.0\CrisisMMD_v2.0\data_image\hurricane_harvey\11_9_2017\907272819100327936_0.jpg,mild_damage,Moderate,0.6857
C:\Users\user\Downloads\CrisisMMD_v2.0\CrisisMMD_v2.0\data_image\hurricane_harvey\11_9_2017\907272871965188096_0.jpg,mild_damage,Moderate,1.0
C:\Users\user\Downloads\CrisisMMD_v2.0\CrisisMMD_v2.0\data_image\hurricane_harvey\11_9_2017\907274021275885569_0.jpg,severe_damage,Severe,1.0
C:\Users\user\Downloads\CrisisMMD_v2.0\CrisisMMD_v2.0\data_image\hurricane_harvey\11_9_2017\907277725165146112_0.jpg,severe_damage,Severe,0.6575
C:\Users\user\Downloads\CrisisMMD_v2.0\CrisisMMD_v2.0\data_image\hurricane_harvey\11_9_2017\907278081756299264_0.jpg,severe_damage,Severe,1.0
C:\Users\user\Downloads\CrisisMMD_v2.0\CrisisMMD_v2.0\data_image\hurricane_harvey\11_9_2017\907280213624721408_0.jpg,severe_damage,Severe,1.0
C:\Users\user\Downloads\CrisisMMD_v2.0\CrisisMMD_v2.0\data_image\hurricane_harvey\11_9_2017\907280511709655040_0.jpg,severe_damage,Severe,0.628
C:\Users\user\Downloads\CrisisMMD_v2.0\CrisisMMD_v2.0\data_image\hurricane_harvey\11_9_2017\907281533819670528_0.jpg,severe_damage,Severe,1.0
C:\Users\user\Downloads\CrisisMMD_v2.0\CrisisMMD_v2.0\data_image\hurricane_harvey\11_9_2017\907288932714459136_0.jpg,severe_damage,Severe,1.0
C:\Users\user\Downloads\CrisisMMD_v2.0\CrisisMMD_v2.0\data_image\hurricane_harvey\11_9_2017\907288972459732992_0.jpg,severe_damage,Severe,0.7017
C:\Users\user\Downloads\CrisisMMD_v2.0\CrisisMMD_v2.0\data_image\hurricane_harvey\11_9_2017\907292737057079297_0.jpg,severe_damage,Severe,1.0
C:\Users\user\Downloads\CrisisMMD_v2.0\CrisisMMD_v2.0\data_image\hurricane_harvey\11_9_2017\907296821357289476_0.jpg,little_or_no_damage,Minor,0.7141
C:\Users\user\Downloads\CrisisMMD_v2.0\CrisisMMD_v2.0\data_image\hurricane_harvey\11_9_2017\907301003984343040_0.jpg,severe_damage,Severe,0.6606
C:\Users\user\Downloads\CrisisMMD_v2.0\CrisisMMD_v2.0\data_image\hurricane_harvey\11_9_2017\907302306206625792_0.jpg,severe_damage,Severe,1.0
C:\Users\user\Downloads\CrisisMMD_v2.0\CrisisMMD_v2.0\data_image\hurricane_harvey\11_9_2017\907307110307962885_0.jpg,mild_damage,Moderate,1.0
C:\Users\user\Downloads\CrisisMMD_v2.0\CrisisMMD_v2.0\data_image\hurricane_harvey\11_9_2017\907307308211982336_0.jpg,little_or_no_damage,Minor,0.6822
C:\Users\user\Downloads\CrisisMMD_v2.0\CrisisMMD_v2.0\data_image\hurricane_harvey\11_9_2017\907315378187055105_0.jpg,severe_damage,Severe,0.6976
C:\Users\user\Downloads\CrisisMMD_v2.0\CrisisMMD_v2.0\data_image\hurricane_harvey\11_9_2017\907315724275695616_0.jpg,little_or_no_damage,Minor,0.6346
C:\Users\user\Downloads\CrisisMMD_v2.0\CrisisMMD_v2.0\data_image\hurricane_harvey\11_9_2017\907333681701822465_0.jpg,severe_damage,Severe,1.0
C:\Users\user\Downloads\CrisisMMD_v2.0\CrisisMMD_v2.0\data_image\hurricane_harvey\11_9_2017\907340946542657536_0.jpg,mild_damage,Moderate,0.6667
C:\Users\user\Downloads\CrisisMMD_v2.0\CrisisMMD_v2.0\data_image\hurricane_harvey\11_9_2017\907343282442776581_0.jpg,mild_damage,Moderate,0.3907
C:\Users\user\Downloads\CrisisMMD_v2.0\CrisisMMD_v2.0\data_image\hurricane_harvey\11_9_2017\907345772823408642_0.jpg,mild_damage,Moderate,0.7005
C:\Users\user\Downloads\CrisisMMD_v2.0\CrisisMMD_v2.0\data_image\hurricane_harvey\11_9_2017\907349488259526656_0.jpg,severe_damage,Severe,1.0
C:\Users\user\Downloads\CrisisMMD_v2.0\CrisisMMD_v2.0\data_image\hurricane_harvey\11_9_2017\907351036393914368_0.jpg,little_or_no_damage,Minor,0.7001
C:\Users\user\Downloads\CrisisMMD_v2.0\CrisisMMD_v2.0\data_image\hurricane_harvey\11_9_2017\907361650600140800_0.jpg,severe_damage,Severe,1.0
C:\Users\user\Downloads\CrisisMMD_v2.0\CrisisMMD_v2.0\data_image\hurricane_harvey\11_9_2017\907367545778393090_0.jpg,severe_damage,Severe,1.0
C:\Users\user\Downloads\CrisisMMD_v2.0\CrisisMMD_v2.0\data_image\hurricane_harvey\11_9_2017\907370190182199297_0.jpg,mild_damage,Moderate,0.6627
C:\Users\user\Downloads\CrisisMMD_v2.0\CrisisMMD_v2.0\data_image\hurricane_harvey\11_9_2017\907383711246770176_0.jpg,little_or_no_damage,Minor,0.6104
C:\Users\user\Downloads\CrisisMMD_v2.0\CrisisMMD_v2.0\data_image\hurricane_harvey\11_9_2017\907388800736866306_0.jpg,severe_damage,Severe,0.6388
C:\Users\user\Downloads\CrisisMMD_v2.0\CrisisMMD_v2.0\data_image\hurricane_harvey\12_9_2017\907393512630611969_0.jpg,little_or_no_damage,Minor,1.0
C:\Users\user\Downloads\CrisisMMD_v2.0\CrisisMMD_v2.0\data_image\hurricane_harvey\12_9_2017\907395856445317120_0.jpg,mild_damage,Moderate,0.345
C:\Users\user\Downloads\CrisisMMD_v2.0\CrisisMMD_v2.0\data_image\hurricane_harvey\12_9_2017\907398192567930882_0.jpg,little_or_no_damage,Minor,1.0
C:\Users\user\Downloads\CrisisMMD_v2.0\CrisisMMD_v2.0\data_image\hurricane_harvey\12_9_2017\907405253150232577_0.jpg,severe_damage,Severe,0.6924
C:\Users\user\Downloads\CrisisMMD_v2.0\CrisisMMD_v2.0\data_image\hurricane_harvey\12_9_2017\907413526175784960_0.jpg,severe_damage,Severe,1.0
C:\Users\user\Downloads\CrisisMMD_v2.0\CrisisMMD_v2.0\data_image\hurricane_harvey\12_9_2017\907413959711567873_0.jpg,severe_damage,Severe,1.0
C:\Users\user\Downloads\CrisisMMD_v2.0\CrisisMMD_v2.0\data_image\hurricane_harvey\12_9_2017\907429078562521090_0.jpg,severe_damage,Severe,1.0
C:\Users\user\Downloads\CrisisMMD_v2.0\CrisisMMD_v2.0\data_image\hurricane_harvey\12_9_2017\907433474025455617_0.jpg,mild_damage,Moderate,0.3747
C:\Users\user\Downloads\CrisisMMD_v2.0\CrisisMMD_v2.0\data_image\hurricane_harvey\12_9_2017\907435657882226689_0.jpg,mild_damage,Moderate,0.3425
C:\Users\user\Downloads\CrisisMMD_v2.0\CrisisMMD_v2.0\data_image\hurricane_harvey\12_9_2017\907439973204467713_0.jpg,mild_damage,Moderate,0.6593
C:\Users\user\Downloads\CrisisMMD_v2.0\CrisisMMD_v2.0\data_image\hurricane_harvey\12_9_2017\907442878460215296_0.jpg,severe_damage,Severe,1.0
C:\Users\user\Downloads\CrisisMMD_v2.0\CrisisMMD_v2.0\data_image\hurricane_harvey\12_9_2017\907475708976525312_0.jpg,severe_damage,Severe,1.0
C:\Users\user\Downloads\CrisisMMD_v2.0\CrisisMMD_v2.0\data_image\hurricane_harvey\12_9_2017\907475708976525312_1.jpg,severe_damage,Severe,1.0
C:\Users\user\Downloads\CrisisMMD_v2.0\CrisisMMD_v2.0\data_image\hurricane_harvey\12_9_2017\907475708976525312_2.jpg,severe_damage,Severe,1.0
C:\Users\user\Downloads\CrisisMMD_v2.0\CrisisMMD_v2.0\data_image\hurricane_harvey\12_9_2017\907539817952509953_0.jpg,severe_damage,Severe,0.4222
C:\Users\user\Downloads\CrisisMMD_v2.0\CrisisMMD_v2.0\data_image\hurricane_harvey\12_9_2017\907547988872056833_0.jpg,severe_damage,Severe,1.0
C:\Users\user\Downloads\CrisisMMD_v2.0\CrisisMMD_v2.0\data_image\hurricane_harvey\12_9_2017\907565287540637696_0.jpg,severe_damage,Severe,1.0
C:\Users\user\Downloads\CrisisMMD_v2.0\CrisisMMD_v2.0\data_image\hurricane_harvey\12_9_2017\907577070141808642_0.jpg,mild_damage,Moderate,0.6066
C:\Users\user\Downloads\CrisisMMD_v2.0\CrisisMMD_v2.0\data_image\hurricane_harvey\12_9_2017\907585969347551232_0.jpg,mild_damage,Moderate,1.0
C:\Users\user\Downloads\CrisisMMD_v2.0\CrisisMMD_v2.0\data_image\hurricane_harvey\12_9_2017\907591129239101440_0.jpg,mild_damage,Moderate,0.6241
C:\Users\user\Downloads\CrisisMMD_v2.0\CrisisMMD_v2.0\data_image\hurricane_harvey\12_9_2017\907612395278934016_0.jpg,severe_damage,Severe,0.6294
C:\Users\user\Downloads\CrisisMMD_v2.0\CrisisMMD_v2.0\data_image\hurricane_harvey\12_9_2017\907633664128946177_0.jpg,severe_damage,Severe,1.0
C:\Users\user\Downloads\CrisisMMD_v2.0\CrisisMMD_v2.0\data_image\hurricane_harvey\12_9_2017\907634475152007169_0.jpg,severe_damage,Severe,0.6677
C:\Users\user\Downloads\CrisisMMD_v2.0\CrisisMMD_v2.0\data_image\hurricane_harvey\12_9_2017\907638041661108224_0.jpg,mild_damage,Moderate,0.7049
C:\Users\user\Downloads\CrisisMMD_v2.0\CrisisMMD_v2.0\data_image\hurricane_harvey\12_9_2017\907638987438874624_0.jpg,little_or_no_damage,Minor,0.6908
C:\Users\user\Downloads\CrisisMMD_v2.0\CrisisMMD_v2.0\data_image\hurricane_harvey\12_9_2017\907645598559494144_0.jpg,severe_damage,Severe,1.0
C:\Users\user\Downloads\CrisisMMD_v2.0\CrisisMMD_v2.0\data_image\hurricane_harvey\12_9_2017\907648877460955137_0.jpg,little_or_no_damage,Minor,0.6697
C:\Users\user\Downloads\CrisisMMD_v2.0\CrisisMMD_v2.0\data_image\hurricane_harvey\12_9_2017\907661128213217280_0.jpg,severe_damage,Severe,0.6937
C:\Users\user\Downloads\CrisisMMD_v2.0\CrisisMMD_v2.0\data_image\hurricane_harvey\12_9_2017\907662875505811456_0.jpg,severe_damage,Severe,1.0
C:\Users\user\Downloads\CrisisMMD_v2.0\CrisisMMD_v2.0\data_image\hurricane_harvey\12_9_2017\907677765293527041_0.jpg,mild_damage,Moderate,0.6417
C:\Users\user\Downloads\CrisisMMD_v2.0\CrisisMMD_v2.0\data_image\hurricane_harvey\12_9_2017\907680641944342528_0.jpg,severe_damage,Severe,1.0
C:\Users\user\Downloads\CrisisMMD_v2.0\CrisisMMD_v2.0\data_image\hurricane_harvey\12_9_2017\907704019266785280_0.jpg,mild_damage,Moderate,0.3411
C:\Users\user\Downloads\CrisisMMD_v2.0\CrisisMMD_v2.0\data_image\hurricane_harvey\12_9_2017\907712998642536448_0.jpg,mild_damage,Moderate,0.6388
C:\Users\user\Downloads\CrisisMMD_v2.0\CrisisMMD_v2.0\data_image\hurricane_harvey\12_9_2017\907724023076966401_0.jpg,severe_damage,Severe,1.0
C:\Users\user\Downloads\CrisisMMD_v2.0\CrisisMMD_v2.0\data_image\hurricane_harvey\12_9_2017\907734171782717440_0.jpg,severe_damage,Severe,1.0
C:\Users\user\Downloads\CrisisMMD_v2.0\CrisisMMD_v2.0\data_image\hurricane_harvey\12_9_2017\907735778914058241_0.jpg,mild_damage,Moderate,0.7073
C:\Users\user\Downloads\CrisisMMD_v2.0\CrisisMMD_v2.0\data_image\hurricane_harvey\12_9_2017\907737364750929920_0.jpg,mild_damage,Moderate,0.6789
C:\Users\user\Downloads\CrisisMMD_v2.0\CrisisMMD_v2.0\data_image\hurricane_harvey\12_9_2017\907748189117304834_0.jpg,severe_damage,Severe,1.0
C:\Users\user\Downloads\CrisisMMD_v2.0\CrisisMMD_v2.0\data_image\hurricane_harvey\13_9_2017\907756518535294976_1.jpg,severe_damage,Severe,0.7935
C:\Users\user\Downloads\CrisisMMD_v2.0\CrisisMMD_v2.0\data_image\hurricane_harvey\13_9_2017\907772978116653056_0.jpg,mild_damage,Moderate,0.7244
C:\Users\user\Downloads\CrisisMMD_v2.0\CrisisMMD_v2.0\data_image\hurricane_harvey\13_9_2017\907772978116653056_1.jpg,mild_damage,Moderate,1.0
C:\Users\user\Downloads\CrisisMMD_v2.0\CrisisMMD_v2.0\data_image\hurricane_harvey\13_9_2017\907779904254734341_0.jpg,severe_damage,Severe,0.7703
C:\Users\user\Downloads\CrisisMMD_v2.0\CrisisMMD_v2.0\data_image\hurricane_harvey\13_9_2017\907780385727303682_0.jpg,severe_damage,Severe,1.0
C:\Users\user\Downloads\CrisisMMD_v2.0\CrisisMMD_v2.0\data_image\hurricane_harvey\13_9_2017\907784910911541248_0.jpg,severe_damage,Severe,1.0
C:\Users\user\Downloads\CrisisMMD_v2.0\CrisisMMD_v2.0\data_image\hurricane_harvey\13_9_2017\907786118225121280_0.jpg,mild_damage,Moderate,0.6471
C:\Users\user\Downloads\CrisisMMD_v2.0\CrisisMMD_v2.0\data_image\hurricane_harvey\13_9_2017\907855146721443840_0.jpg,mild_damage,Moderate,1.0
C:\Users\user\Downloads\CrisisMMD_v2.0\CrisisMMD_v2.0\data_image\hurricane_harvey\13_9_2017\907877049779539968_0.jpg,severe_damage,Severe,1.0
C:\Users\user\Downloads\CrisisMMD_v2.0\CrisisMMD_v2.0\data_image\hurricane_harvey\13_9_2017\907894693303857152_0.jpg,severe_damage,Severe,1.0
C:\Users\user\Downloads\CrisisMMD_v2.0\CrisisMMD_v2.0\data_image\hurricane_harvey\13_9_2017\907909804869419008_1.jpg,severe_damage,Severe,1.0
C:\Users\user\Downloads\CrisisMMD_v2.0\CrisisMMD_v2.0\data_image\hurricane_harvey\13_9_2017\907928859064061953_0.jpg,severe_damage,Severe,1.0
C:\Users\user\Downloads\CrisisMMD_v2.0\CrisisMMD_v2.0\data_image\hurricane_harvey\13_9_2017\907940376446689280_0.jpg,mild_damage,Moderate,0.6935
C:\Users\user\Downloads\CrisisMMD_v2.0\CrisisMMD_v2.0\data_image\hurricane_harvey\13_9_2017\907948019043196929_0.jpg,severe_damage,Severe,0.698
C:\Users\user\Downloads\CrisisMMD_v2.0\CrisisMMD_v2.0\data_image\hurricane_harvey\13_9_2017\907967554789847041_0.jpg,mild_damage,Moderate,0.6953
C:\Users\user\Downloads\CrisisMMD_v2.0\CrisisMMD_v2.0\data_image\hurricane_harvey\13_9_2017\907970367016329217_0.jpg,severe_damage,Severe,0.3489
C:\Users\user\Downloads\CrisisMMD_v2.0\CrisisMMD_v2.0\data_image\hurricane_harvey\13_9_2017\907984936598208512_0.jpg,mild_damage,Moderate,0.6679
C:\Users\user\Downloads\CrisisMMD_v2.0\CrisisMMD_v2.0\data_image\hurricane_harvey\13_9_2017\907991757534765057_0.jpg,severe_damage,Severe,0.6467
C:\Users\user\Downloads\CrisisMMD_v2.0\CrisisMMD_v2.0\data_image\hurricane_harvey\13_9_2017\907992015299690496_0.jpg,severe_damage,Severe,1.0
C:\Users\user\Downloads\CrisisMMD_v2.0\CrisisMMD_v2.0\data_image\hurricane_harvey\13_9_2017\908004777396711424_0.jpg,severe_damage,Severe,0.6192
C:\Users\user\Downloads\CrisisMMD_v2.0\CrisisMMD_v2.0\data_image\hurricane_harvey\13_9_2017\908007709399756801_0.jpg,mild_damage,Moderate,0.6531
C:\Users\user\Downloads\CrisisMMD_v2.0\CrisisMMD_v2.0\data_image\hurricane_harvey\13_9_2017\908015967455850497_0.jpg,severe_damage,Severe,0.6431
C:\Users\user\Downloads\CrisisMMD_v2.0\CrisisMMD_v2.0\data_image\hurricane_harvey\13_9_2017\908021007612555270_0.jpg,severe_damage,Severe,0.6907
C:\Users\user\Downloads\CrisisMMD_v2.0\CrisisMMD_v2.0\data_image\hurricane_harvey\13_9_2017\908031796092252162_0.jpg,severe_damage,Severe,0.6651
C:\Users\user\Downloads\CrisisMMD_v2.0\CrisisMMD_v2.0\data_image\hurricane_harvey\13_9_2017\908037953204695047_0.jpg,mild_damage,Moderate,0.6422
C:\Users\user\Downloads\CrisisMMD_v2.0\CrisisMMD_v2.0\data_image\hurricane_harvey\13_9_2017\908071346013323264_0.jpg,severe_damage,Severe,0.6557
C:\Users\user\Downloads\CrisisMMD_v2.0\CrisisMMD_v2.0\data_image\hurricane_harvey\13_9_2017\908073044341673986_0.jpg,little_or_no_damage,Minor,0.6468
C:\Users\user\Downloads\CrisisMMD_v2.0\CrisisMMD_v2.0\data_image\hurricane_harvey\13_9_2017\908077717219954688_0.jpg,severe_damage,Severe,1.0
C:\Users\user\Downloads\CrisisMMD_v2.0\CrisisMMD_v2.0\data_image\hurricane_harvey\13_9_2017\908078784800161792_0.jpg,severe_damage,Severe,0.6746
C:\Users\user\Downloads\CrisisMMD_v2.0\CrisisMMD_v2.0\data_image\hurricane_harvey\13_9_2017\908086965207105536_0.jpg,severe_damage,Severe,1.0
C:\Users\user\Downloads\CrisisMMD_v2.0\CrisisMMD_v2.0\data_image\hurricane_harvey\13_9_2017\908087000401670145_0.jpg,severe_damage,Severe,0.6218
C:\Users\user\Downloads\CrisisMMD_v2.0\CrisisMMD_v2.0\data_image\hurricane_harvey\13_9_2017\908087920111665152_0.jpg,severe_damage,Severe,0.6773
C:\Users\user\Downloads\CrisisMMD_v2.0\CrisisMMD_v2.0\data_image\hurricane_harvey\13_9_2017\908100423667548161_0.jpg,severe_damage,Severe,1.0
C:\Users\user\Downloads\CrisisMMD_v2.0\CrisisMMD_v2.0\data_image\hurricane_harvey\13_9_2017\908103116792397824_0.jpg,severe_damage,Severe,0.6882
C:\Users\user\Downloads\CrisisMMD_v2.0\CrisisMMD_v2.0\data_image\hurricane_harvey\13_9_2017\908111834418466816_0.jpg,little_or_no_damage,Minor,0.6391
C:\Users\user\Downloads\CrisisMMD_v2.0\CrisisMMD_v2.0\data_image\hurricane_harvey\13_9_2017\908111834418466816_1.jpg,severe_damage,Severe,1.0
C:\Users\user\Downloads\CrisisMMD_v2.0\CrisisMMD_v2.0\data_image\hurricane_harvey\13_9_2017\908114012222529536_0.jpg,severe_damage,Severe,0.6913
C:\Users\user\Downloads\CrisisMMD_v2.0\CrisisMMD_v2.0\data_image\hurricane_harvey\13_9_2017\908117643160305664_0.jpg,severe_damage,Severe,0.6583
C:\Users\user\Downloads\CrisisMMD_v2.0\CrisisMMD_v2.0\data_image\hurricane_harvey\14_9_2017\908118102587539456_0.jpg,severe_damage,Severe,0.6246
C:\Users\user\Downloads\CrisisMMD_v2.0\CrisisMMD_v2.0\data_image\hurricane_harvey\14_9_2017\908124692753506305_0.jpg,mild_damage,Moderate,0.6591
C:\Users\user\Downloads\CrisisMMD_v2.0\CrisisMMD_v2.0\data_image\hurricane_harvey\14_9_2017\908130612225167360_0.jpg,little_or_no_damage,Minor,0.6492
C:\Users\user\Downloads\CrisisMMD_v2.0\CrisisMMD_v2.0\data_image\hurricane_harvey\14_9_2017\908133197593980928_0.jpg,severe_damage,Severe,1.0
C:\Users\user\Downloads\CrisisMMD_v2.0\CrisisMMD_v2.0\data_image\hurricane_harvey\14_9_2017\908133217009590272_0.jpg,severe_damage,Severe,0.7027
C:\Users\user\Downloads\CrisisMMD_v2.0\CrisisMMD_v2.0\data_image\hurricane_harvey\14_9_2017\908161037102403584_0.jpg,severe_damage,Severe,0.6894
C:\Users\user\Downloads\CrisisMMD_v2.0\CrisisMMD_v2.0\data_image\hurricane_harvey\14_9_2017\908165545580777472_0.jpg,severe_damage,Severe,0.6933
C:\Users\user\Downloads\CrisisMMD_v2.0\CrisisMMD_v2.0\data_image\hurricane_harvey\14_9_2017\908168392716234753_0.jpg,little_or_no_damage,Minor,0.6552
C:\Users\user\Downloads\CrisisMMD_v2.0\CrisisMMD_v2.0\data_image\hurricane_harvey\14_9_2017\908169364716781568_0.jpg,mild_damage,Moderate,0.6641
C:\Users\user\Downloads\CrisisMMD_v2.0\CrisisMMD_v2.0\data_image\hurricane_harvey\14_9_2017\908175535611707392_0.jpg,severe_damage,Severe,1.0
C:\Users\user\Downloads\CrisisMMD_v2.0\CrisisMMD_v2.0\data_image\hurricane_harvey\14_9_2017\908175670928437251_0.jpg,severe_damage,Severe,0.7043
C:\Users\user\Downloads\CrisisMMD_v2.0\CrisisMMD_v2.0\data_image\hurricane_harvey\14_9_2017\908231378398879744_0.jpg,severe_damage,Severe,1.0
C:\Users\user\Downloads\CrisisMMD_v2.0\CrisisMMD_v2.0\data_image\hurricane_harvey\14_9_2017\908240418877222912_0.jpg,severe_damage,Severe,0.6198
C:\Users\user\Downloads\CrisisMMD_v2.0\CrisisMMD_v2.0\data_image\hurricane_harvey\14_9_2017\908270102289805312_0.jpg,severe_damage,Severe,1.0
C:\Users\user\Downloads\CrisisMMD_v2.0\CrisisMMD_v2.0\data_image\hurricane_harvey\14_9_2017\908307730653466625_0.jpg,severe_damage,Severe,0.6576
C:\Users\user\Downloads\CrisisMMD_v2.0\CrisisMMD_v2.0\data_image\hurricane_harvey\14_9_2017\908344663698001922_3.jpg,mild_damage,Moderate,1.0
C:\Users\user\Downloads\CrisisMMD_v2.0\CrisisMMD_v2.0\data_image\hurricane_harvey\14_9_2017\908357585300062208_0.jpg,severe_damage,Severe,1.0
C:\Users\user\Downloads\CrisisMMD_v2.0\CrisisMMD_v2.0\data_image\hurricane_harvey\14_9_2017\908372808564056064_0.jpg,mild_damage,Moderate,0.3744
C:\Users\user\Downloads\CrisisMMD_v2.0\CrisisMMD_v2.0\data_image\hurricane_harvey\14_9_2017\908384227955154944_0.jpg,severe_damage,Severe,1.0
C:\Users\user\Downloads\CrisisMMD_v2.0\CrisisMMD_v2.0\data_image\hurricane_harvey\14_9_2017\908388748869632002_0.jpg,severe_damage,Severe,1.0
C:\Users\user\Downloads\CrisisMMD_v2.0\CrisisMMD_v2.0\data_image\hurricane_harvey\14_9_2017\908390896084897793_0.jpg,severe_damage,Severe,0.6786
C:\Users\user\Downloads\CrisisMMD_v2.0\CrisisMMD_v2.0\data_image\hurricane_harvey\14_9_2017\908406994461224960_0.jpg,severe_damage,Severe,0.6219
C:\Users\user\Downloads\CrisisMMD_v2.0\CrisisMMD_v2.0\data_image\hurricane_harvey\14_9_2017\908411231333208065_0.jpg,mild_damage,Moderate,0.6357
C:\Users\user\Downloads\CrisisMMD_v2.0\CrisisMMD_v2.0\data_image\hurricane_harvey\14_9_2017\908413488376238080_0.jpg,mild_damage,Moderate,0.6329
C:\Users\user\Downloads\CrisisMMD_v2.0\CrisisMMD_v2.0\data_image\hurricane_harvey\14_9_2017\908420247350374401_0.jpg,severe_damage,Severe,1.0
C:\Users\user\Downloads\CrisisMMD_v2.0\CrisisMMD_v2.0\data_image\hurricane_harvey\14_9_2017\908424093099347968_0.jpg,mild_damage,Moderate,0.6667
C:\Users\user\Downloads\CrisisMMD_v2.0\CrisisMMD_v2.0\data_image\hurricane_harvey\14_9_2017\908447567557611521_0.jpg,severe_damage,Severe,0.6614
C:\Users\user\Downloads\CrisisMMD_v2.0\CrisisMMD_v2.0\data_image\hurricane_harvey\14_9_2017\908454080749727746_0.jpg,mild_damage,Moderate,0.6951
C:\Users\user\Downloads\CrisisMMD_v2.0\CrisisMMD_v2.0\data_image\hurricane_harvey\14_9_2017\908457117362868225_0.jpg,mild_damage,Moderate,0.6563
C:\Users\user\Downloads\CrisisMMD_v2.0\CrisisMMD_v2.0\data_image\hurricane_harvey\14_9_2017\908478161070972928_0.jpg,mild_damage,Moderate,1.0
C:\Users\user\Downloads\CrisisMMD_v2.0\CrisisMMD_v2.0\data_image\hurricane_harvey\15_9_2017\908482896515780608_0.jpg,severe_damage,Severe,1.0
C:\Users\user\Downloads\CrisisMMD_v2.0\CrisisMMD_v2.0\data_image\hurricane_harvey\15_9_2017\908496398898925569_0.jpg,mild_damage,Moderate,0.6479
C:\Users\user\Downloads\CrisisMMD_v2.0\CrisisMMD_v2.0\data_image\hurricane_harvey\15_9_2017\908497175419785221_0.jpg,mild_damage,Moderate,0.3529
C:\Users\user\Downloads\CrisisMMD_v2.0\CrisisMMD_v2.0\data_image\hurricane_harvey\15_9_2017\908497182105460738_0.jpg,mild_damage,Moderate,0.6407
C:\Users\user\Downloads\CrisisMMD_v2.0\CrisisMMD_v2.0\data_image\hurricane_harvey\15_9_2017\908500395298713601_0.jpg,mild_damage,Moderate,0.6791
C:\Users\user\Downloads\CrisisMMD_v2.0\CrisisMMD_v2.0\data_image\hurricane_harvey\15_9_2017\908510389981368321_0.jpg,little_or_no_damage,Minor,1.0
C:\Users\user\Downloads\CrisisMMD_v2.0\CrisisMMD_v2.0\data_image\hurricane_harvey\15_9_2017\908517284083306496_0.jpg,severe_damage,Severe,1.0
C:\Users\user\Downloads\CrisisMMD_v2.0\CrisisMMD_v2.0\data_image\hurricane_harvey\15_9_2017\908522243759669248_0.jpg,severe_damage,Severe,1.0
C:\Users\user\Downloads\CrisisMMD_v2.0\CrisisMMD_v2.0\data_image\hurricane_harvey\15_9_2017\908525619037732865_0.jpg,severe_damage,Severe,0.6829
C:\Users\user\Downloads\CrisisMMD_v2.0\CrisisMMD_v2.0\data_image\hurricane_harvey\15_9_2017\908525619037732865_1.jpg,severe_damage,Severe,0.6506
C:\Users\user\Downloads\CrisisMMD_v2.0\CrisisMMD_v2.0\data_image\hurricane_harvey\15_9_2017\908525619037732865_2.jpg,severe_damage,Severe,1.0
C:\Users\user\Downloads\CrisisMMD_v2.0\CrisisMMD_v2.0\data_image\hurricane_harvey\15_9_2017\908525619037732865_3.jpg,severe_damage,Severe,0.6809
C:\Users\user\Downloads\CrisisMMD_v2.0\CrisisMMD_v2.0\data_image\hurricane_harvey\15_9_2017\908537559093039105_0.jpg,mild_damage,Moderate,0.6373
C:\Users\user\Downloads\CrisisMMD_v2.0\CrisisMMD_v2.0\data_image\hurricane_harvey\15_9_2017\908555731548332038_0.jpg,severe_damage,Severe,1.0
C:\Users\user\Downloads\CrisisMMD_v2.0\CrisisMMD_v2.0\data_image\hurricane_harvey\15_9_2017\908559603448766464_0.jpg,severe_damage,Severe,1.0
C:\Users\user\Downloads\CrisisMMD_v2.0\CrisisMMD_v2.0\data_image\hurricane_harvey\15_9_2017\908566528898895872_0.jpg,mild_damage,Moderate,1.0
C:\Users\user\Downloads\CrisisMMD_v2.0\CrisisMMD_v2.0\data_image\hurricane_harvey\15_9_2017\908566528898895872_1.jpg,mild_damage,Moderate,0.6685
C:\Users\user\Downloads\CrisisMMD_v2.0\CrisisMMD_v2.0\data_image\hurricane_harvey\15_9_2017\908566528898895872_2.jpg,little_or_no_damage,Minor,1.0
C:\Users\user\Downloads\CrisisMMD_v2.0\CrisisMMD_v2.0\data_image\hurricane_harvey\15_9_2017\908566528898895872_3.jpg,severe_damage,Severe,0.6626
C:\Users\user\Downloads\CrisisMMD_v2.0\CrisisMMD_v2.0\data_image\hurricane_harvey\15_9_2017\908578895695368192_0.jpg,severe_damage,Severe,0.3944
C:\Users\user\Downloads\CrisisMMD_v2.0\CrisisMMD_v2.0\data_image\hurricane_harvey\15_9_2017\908584190446264320_0.jpg,little_or_no_damage,Minor,1.0
C:\Users\user\Downloads\CrisisMMD_v2.0\CrisisMMD_v2.0\data_image\hurricane_harvey\15_9_2017\908631770538610688_0.jpg,mild_damage,Moderate,0.3492
C:\Users\user\Downloads\CrisisMMD_v2.0\CrisisMMD_v2.0\data_image\hurricane_harvey\15_9_2017\908657931880685569_0.jpg,severe_damage,Severe,0.6857
C:\Users\user\Downloads\CrisisMMD_v2.0\CrisisMMD_v2.0\data_image\hurricane_harvey\15_9_2017\908674197328670721_0.jpg,mild_damage,Moderate,0.6757
C:\Users\user\Downloads\CrisisMMD_v2.0\CrisisMMD_v2.0\data_image\hurricane_harvey\15_9_2017\908677187359850497_0.jpg,mild_damage,Moderate,0.6889
C:\Users\user\Downloads\CrisisMMD_v2.0\CrisisMMD_v2.0\data_image\hurricane_harvey\15_9_2017\908701985809068034_0.jpg,little_or_no_damage,Minor,0.7
C:\Users\user\Downloads\CrisisMMD_v2.0\CrisisMMD_v2.0\data_image\hurricane_harvey\15_9_2017\908702885202075650_0.png,severe_damage,Severe,0.4653
C:\Users\user\Downloads\CrisisMMD_v2.0\CrisisMMD_v2.0\data_image\hurricane_harvey\15_9_2017\908705573570478080_0.jpg,mild_damage,Moderate,0.7027
C:\Users\user\Downloads\CrisisMMD_v2.0\CrisisMMD_v2.0\data_image\hurricane_harvey\15_9_2017\908709128297644032_0.jpg,mild_damage,Moderate,0.3549
C:\Users\user\Downloads\CrisisMMD_v2.0\CrisisMMD_v2.0\data_image\hurricane_harvey\15_9_2017\908710556525309953_0.jpg,severe_damage,Severe,1.0
C:\Users\user\Downloads\CrisisMMD_v2.0\CrisisMMD_v2.0\data_image\hurricane_harvey\15_9_2017\908723134781517824_0.jpg,mild_damage,Moderate,0.6732
C:\Users\user\Downloads\CrisisMMD_v2.0\CrisisMMD_v2.0\data_image\hurricane_harvey\15_9_2017\908723853798641664_0.jpg,little_or_no_damage,Minor,0.673
C:\Users\user\Downloads\CrisisMMD_v2.0\CrisisMMD_v2.0\data_image\hurricane_harvey\15_9_2017\908725908051251200_0.jpg,severe_damage,Severe,1.0
C:\Users\user\Downloads\CrisisMMD_v2.0\CrisisMMD_v2.0\data_image\hurricane_harvey\15_9_2017\908752539847446529_0.jpg,mild_damage,Moderate,0.6627
C:\Users\user\Downloads\CrisisMMD_v2.0\CrisisMMD_v2.0\data_image\hurricane_harvey\15_9_2017\908767564997595139_0.jpg,severe_damage,Severe,1.0
C:\Users\user\Downloads\CrisisMMD_v2.0\CrisisMMD_v2.0\data_image\hurricane_harvey\15_9_2017\908770429262639104_0.jpg,severe_damage,Severe,1.0
C:\Users\user\Downloads\CrisisMMD_v2.0\CrisisMMD_v2.0\data_image\hurricane_harvey\15_9_2017\908772392159387648_2.jpg,little_or_no_damage,Minor,0.3602
C:\Users\user\Downloads\CrisisMMD_v2.0\CrisisMMD_v2.0\data_image\hurricane_harvey\15_9_2017\908774437461229568_0.jpg,mild_damage,Moderate,1.0
C:\Users\user\Downloads\CrisisMMD_v2.0\CrisisMMD_v2.0\data_image\hurricane_harvey\15_9_2017\908781023114043392_0.jpg,severe_damage,Severe,0.6769
C:\Users\user\Downloads\CrisisMMD_v2.0\CrisisMMD_v2.0\data_image\hurricane_harvey\15_9_2017\908804979686641664_0.jpg,mild_damage,Moderate,0.6093
C:\Users\user\Downloads\CrisisMMD_v2.0\CrisisMMD_v2.0\data_image\hurricane_harvey\15_9_2017\908804979686641664_1.jpg,mild_damage,Moderate,0.6335
C:\Users\user\Downloads\CrisisMMD_v2.0\CrisisMMD_v2.0\data_image\hurricane_harvey\15_9_2017\908804979686641664_2.jpg,mild_damage,Moderate,0.635
C:\Users\user\Downloads\CrisisMMD_v2.0\CrisisMMD_v2.0\data_image\hurricane_harvey\15_9_2017\908825244269404160_0.jpg,severe_damage,Severe,1.0
C:\Users\user\Downloads\CrisisMMD_v2.0\CrisisMMD_v2.0\data_image\hurricane_harvey\16_9_2017\908854000518234113_0.jpg,little_or_no_damage,Minor,0.3981
C:\Users\user\Downloads\CrisisMMD_v2.0\CrisisMMD_v2.0\data_image\hurricane_harvey\16_9_2017\908862255512657920_0.jpg,little_or_no_damage,Minor,0.7056
C:\Users\user\Downloads\CrisisMMD_v2.0\CrisisMMD_v2.0\data_image\hurricane_harvey\16_9_2017\908871077660692480_0.jpg,mild_damage,Moderate,1.0
C:\Users\user\Downloads\CrisisMMD_v2.0\CrisisMMD_v2.0\data_image\hurricane_harvey\16_9_2017\908905314342367232_0.jpg,severe_damage,Severe,1.0
C:\Users\user\Downloads\CrisisMMD_v2.0\CrisisMMD_v2.0\data_image\hurricane_harvey\16_9_2017\908912388002459648_0.jpg,severe_damage,Severe,0.7498
C:\Users\user\Downloads\CrisisMMD_v2.0\CrisisMMD_v2.0\data_image\hurricane_harvey\16_9_2017\909014470885769216_0.jpg,severe_damage,Severe,0.5191
C:\Users\user\Downloads\CrisisMMD_v2.0\CrisisMMD_v2.0\data_image\hurricane_harvey\16_9_2017\909094133087608832_0.jpg,severe_damage,Severe,0.6911
C:\Users\user\Downloads\CrisisMMD_v2.0\CrisisMMD_v2.0\data_image\hurricane_harvey\16_9_2017\909128086985338880_0.jpg,mild_damage,Moderate,0.6437
C:\Users\user\Downloads\CrisisMMD_v2.0\CrisisMMD_v2.0\data_image\hurricane_harvey\16_9_2017\909128086985338880_1.jpg,severe_damage,Severe,0.6624
C:\Users\user\Downloads\CrisisMMD_v2.0\CrisisMMD_v2.0\data_image\hurricane_harvey\16_9_2017\909135905063026688_0.jpg,mild_damage,Moderate,0.6583
C:\Users\user\Downloads\CrisisMMD_v2.0\CrisisMMD_v2.0\data_image\hurricane_harvey\16_9_2017\909135905063026688_1.jpg,mild_damage,Moderate,1.0
C:\Users\user\Downloads\CrisisMMD_v2.0\CrisisMMD_v2.0\data_image\hurricane_harvey\16_9_2017\909135905063026688_2.jpg,mild_damage,Moderate,0.6737
C:\Users\user\Downloads\CrisisMMD_v2.0\CrisisMMD_v2.0\data_image\hurricane_harvey\16_9_2017\909142245554532352_0.jpg,little_or_no_damage,Minor,0.3358
C:\Users\user\Downloads\CrisisMMD_v2.0\CrisisMMD_v2.0\data_image\hurricane_harvey\16_9_2017\909154298579374083_0.jpg,severe_damage,Severe,0.363
C:\Users\user\Downloads\CrisisMMD_v2.0\CrisisMMD_v2.0\data_image\hurricane_harvey\16_9_2017\909157252518563840_0.jpg,little_or_no_damage,Minor,0.6667
C:\Users\user\Downloads\CrisisMMD_v2.0\CrisisMMD_v2.0\data_image\hurricane_harvey\16_9_2017\909176906137948165_0.jpg,severe_damage,Severe,0.6729
C:\Users\user\Downloads\CrisisMMD_v2.0\CrisisMMD_v2.0\data_image\hurricane_harvey\17_9_2017\909214942137430017_0.jpg,mild_damage,Moderate,0.6803
C:\Users\user\Downloads\CrisisMMD_v2.0\CrisisMMD_v2.0\data_image\hurricane_harvey\17_9_2017\909220520461180928_0.jpg,little_or_no_damage,Minor,0.3802
C:\Users\user\Downloads\CrisisMMD_v2.0\CrisisMMD_v2.0\data_image\hurricane_harvey\17_9_2017\909228114554867712_0.jpg,severe_damage,Severe,0.708
C:\Users\user\Downloads\CrisisMMD_v2.0\CrisisMMD_v2.0\data_image\hurricane_harvey\17_9_2017\909259117801410560_0.jpg,little_or_no_damage,Minor,0.6983
C:\Users\user\Downloads\CrisisMMD_v2.0\CrisisMMD_v2.0\data_image\hurricane_harvey\17_9_2017\909261679417901057_0.jpg,severe_damage,Severe,0.6886
C:\Users\user\Downloads\CrisisMMD_v2.0\CrisisMMD_v2.0\data_image\hurricane_harvey\17_9_2017\909357422132809729_0.jpg,severe_damage,Severe,0.6899
C:\Users\user\Downloads\CrisisMMD_v2.0\CrisisMMD_v2.0\data_image\hurricane_harvey\17_9_2017\909477113199316997_0.jpg,severe_damage,Severe,0.3528
C:\Users\user\Downloads\CrisisMMD_v2.0\CrisisMMD_v2.0\data_image\hurricane_harvey\18_9_2017\909683179732082688_0.jpg,severe_damage,Severe,1.0
C:\Users\user\Downloads\CrisisMMD_v2.0\CrisisMMD_v2.0\data_image\hurricane_harvey\18_9_2017\909718903739244544_0.jpg,severe_damage,Severe,1.0
C:\Users\user\Downloads\CrisisMMD_v2.0\CrisisMMD_v2.0\data_image\hurricane_harvey\18_9_2017\909724266274238465_0.jpg,severe_damage,Severe,1.0
C:\Users\user\Downloads\CrisisMMD_v2.0\CrisisMMD_v2.0\data_image\hurricane_harvey\18_9_2017\909728942160048128_0.jpg,severe_damage,Severe,1.0
C:\Users\user\Downloads\CrisisMMD_v2.0\CrisisMMD_v2.0\data_image\hurricane_harvey\18_9_2017\909728995159113728_0.jpg,severe_damage,Severe,1.0
C:\Users\user\Downloads\CrisisMMD_v2.0\CrisisMMD_v2.0\data_image\hurricane_harvey\18_9_2017\909765035563601920_0.jpg,severe_damage,Severe,0.7
C:\Users\user\Downloads\CrisisMMD_v2.0\CrisisMMD_v2.0\data_image\hurricane_harvey\18_9_2017\909819421606141953_0.jpg,mild_damage,Moderate,1.0
C:\Users\user\Downloads\CrisisMMD_v2.0\CrisisMMD_v2.0\data_image\hurricane_harvey\18_9_2017\909820533419671555_0.jpg,mild_damage,Moderate,0.598
C:\Users\user\Downloads\CrisisMMD_v2.0\CrisisMMD_v2.0\data_image\hurricane_harvey\18_9_2017\909820533419671555_1.jpg,severe_damage,Severe,0.6841
C:\Users\user\Downloads\CrisisMMD_v2.0\CrisisMMD_v2.0\data_image\hurricane_harvey\18_9_2017\909830129538490368_0.jpg,severe_damage,Severe,1.0
C:\Users\user\Downloads\CrisisMMD_v2.0\CrisisMMD_v2.0\data_image\hurricane_harvey\18_9_2017\909847261970014209_0.jpg,severe_damage,Severe,0.6409
C:\Users\user\Downloads\CrisisMMD_v2.0\CrisisMMD_v2.0\data_image\hurricane_harvey\18_9_2017\909864743309017091_0.jpg,mild_damage,Moderate,0.699
C:\Users\user\Downloads\CrisisMMD_v2.0\CrisisMMD_v2.0\data_image\hurricane_harvey\18_9_2017\909869486286635009_0.jpg,severe_damage,Severe,1.0
C:\Users\user\Downloads\CrisisMMD_v2.0\CrisisMMD_v2.0\data_image\hurricane_harvey\18_9_2017\909871885780955137_0.jpg,mild_damage,Moderate,0.6817
C:\Users\user\Downloads\CrisisMMD_v2.0\CrisisMMD_v2.0\data_image\hurricane_harvey\18_9_2017\909878480212340736_0.jpg,mild_damage,Moderate,0.633
C:\Users\user\Downloads\CrisisMMD_v2.0\CrisisMMD_v2.0\data_image\hurricane_harvey\18_9_2017\909878550068645888_0.jpg,severe_damage,Severe,1.0
C:\Users\user\Downloads\CrisisMMD_v2.0\CrisisMMD_v2.0\data_image\hurricane_harvey\18_9_2017\909892286783221761_0.jpg,severe_damage,Severe,1.0
C:\Users\user\Downloads\CrisisMMD_v2.0\CrisisMMD_v2.0\data_image\hurricane_harvey\18_9_2017\909892429716774917_0.jpg,severe_damage,Severe,1.0
C:\Users\user\Downloads\CrisisMMD_v2.0\CrisisMMD_v2.0\data_image\hurricane_harvey\18_9_2017\909915400724516867_0.jpg,severe_damage,Severe,1.0
C:\Users\user\Downloads\CrisisMMD_v2.0\CrisisMMD_v2.0\data_image\hurricane_harvey\18_9_2017\909915400724516867_1.jpg,severe_damage,Severe,1.0
C:\Users\user\Downloads\CrisisMMD_v2.0\CrisisMMD_v2.0\data_image\hurricane_harvey\18_9_2017\909915400724516867_2.jpg,mild_damage,Moderate,0.6843
C:\Users\user\Downloads\CrisisMMD_v2.0\CrisisMMD_v2.0\data_image\hurricane_harvey\18_9_2017\909915400724516867_3.jpg,severe_damage,Severe,0.3333
C:\Users\user\Downloads\CrisisMMD_v2.0\CrisisMMD_v2.0\data_image\hurricane_harvey\18_9_2017\909922362589454336_0.jpg,mild_damage,Moderate,0.6704
C:\Users\user\Downloads\CrisisMMD_v2.0\CrisisMMD_v2.0\data_image\hurricane_harvey\19_9_2017\909938076423675905_0.jpg,little_or_no_damage,Minor,0.635
C:\Users\user\Downloads\CrisisMMD_v2.0\CrisisMMD_v2.0\data_image\hurricane_harvey\19_9_2017\909938076423675905_2.jpg,little_or_no_damage,Minor,0.679
C:\Users\user\Downloads\CrisisMMD_v2.0\CrisisMMD_v2.0\data_image\hurricane_harvey\19_9_2017\909945268145197059_0.jpg,severe_damage,Severe,1.0
C:\Users\user\Downloads\CrisisMMD_v2.0\CrisisMMD_v2.0\data_image\hurricane_harvey\19_9_2017\909970811154558976_0.jpg,severe_damage,Severe,0.6501
C:\Users\user\Downloads\CrisisMMD_v2.0\CrisisMMD_v2.0\data_image\hurricane_harvey\19_9_2017\909977356546318336_2.jpg,severe_damage,Severe,1.0
C:\Users\user\Downloads\CrisisMMD_v2.0\CrisisMMD_v2.0\data_image\hurricane_harvey\19_9_2017\909977356546318336_3.jpg,little_or_no_damage,Minor,0.3464
C:\Users\user\Downloads\CrisisMMD_v2.0\CrisisMMD_v2.0\data_image\hurricane_harvey\19_9_2017\910070012693561344_0.jpg,mild_damage,Moderate,1.0
C:\Users\user\Downloads\CrisisMMD_v2.0\CrisisMMD_v2.0\data_image\hurricane_harvey\19_9_2017\910144668687568899_0.jpg,severe_damage,Severe,0.707
C:\Users\user\Downloads\CrisisMMD_v2.0\CrisisMMD_v2.0\data_image\hurricane_harvey\19_9_2017\910156535011135488_0.jpg,little_or_no_damage,Minor,1.0
C:\Users\user\Downloads\CrisisMMD_v2.0\CrisisMMD_v2.0\data_image\hurricane_harvey\19_9_2017\910160788849008640_0.jpg,mild_damage,Moderate,0.6798
C:\Users\user\Downloads\CrisisMMD_v2.0\CrisisMMD_v2.0\data_image\hurricane_harvey\19_9_2017\910162829461860352_0.jpg,severe_damage,Severe,1.0
C:\Users\user\Downloads\CrisisMMD_v2.0\CrisisMMD_v2.0\data_image\hurricane_harvey\19_9_2017\910187021477437440_0.jpg,severe_damage,Severe,1.0
C:\Users\user\Downloads\CrisisMMD_v2.0\CrisisMMD_v2.0\data_image\hurricane_harvey\19_9_2017\910194378836267009_0.jpg,severe_damage,Severe,0.6907
C:\Users\user\Downloads\CrisisMMD_v2.0\CrisisMMD_v2.0\data_image\hurricane_harvey\19_9_2017\910196254503833600_0.jpg,severe_damage,Severe,1.0
C:\Users\user\Downloads\CrisisMMD_v2.0\CrisisMMD_v2.0\data_image\hurricane_harvey\19_9_2017\910220712824250370_0.jpg,severe_damage,Severe,0.3743
C:\Users\user\Downloads\CrisisMMD_v2.0\CrisisMMD_v2.0\data_image\hurricane_harvey\19_9_2017\910236569629609984_0.jpg,severe_damage,Severe,1.0
C:\Users\user\Downloads\CrisisMMD_v2.0\CrisisMMD_v2.0\data_image\hurricane_harvey\19_9_2017\910261798569472003_0.jpg,little_or_no_damage,Minor,0.6073
C:\Users\user\Downloads\CrisisMMD_v2.0\CrisisMMD_v2.0\data_image\hurricane_irma\7_9_2017\905625009430949888_0.jpg,severe_damage,Severe,1.0
C:\Users\user\Downloads\CrisisMMD_v2.0\CrisisMMD_v2.0\data_image\hurricane_irma\7_9_2017\905630574227927041_0.jpg,severe_damage,Severe,1.0
C:\Users\user\Downloads\CrisisMMD_v2.0\CrisisMMD_v2.0\data_image\hurricane_irma\7_9_2017\905630580745830400_1.jpg,mild_damage,Moderate,0.6875
C:\Users\user\Downloads\CrisisMMD_v2.0\CrisisMMD_v2.0\data_image\hurricane_irma\7_9_2017\905630580745830400_2.jpg,mild_damage,Moderate,0.6563
C:\Users\user\Downloads\CrisisMMD_v2.0\CrisisMMD_v2.0\data_image\hurricane_irma\7_9_2017\905630580745830400_3.jpg,little_or_no_damage,Minor,0.7059
C:\Users\user\Downloads\CrisisMMD_v2.0\CrisisMMD_v2.0\data_image\hurricane_irma\7_9_2017\905630591437197313_0.jpg,little_or_no_damage,Minor,1.0
C:\Users\user\Downloads\CrisisMMD_v2.0\CrisisMMD_v2.0\data_image\hurricane_irma\7_9_2017\905630997231788032_0.jpg,severe_damage,Severe,1.0
C:\Users\user\Downloads\CrisisMMD_v2.0\CrisisMMD_v2.0\data_image\hurricane_irma\7_9_2017\905631022540357632_0.jpg,severe_damage,Severe,0.6774
C:\Users\user\Downloads\CrisisMMD_v2.0\CrisisMMD_v2.0\data_image\hurricane_irma\7_9_2017\905631198843691009_0.jpg,severe_damage,Severe,1.0
C:\Users\user\Downloads\CrisisMMD_v2.0\CrisisMMD_v2.0\data_image\hurricane_irma\7_9_2017\905631198843691009_1.jpg,severe_damage,Severe,1.0
C:\Users\user\Downloads\CrisisMMD_v2.0\CrisisMMD_v2.0\data_image\hurricane_irma\7_9_2017\905636384576335872_0.jpg,little_or_no_damage,Minor,1.0
C:\Users\user\Downloads\CrisisMMD_v2.0\CrisisMMD_v2.0\data_image\hurricane_irma\7_9_2017\905636651447328768_0.jpg,mild_damage,Moderate,0.6774
C:\Users\user\Downloads\CrisisMMD_v2.0\CrisisMMD_v2.0\data_image\hurricane_irma\7_9_2017\905636651447328768_1.jpg,mild_damage,Moderate,0.6176
C:\Users\user\Downloads\CrisisMMD_v2.0\CrisisMMD_v2.0\data_image\hurricane_irma\7_9_2017\905636651447328768_2.jpg,little_or_no_damage,Minor,0.6563
C:\Users\user\Downloads\CrisisMMD_v2.0\CrisisMMD_v2.0\data_image\hurricane_irma\7_9_2017\905636651447328768_3.jpg,severe_damage,Severe,0.6857
C:\Users\user\Downloads\CrisisMMD_v2.0\CrisisMMD_v2.0\data_image\hurricane_irma\7_9_2017\905636873921495040_0.jpg,severe_damage,Severe,1.0
C:\Users\user\Downloads\CrisisMMD_v2.0\CrisisMMD_v2.0\data_image\hurricane_irma\7_9_2017\905636873921495040_2.jpg,mild_damage,Moderate,0.6774
C:\Users\user\Downloads\CrisisMMD_v2.0\CrisisMMD_v2.0\data_image\hurricane_irma\7_9_2017\905636875905507328_0.jpg,severe_damage,Severe,1.0
C:\Users\user\Downloads\CrisisMMD_v2.0\CrisisMMD_v2.0\data_image\hurricane_irma\7_9_2017\905636901306163200_0.jpg,severe_damage,Severe,1.0
C:\Users\user\Downloads\CrisisMMD_v2.0\CrisisMMD_v2.0\data_image\hurricane_irma\7_9_2017\905636901306163200_1.jpg,severe_damage,Severe,0.6867
C:\Users\user\Downloads\CrisisMMD_v2.0\CrisisMMD_v2.0\data_image\hurricane_irma\7_9_2017\905636901306163200_2.jpg,severe_damage,Severe,1.0
C:\Users\user\Downloads\CrisisMMD_v2.0\CrisisMMD_v2.0\data_image\hurricane_irma\7_9_2017\905636901306163200_3.jpg,severe_damage,Severe,1.0
C:\Users\user\Downloads\CrisisMMD_v2.0\CrisisMMD_v2.0\data_image\hurricane_irma\7_9_2017\905636943630884865_0.jpg,severe_damage,Severe,0.6875
C:\Users\user\Downloads\CrisisMMD_v2.0\CrisisMMD_v2.0\data_image\hurricane_irma\7_9_2017\905636957870546944_0.jpg,severe_damage,Severe,0.697
C:\Users\user\Downloads\CrisisMMD_v2.0\CrisisMMD_v2.0\data_image\hurricane_irma\7_9_2017\905641602928009216_0.jpg,severe_damage,Severe,1.0
C:\Users\user\Downloads\CrisisMMD_v2.0\CrisisMMD_v2.0\data_image\hurricane_irma\7_9_2017\905642249706340352_0.jpg,little_or_no_damage,Minor,0.6942
C:\Users\user\Downloads\CrisisMMD_v2.0\CrisisMMD_v2.0\data_image\hurricane_irma\7_9_2017\905647083713003520_0.jpg,little_or_no_damage,Minor,0.625
C:\Users\user\Downloads\CrisisMMD_v2.0\CrisisMMD_v2.0\data_image\hurricane_irma\7_9_2017\905647872175104001_0.jpg,little_or_no_damage,Minor,0.6875
C:\Users\user\Downloads\CrisisMMD_v2.0\CrisisMMD_v2.0\data_image\hurricane_irma\7_9_2017\905653422820491265_0.jpg,mild_damage,Moderate,0.6875
C:\Users\user\Downloads\CrisisMMD_v2.0\CrisisMMD_v2.0\data_image\hurricane_irma\7_9_2017\905658056465199105_0.jpg,severe_damage,Severe,1.0
C:\Users\user\Downloads\CrisisMMD_v2.0\CrisisMMD_v2.0\data_image\hurricane_irma\7_9_2017\905658161520009216_0.jpg,severe_damage,Severe,1.0
C:\Users\user\Downloads\CrisisMMD_v2.0\CrisisMMD_v2.0\data_image\hurricane_irma\7_9_2017\905658298082267140_0.jpg,little_or_no_damage,Minor,1.0
C:\Users\user\Downloads\CrisisMMD_v2.0\CrisisMMD_v2.0\data_image\hurricane_irma\7_9_2017\905658541158961152_0.jpg,severe_damage,Severe,1.0
C:\Users\user\Downloads\CrisisMMD_v2.0\CrisisMMD_v2.0\data_image\hurricane_irma\7_9_2017\905658650877763584_0.jpg,little_or_no_damage,Minor,0.6749
C:\Users\user\Downloads\CrisisMMD_v2.0\CrisisMMD_v2.0\data_image\hurricane_irma\7_9_2017\905664172809117697_0.jpg,little_or_no_damage,Minor,0.6667
C:\Users\user\Downloads\CrisisMMD_v2.0\CrisisMMD_v2.0\data_image\hurricane_irma\7_9_2017\905669053879951361_1.jpg,severe_damage,Severe,1.0
C:\Users\user\Downloads\CrisisMMD_v2.0\CrisisMMD_v2.0\data_image\hurricane_irma\7_9_2017\905669053879951361_3.jpg,little_or_no_damage,Minor,0.3717
C:\Users\user\Downloads\CrisisMMD_v2.0\CrisisMMD_v2.0\data_image\hurricane_irma\7_9_2017\905669119231459330_0.jpg,severe_damage,Severe,1.0
C:\Users\user\Downloads\CrisisMMD_v2.0\CrisisMMD_v2.0\data_image\hurricane_irma\7_9_2017\905669512434917376_0.jpg,little_or_no_damage,Minor,0.6667
C:\Users\user\Downloads\CrisisMMD_v2.0\CrisisMMD_v2.0\data_image\hurricane_irma\7_9_2017\905670102833446912_0.jpg,little_or_no_damage,Minor,0.6875
C:\Users\user\Downloads\CrisisMMD_v2.0\CrisisMMD_v2.0\data_image\hurricane_irma\7_9_2017\905674910198050816_0.jpg,severe_damage,Severe,1.0
C:\Users\user\Downloads\CrisisMMD_v2.0\CrisisMMD_v2.0\data_image\hurricane_irma\7_9_2017\905675466492837888_0.jpg,little_or_no_damage,Minor,1.0
C:\Users\user\Downloads\CrisisMMD_v2.0\CrisisMMD_v2.0\data_image\hurricane_irma\7_9_2017\905679571470532608_0.jpg,mild_damage,Moderate,0.6389
C:\Users\user\Downloads\CrisisMMD_v2.0\CrisisMMD_v2.0\data_image\hurricane_irma\7_9_2017\905681359460589568_0.jpg,severe_damage,Severe,1.0
C:\Users\user\Downloads\CrisisMMD_v2.0\CrisisMMD_v2.0\data_image\hurricane_irma\7_9_2017\905681359460589568_1.jpg,severe_damage,Severe,1.0
C:\Users\user\Downloads\CrisisMMD_v2.0\CrisisMMD_v2.0\data_image\hurricane_irma\7_9_2017\905685100901179392_0.jpg,severe_damage,Severe,1.0
C:\Users\user\Downloads\CrisisMMD_v2.0\CrisisMMD_v2.0\data_image\hurricane_irma\7_9_2017\905686913876582401_0.jpg,mild_damage,Moderate,0.7222
C:\Users\user\Downloads\CrisisMMD_v2.0\CrisisMMD_v2.0\data_image\hurricane_irma\7_9_2017\905695796422684673_0.jpg,mild_damage,Moderate,1.0
C:\Users\user\Downloads\CrisisMMD_v2.0\CrisisMMD_v2.0\data_image\hurricane_irma\7_9_2017\905696714253676544_0.jpg,severe_damage,Severe,0.6867
C:\Users\user\Downloads\CrisisMMD_v2.0\CrisisMMD_v2.0\data_image\hurricane_irma\7_9_2017\905696733606412288_0.jpg,severe_damage,Severe,0.6286
C:\Users\user\Downloads\CrisisMMD_v2.0\CrisisMMD_v2.0\data_image\hurricane_irma\7_9_2017\905697160519442432_0.jpg,mild_damage,Moderate,1.0
C:\Users\user\Downloads\CrisisMMD_v2.0\CrisisMMD_v2.0\data_image\hurricane_irma\7_9_2017\905700070972116992_0.jpg,severe_damage,Severe,1.0
C:\Users\user\Downloads\CrisisMMD_v2.0\CrisisMMD_v2.0\data_image\hurricane_irma\7_9_2017\905701933339566080_0.jpg,little_or_no_damage,Minor,0.6389
C:\Users\user\Downloads\CrisisMMD_v2.0\CrisisMMD_v2.0\data_image\hurricane_irma\7_9_2017\905702343735422976_0.jpg,little_or_no_damage,Minor,0.697
C:\Users\user\Downloads\CrisisMMD_v2.0\CrisisMMD_v2.0\data_image\hurricane_irma\7_9_2017\905705134361120768_0.jpg,mild_damage,Moderate,1.0
C:\Users\user\Downloads\CrisisMMD_v2.0\CrisisMMD_v2.0\data_image\hurricane_irma\7_9_2017\905705134361120768_1.jpg,mild_damage,Moderate,0.6765
C:\Users\user\Downloads\CrisisMMD_v2.0\CrisisMMD_v2.0\data_image\hurricane_irma\7_9_2017\905705134361120768_2.jpg,severe_damage,Severe,1.0
C:\Users\user\Downloads\CrisisMMD_v2.0\CrisisMMD_v2.0\data_image\hurricane_irma\7_9_2017\905705134361120768_3.jpg,severe_damage,Severe,1.0
C:\Users\user\Downloads\CrisisMMD_v2.0\CrisisMMD_v2.0\data_image\hurricane_irma\7_9_2017\905711015572250632_0.jpg,little_or_no_damage,Minor,1.0
C:\Users\user\Downloads\CrisisMMD_v2.0\CrisisMMD_v2.0\data_image\hurricane_irma\7_9_2017\905711511129206784_0.jpg,little_or_no_damage,Minor,0.6645
C:\Users\user\Downloads\CrisisMMD_v2.0\CrisisMMD_v2.0\data_image\hurricane_irma\7_9_2017\905711934879694848_0.jpg,severe_damage,Severe,1.0
C:\Users\user\Downloads\CrisisMMD_v2.0\CrisisMMD_v2.0\data_image\hurricane_irma\7_9_2017\905712012965142529_0.jpg,little_or_no_damage,Minor,0.697
C:\Users\user\Downloads\CrisisMMD_v2.0\CrisisMMD_v2.0\data_image\hurricane_irma\7_9_2017\905714507657469953_0.jpg,severe_damage,Severe,1.0
C:\Users\user\Downloads\CrisisMMD_v2.0\CrisisMMD_v2.0\data_image\hurricane_irma\7_9_2017\905714574128644096_0.jpg,severe_damage,Severe,1.0
C:\Users\user\Downloads\CrisisMMD_v2.0\CrisisMMD_v2.0\data_image\hurricane_irma\7_9_2017\905714887531388929_0.jpg,severe_damage,Severe,0.6176
C:\Users\user\Downloads\CrisisMMD_v2.0\CrisisMMD_v2.0\data_image\hurricane_irma\7_9_2017\905715102258569216_0.jpg,little_or_no_damage,Minor,0.6667
C:\Users\user\Downloads\CrisisMMD_v2.0\CrisisMMD_v2.0\data_image\hurricane_irma\7_9_2017\905717024701030400_0.jpg,mild_damage,Moderate,0.6605
C:\Users\user\Downloads\CrisisMMD_v2.0\CrisisMMD_v2.0\data_image\hurricane_irma\7_9_2017\905720120642650112_0.jpg,severe_damage,Severe,0.6875
C:\Users\user\Downloads\CrisisMMD_v2.0\CrisisMMD_v2.0\data_image\hurricane_irma\7_9_2017\905721072250736640_0.jpg,severe_damage,Severe,0.6158
C:\Users\user\Downloads\CrisisMMD_v2.0\CrisisMMD_v2.0\data_image\hurricane_irma\7_9_2017\905723534730641408_0.jpg,little_or_no_damage,Minor,0.678
C:\Users\user\Downloads\CrisisMMD_v2.0\CrisisMMD_v2.0\data_image\hurricane_irma\7_9_2017\905724350040383490_0.jpg,severe_damage,Severe,0.6875
C:\Users\user\Downloads\CrisisMMD_v2.0\CrisisMMD_v2.0\data_image\hurricane_irma\7_9_2017\905724430562799616_0.jpg,severe_damage,Severe,1.0
C:\Users\user\Downloads\CrisisMMD_v2.0\CrisisMMD_v2.0\data_image\hurricane_irma\7_9_2017\905724879600791554_0.jpg,mild_damage,Moderate,0.6667
C:\Users\user\Downloads\CrisisMMD_v2.0\CrisisMMD_v2.0\data_image\hurricane_irma\7_9_2017\905725051743354880_0.jpg,severe_damage,Severe,1.0
C:\Users\user\Downloads\CrisisMMD_v2.0\CrisisMMD_v2.0\data_image\hurricane_irma\7_9_2017\905729992742625281_0.jpg,little_or_no_damage,Minor,0.3718
C:\Users\user\Downloads\CrisisMMD_v2.0\CrisisMMD_v2.0\data_image\hurricane_irma\7_9_2017\905733262173102081_0.jpg,severe_damage,Severe,1.0
C:\Users\user\Downloads\CrisisMMD_v2.0\CrisisMMD_v2.0\data_image\hurricane_irma\7_9_2017\905733588095823873_0.jpg,severe_damage,Severe,1.0
C:\Users\user\Downloads\CrisisMMD_v2.0\CrisisMMD_v2.0\data_image\hurricane_irma\7_9_2017\905734617927483392_0.jpg,mild_damage,Moderate,0.8177
C:\Users\user\Downloads\CrisisMMD_v2.0\CrisisMMD_v2.0\data_image\hurricane_irma\7_9_2017\905739963706302464_0.jpg,little_or_no_damage,Minor,1.0
C:\Users\user\Downloads\CrisisMMD_v2.0\CrisisMMD_v2.0\data_image\hurricane_irma\7_9_2017\905740321966891008_0.jpg,little_or_no_damage,Minor,1.0
C:\Users\user\Downloads\CrisisMMD_v2.0\CrisisMMD_v2.0\data_image\hurricane_irma\7_9_2017\905745716575838208_0.jpg,little_or_no_damage,Minor,0.6896
C:\Users\user\Downloads\CrisisMMD_v2.0\CrisisMMD_v2.0\data_image\hurricane_irma\7_9_2017\905755368931909632_0.jpg,mild_damage,Moderate,0.3807
C:\Users\user\Downloads\CrisisMMD_v2.0\CrisisMMD_v2.0\data_image\hurricane_irma\7_9_2017\905755713984765954_0.jpg,little_or_no_damage,Minor,0.7143
C:\Users\user\Downloads\CrisisMMD_v2.0\CrisisMMD_v2.0\data_image\hurricane_irma\7_9_2017\905755941559300097_0.jpg,severe_damage,Severe,1.0
C:\Users\user\Downloads\CrisisMMD_v2.0\CrisisMMD_v2.0\data_image\hurricane_irma\7_9_2017\905756443667820544_0.jpg,little_or_no_damage,Minor,0.6667
C:\Users\user\Downloads\CrisisMMD_v2.0\CrisisMMD_v2.0\data_image\hurricane_irma\7_9_2017\905756573280198656_0.jpg,mild_damage,Moderate,0.6932
C:\Users\user\Downloads\CrisisMMD_v2.0\CrisisMMD_v2.0\data_image\hurricane_irma\7_9_2017\905760814413598721_0.jpg,severe_damage,Severe,0.6741
C:\Users\user\Downloads\CrisisMMD_v2.0\CrisisMMD_v2.0\data_image\hurricane_irma\7_9_2017\905761884808335361_0.jpg,severe_damage,Severe,1.0
C:\Users\user\Downloads\CrisisMMD_v2.0\CrisisMMD_v2.0\data_image\hurricane_irma\7_9_2017\905761990823600129_0.jpg,little_or_no_damage,Minor,1.0
C:\Users\user\Downloads\CrisisMMD_v2.0\CrisisMMD_v2.0\data_image\hurricane_irma\7_9_2017\905762090178289664_0.jpg,little_or_no_damage,Minor,0.5994
C:\Users\user\Downloads\CrisisMMD_v2.0\CrisisMMD_v2.0\data_image\hurricane_irma\7_9_2017\905762184105472000_0.jpg,severe_damage,Severe,1.0
C:\Users\user\Downloads\CrisisMMD_v2.0\CrisisMMD_v2.0\data_image\hurricane_irma\7_9_2017\905766123907407872_0.jpg,severe_damage,Severe,0.6389
C:\Users\user\Downloads\CrisisMMD_v2.0\CrisisMMD_v2.0\data_image\hurricane_irma\10_9_2017\906927330555305984_0.jpg,severe_damage,Severe,0.6675
C:\Users\user\Downloads\CrisisMMD_v2.0\CrisisMMD_v2.0\data_image\hurricane_irma\10_9_2017\906927857393430533_0.jpg,severe_damage,Severe,1.0
C:\Users\user\Downloads\CrisisMMD_v2.0\CrisisMMD_v2.0\data_image\hurricane_irma\10_9_2017\906927885226737671_0.jpg,little_or_no_damage,Minor,0.375
C:\Users\user\Downloads\CrisisMMD_v2.0\CrisisMMD_v2.0\data_image\hurricane_irma\10_9_2017\906927887454011394_0.jpg,little_or_no_damage,Minor,0.685
C:\Users\user\Downloads\CrisisMMD_v2.0\CrisisMMD_v2.0\data_image\hurricane_irma\10_9_2017\906927950938873856_0.jpg,little_or_no_damage,Minor,1.0
C:\Users\user\Downloads\CrisisMMD_v2.0\CrisisMMD_v2.0\data_image\hurricane_irma\10_9_2017\906927964083847168_1.jpg,severe_damage,Severe,0.7059
C:\Users\user\Downloads\CrisisMMD_v2.0\CrisisMMD_v2.0\data_image\hurricane_irma\10_9_2017\906927969171656705_0.jpg,mild_damage,Moderate,0.6452
C:\Users\user\Downloads\CrisisMMD_v2.0\CrisisMMD_v2.0\data_image\hurricane_irma\10_9_2017\906927979091152896_0.jpg,severe_damage,Severe,1.0
C:\Users\user\Downloads\CrisisMMD_v2.0\CrisisMMD_v2.0\data_image\hurricane_irma\10_9_2017\906927991225286657_0.jpg,severe_damage,Severe,0.6667
C:\Users\user\Downloads\CrisisMMD_v2.0\CrisisMMD_v2.0\data_image\hurricane_irma\10_9_2017\906928042865504261_0.jpg,little_or_no_damage,Minor,0.3741
C:\Users\user\Downloads\CrisisMMD_v2.0\CrisisMMD_v2.0\data_image\hurricane_irma\17_9_2017\909377586052124674_1.jpg,severe_damage,Severe,0.6667
C:\Users\user\Downloads\CrisisMMD_v2.0\CrisisMMD_v2.0\data_image\hurricane_irma\17_9_2017\909377896996892672_0.jpg,mild_damage,Moderate,0.6875
C:\Users\user\Downloads\CrisisMMD_v2.0\CrisisMMD_v2.0\data_image\hurricane_irma\17_9_2017\909378784519966721_0.jpg,mild_damage,Moderate,0.678
C:\Users\user\Downloads\CrisisMMD_v2.0\CrisisMMD_v2.0\data_image\hurricane_irma\17_9_2017\909378911754162176_0.jpg,mild_damage,Moderate,0.6765
C:\Users\user\Downloads\CrisisMMD_v2.0\CrisisMMD_v2.0\data_image\hurricane_irma\17_9_2017\909378942372630529_0.jpg,mild_damage,Moderate,0.7001
C:\Users\user\Downloads\CrisisMMD_v2.0\CrisisMMD_v2.0\data_image\hurricane_irma\17_9_2017\909379299874099201_0.jpg,severe_damage,Severe,1.0
C:\Users\user\Downloads\CrisisMMD_v2.0\CrisisMMD_v2.0\data_image\hurricane_irma\17_9_2017\909379695476588544_0.jpg,severe_damage,Severe,1.0
C:\Users\user\Downloads\CrisisMMD_v2.0\CrisisMMD_v2.0\data_image\hurricane_irma\17_9_2017\909380841276678144_0.jpg,mild_damage,Moderate,0.6875
C:\Users\user\Downloads\CrisisMMD_v2.0\CrisisMMD_v2.0\data_image\hurricane_irma\17_9_2017\909380916828606464_0.jpg,severe_damage,Severe,1.0
C:\Users\user\Downloads\CrisisMMD_v2.0\CrisisMMD_v2.0\data_image\hurricane_irma\17_9_2017\909381728061464577_0.jpg,severe_damage,Severe,0.6765
C:\Users\user\Downloads\CrisisMMD_v2.0\CrisisMMD_v2.0\data_image\hurricane_irma\17_9_2017\909382127199821824_0.jpg,little_or_no_damage,Minor,1.0
C:\Users\user\Downloads\CrisisMMD_v2.0\CrisisMMD_v2.0\data_image\hurricane_irma\17_9_2017\909382294535835648_0.jpg,severe_damage,Severe,1.0
C:\Users\user\Downloads\CrisisMMD_v2.0\CrisisMMD_v2.0\data_image\hurricane_irma\17_9_2017\909382743141822466_0.jpg,little_or_no_damage,Minor,0.6605
C:\Users\user\Downloads\CrisisMMD_v2.0\CrisisMMD_v2.0\data_image\hurricane_irma\17_9_2017\909383753830674432_0.jpg,severe_damage,Severe,0.6333
C:\Users\user\Downloads\CrisisMMD_v2.0\CrisisMMD_v2.0\data_image\hurricane_irma\17_9_2017\909383783438307328_0.jpg,severe_damage,Severe,1.0
C:\Users\user\Downloads\CrisisMMD_v2.0\CrisisMMD_v2.0\data_image\hurricane_irma\17_9_2017\909383948563869696_0.jpg,mild_damage,Moderate,0.6796
C:\Users\user\Downloads\CrisisMMD_v2.0\CrisisMMD_v2.0\data_image\hurricane_irma\17_9_2017\909384142768492544_0.jpg,severe_damage,Severe,0.6774
C:\Users\user\Downloads\CrisisMMD_v2.0\CrisisMMD_v2.0\data_image\hurricane_irma\17_9_2017\909384460285526016_0.jpg,severe_damage,Severe,1.0
C:\Users\user\Downloads\CrisisMMD_v2.0\CrisisMMD_v2.0\data_image\hurricane_irma\17_9_2017\909384935785582592_2.jpg,mild_damage,Moderate,0.6748
C:\Users\user\Downloads\CrisisMMD_v2.0\CrisisMMD_v2.0\data_image\hurricane_irma\17_9_2017\909385864500989952_0.jpg,severe_damage,Severe,1.0
C:\Users\user\Downloads\CrisisMMD_v2.0\CrisisMMD_v2.0\data_image\hurricane_irma\17_9_2017\909385864500989952_1.jpg,severe_damage,Severe,0.6667
C:\Users\user\Downloads\CrisisMMD_v2.0\CrisisMMD_v2.0\data_image\hurricane_irma\17_9_2017\909386577624944640_0.jpg,severe_damage,Severe,1.0
C:\Users\user\Downloads\CrisisMMD_v2.0\CrisisMMD_v2.0\data_image\hurricane_irma\17_9_2017\909387208599142400_0.jpg,little_or_no_damage,Minor,0.6774
C:\Users\user\Downloads\CrisisMMD_v2.0\CrisisMMD_v2.0\data_image\hurricane_irma\17_9_2017\909387455924666368_0.jpg,severe_damage,Severe,1.0
C:\Users\user\Downloads\CrisisMMD_v2.0\CrisisMMD_v2.0\data_image\hurricane_irma\17_9_2017\909387516742131712_0.jpg,mild_damage,Moderate,1.0
C:\Users\user\Downloads\CrisisMMD_v2.0\CrisisMMD_v2.0\data_image\hurricane_irma\17_9_2017\909387523461349378_0.jpg,severe_damage,Severe,0.6667
C:\Users\user\Downloads\CrisisMMD_v2.0\CrisisMMD_v2.0\data_image\hurricane_irma\17_9_2017\909392782799917056_0.jpg,severe_damage,Severe,0.3438
C:\Users\user\Downloads\CrisisMMD_v2.0\CrisisMMD_v2.0\data_image\hurricane_irma\17_9_2017\909393303052935168_2.jpg,little_or_no_damage,Minor,0.6667
C:\Users\user\Downloads\CrisisMMD_v2.0\CrisisMMD_v2.0\data_image\hurricane_irma\17_9_2017\909394219235672064_0.jpg,mild_damage,Moderate,0.3824
C:\Users\user\Downloads\CrisisMMD_v2.0\CrisisMMD_v2.0\data_image\hurricane_irma\17_9_2017\909394600007274501_0.jpg,severe_damage,Severe,1.0
C:\Users\user\Downloads\CrisisMMD_v2.0\CrisisMMD_v2.0\data_image\hurricane_irma\17_9_2017\909395278519775232_0.jpg,severe_damage,Severe,1.0
C:\Users\user\Downloads\CrisisMMD_v2.0\CrisisMMD_v2.0\data_image\hurricane_irma\17_9_2017\909396171235487745_0.jpg,severe_damage,Severe,1.0
C:\Users\user\Downloads\CrisisMMD_v2.0\CrisisMMD_v2.0\data_image\hurricane_irma\17_9_2017\909396357718343680_0.jpg,severe_damage,Severe,0.3548
C:\Users\user\Downloads\CrisisMMD_v2.0\CrisisMMD_v2.0\data_image\hurricane_irma\17_9_2017\909396901254090752_0.jpg,severe_damage,Severe,0.6806
C:\Users\user\Downloads\CrisisMMD_v2.0\CrisisMMD_v2.0\data_image\hurricane_irma\17_9_2017\909397079138689024_0.jpg,little_or_no_damage,Minor,0.6672
C:\Users\user\Downloads\CrisisMMD_v2.0\CrisisMMD_v2.0\data_image\hurricane_irma\17_9_2017\909397291060088832_0.jpg,mild_damage,Moderate,0.7143
C:\Users\user\Downloads\CrisisMMD_v2.0\CrisisMMD_v2.0\data_image\hurricane_irma\17_9_2017\909397777792118784_0.jpg,little_or_no_damage,Minor,0.6667
C:\Users\user\Downloads\CrisisMMD_v2.0\CrisisMMD_v2.0\data_image\hurricane_irma\17_9_2017\909398796928303104_1.jpg,mild_damage,Moderate,0.3395
C:\Users\user\Downloads\CrisisMMD_v2.0\CrisisMMD_v2.0\data_image\hurricane_irma\17_9_2017\909398796928303104_2.jpg,little_or_no_damage,Minor,0.6667
C:\Users\user\Downloads\CrisisMMD_v2.0\CrisisMMD_v2.0\data_image\hurricane_irma\17_9_2017\909400394773811200_0.jpg,little_or_no_damage,Minor,0.3824
C:\Users\user\Downloads\CrisisMMD_v2.0\CrisisMMD_v2.0\data_image\hurricane_irma\17_9_2017\909401570026119168_0.jpg,severe_damage,Severe,0.3548
C:\Users\user\Downloads\CrisisMMD_v2.0\CrisisMMD_v2.0\data_image\hurricane_irma\17_9_2017\909401980266860544_0.jpg,severe_damage,Severe,0.632
C:\Users\user\Downloads\CrisisMMD_v2.0\CrisisMMD_v2.0\data_image\hurricane_irma\17_9_2017\909403359123210240_0.jpg,severe_damage,Severe,1.0
C:\Users\user\Downloads\CrisisMMD_v2.0\CrisisMMD_v2.0\data_image\hurricane_irma\17_9_2017\909403767736619008_0.jpg,severe_damage,Severe,1.0
C:\Users\user\Downloads\CrisisMMD_v2.0\CrisisMMD_v2.0\data_image\hurricane_irma\17_9_2017\909404123266764801_0.jpg,little_or_no_damage,Minor,0.6282
C:\Users\user\Downloads\CrisisMMD_v2.0\CrisisMMD_v2.0\data_image\hurricane_irma\17_9_2017\909405458049445889_0.jpg,severe_damage,Severe,0.6774
C:\Users\user\Downloads\CrisisMMD_v2.0\CrisisMMD_v2.0\data_image\hurricane_irma\17_9_2017\909406366002929664_0.jpg,severe_damage,Severe,1.0
C:\Users\user\Downloads\CrisisMMD_v2.0\CrisisMMD_v2.0\data_image\hurricane_irma\17_9_2017\909409487030771712_0.jpg,little_or_no_damage,Minor,0.6667
C:\Users\user\Downloads\CrisisMMD_v2.0\CrisisMMD_v2.0\data_image\hurricane_irma\17_9_2017\909410693102948352_0.jpg,severe_damage,Severe,1.0
C:\Users\user\Downloads\CrisisMMD_v2.0\CrisisMMD_v2.0\data_image\hurricane_irma\17_9_2017\909411047039229953_0.jpg,mild_damage,Moderate,0.6471
C:\Users\user\Downloads\CrisisMMD_v2.0\CrisisMMD_v2.0\data_image\hurricane_irma\17_9_2017\909412242449326080_0.jpg,severe_damage,Severe,1.0
C:\Users\user\Downloads\CrisisMMD_v2.0\CrisisMMD_v2.0\data_image\hurricane_irma\17_9_2017\909412901626236929_0.jpg,little_or_no_damage,Minor,0.6774
C:\Users\user\Downloads\CrisisMMD_v2.0\CrisisMMD_v2.0\data_image\hurricane_irma\17_9_2017\909412920160804864_0.jpg,mild_damage,Moderate,1.0
C:\Users\user\Downloads\CrisisMMD_v2.0\CrisisMMD_v2.0\data_image\hurricane_irma\17_9_2017\909415207868309505_2.jpg,mild_damage,Moderate,0.6563
C:\Users\user\Downloads\CrisisMMD_v2.0\CrisisMMD_v2.0\data_image\hurricane_irma\17_9_2017\909415207868309505_3.jpg,mild_damage,Moderate,0.697
C:\Users\user\Downloads\CrisisMMD_v2.0\CrisisMMD_v2.0\data_image\hurricane_irma\17_9_2017\909415467655335936_0.jpg,mild_damage,Moderate,1.0
C:\Users\user\Downloads\CrisisMMD_v2.0\CrisisMMD_v2.0\data_image\hurricane_irma\17_9_2017\909417256593092608_0.jpg,severe_damage,Severe,0.6389
C:\Users\user\Downloads\CrisisMMD_v2.0\CrisisMMD_v2.0\data_image\hurricane_irma\17_9_2017\909417984124506112_0.jpg,mild_damage,Moderate,0.6667
C:\Users\user\Downloads\CrisisMMD_v2.0\CrisisMMD_v2.0\data_image\hurricane_irma\17_9_2017\909418055893123072_0.jpg,little_or_no_damage,Minor,1.0
C:\Users\user\Downloads\CrisisMMD_v2.0\CrisisMMD_v2.0\data_image\hurricane_irma\17_9_2017\909418331618373632_0.jpg,little_or_no_damage,Minor,0.6745
C:\Users\user\Downloads\CrisisMMD_v2.0\CrisisMMD_v2.0\data_image\hurricane_irma\17_9_2017\909418462946217984_0.jpg,mild_damage,Moderate,0.6774
C:\Users\user\Downloads\CrisisMMD_v2.0\CrisisMMD_v2.0\data_image\hurricane_irma\17_9_2017\909418648996999168_0.jpg,mild_damage,Moderate,1.0
C:\Users\user\Downloads\CrisisMMD_v2.0\CrisisMMD_v2.0\data_image\hurricane_irma\17_9_2017\909418648996999168_1.jpg,little_or_no_damage,Minor,0.6533
C:\Users\user\Downloads\CrisisMMD_v2.0\CrisisMMD_v2.0\data_image\hurricane_irma\17_9_2017\909418648996999168_2.jpg,mild_damage,Moderate,0.7
C:\Users\user\Downloads\CrisisMMD_v2.0\CrisisMMD_v2.0\data_image\hurricane_irma\17_9_2017\909418648996999168_3.jpg,little_or_no_damage,Minor,0.6262
C:\Users\user\Downloads\CrisisMMD_v2.0\CrisisMMD_v2.0\data_image\hurricane_irma\17_9_2017\909418882213060608_0.jpg,severe_damage,Severe,0.6389
C:\Users\user\Downloads\CrisisMMD_v2.0\CrisisMMD_v2.0\data_image\hurricane_irma\17_9_2017\909419255229304833_0.jpg,severe_damage,Severe,1.0
C:\Users\user\Downloads\CrisisMMD_v2.0\CrisisMMD_v2.0\data_image\hurricane_irma\17_9_2017\909419750253645830_0.jpg,severe_damage,Severe,1.0
C:\Users\user\Downloads\CrisisMMD_v2.0\CrisisMMD_v2.0\data_image\hurricane_irma\17_9_2017\909420245881782272_0.jpg,little_or_no_damage,Minor,1.0
C:\Users\user\Downloads\CrisisMMD_v2.0\CrisisMMD_v2.0\data_image\hurricane_irma\17_9_2017\909420528703819776_0.jpg,severe_damage,Severe,1.0
C:\Users\user\Downloads\CrisisMMD_v2.0\CrisisMMD_v2.0\data_image\hurricane_irma\17_9_2017\909421107396186112_0.jpg,mild_damage,Moderate,1.0
C:\Users\user\Downloads\CrisisMMD_v2.0\CrisisMMD_v2.0\data_image\hurricane_irma\17_9_2017\909421586893070338_0.jpg,mild_damage,Moderate,0.6875
C:\Users\user\Downloads\CrisisMMD_v2.0\CrisisMMD_v2.0\data_image\hurricane_irma\17_9_2017\909421699778715648_0.jpg,little_or_no_damage,Minor,0.6645
C:\Users\user\Downloads\CrisisMMD_v2.0\CrisisMMD_v2.0\data_image\hurricane_irma\17_9_2017\909422618801000448_0.jpg,severe_damage,Severe,1.0
C:\Users\user\Downloads\CrisisMMD_v2.0\CrisisMMD_v2.0\data_image\hurricane_irma\17_9_2017\909423323229990914_0.jpg,severe_damage,Severe,0.6896
C:\Users\user\Downloads\CrisisMMD_v2.0\CrisisMMD_v2.0\data_image\hurricane_irma\17_9_2017\909423449239629825_0.jpg,severe_damage,Severe,1.0
C:\Users\user\Downloads\CrisisMMD_v2.0\CrisisMMD_v2.0\data_image\hurricane_irma\17_9_2017\909423458810871809_0.jpg,little_or_no_damage,Minor,0.6266
C:\Users\user\Downloads\CrisisMMD_v2.0\CrisisMMD_v2.0\data_image\hurricane_irma\17_9_2017\909423799711318018_0.jpg,severe_damage,Severe,1.0
C:\Users\user\Downloads\CrisisMMD_v2.0\CrisisMMD_v2.0\data_image\hurricane_irma\17_9_2017\909423799711318018_1.jpg,severe_damage,Severe,0.6875
C:\Users\user\Downloads\CrisisMMD_v2.0\CrisisMMD_v2.0\data_image\hurricane_irma\17_9_2017\909423799711318018_3.jpg,severe_damage,Severe,1.0
C:\Users\user\Downloads\CrisisMMD_v2.0\CrisisMMD_v2.0\data_image\hurricane_irma\17_9_2017\909424532708085760_0.jpg,little_or_no_damage,Minor,0.6774
C:\Users\user\Downloads\CrisisMMD_v2.0\CrisisMMD_v2.0\data_image\hurricane_irma\17_9_2017\909424536705265664_0.jpg,mild_damage,Moderate,1.0
C:\Users\user\Downloads\CrisisMMD_v2.0\CrisisMMD_v2.0\data_image\hurricane_irma\17_9_2017\909428648796704768_0.jpg,severe_damage,Severe,1.0
C:\Users\user\Downloads\CrisisMMD_v2.0\CrisisMMD_v2.0\data_image\hurricane_irma\17_9_2017\909428988719886337_0.jpg,little_or_no_damage,Minor,0.6452
C:\Users\user\Downloads\CrisisMMD_v2.0\CrisisMMD_v2.0\data_image\hurricane_irma\17_9_2017\909429266697248768_0.jpg,severe_damage,Severe,1.0
C:\Users\user\Downloads\CrisisMMD_v2.0\CrisisMMD_v2.0\data_image\hurricane_irma\17_9_2017\909431758822739969_0.jpg,little_or_no_damage,Minor,0.625
C:\Users\user\Downloads\CrisisMMD_v2.0\CrisisMMD_v2.0\data_image\hurricane_irma\17_9_2017\909432584333078528_0.jpg,little_or_no_damage,Minor,0.7052
C:\Users\user\Downloads\CrisisMMD_v2.0\CrisisMMD_v2.0\data_image\hurricane_irma\17_9_2017\909433639540281344_0.jpg,severe_damage,Severe,1.0
C:\Users\user\Downloads\CrisisMMD_v2.0\CrisisMMD_v2.0\data_image\hurricane_irma\17_9_2017\909434397077753861_0.jpg,mild_damage,Moderate,0.6471
C:\Users\user\Downloads\CrisisMMD_v2.0\CrisisMMD_v2.0\data_image\hurricane_irma\17_9_2017\909434397077753861_1.jpg,mild_damage,Moderate,1.0
C:\Users\user\Downloads\CrisisMMD_v2.0\CrisisMMD_v2.0\data_image\hurricane_irma\17_9_2017\909434397077753861_2.jpg,mild_damage,Moderate,1.0
C:\Users\user\Downloads\CrisisMMD_v2.0\CrisisMMD_v2.0\data_image\hurricane_irma\17_9_2017\909434968652251136_0.jpg,severe_damage,Severe,1.0
C:\Users\user\Downloads\CrisisMMD_v2.0\CrisisMMD_v2.0\data_image\hurricane_irma\17_9_2017\909436630267760641_2.jpg,little_or_no_damage,Minor,0.6333
C:\Users\user\Downloads\CrisisMMD_v2.0\CrisisMMD_v2.0\data_image\hurricane_irma\17_9_2017\909436630267760641_3.jpg,mild_damage,Moderate,0.6664
C:\Users\user\Downloads\CrisisMMD_v2.0\CrisisMMD_v2.0\data_image\hurricane_irma\17_9_2017\909436803853189121_0.jpg,little_or_no_damage,Minor,0.3533
C:\Users\user\Downloads\CrisisMMD_v2.0\CrisisMMD_v2.0\data_image\hurricane_irma\17_9_2017\909437071491833856_0.jpg,severe_damage,Severe,1.0
C:\Users\user\Downloads\CrisisMMD_v2.0\CrisisMMD_v2.0\data_image\hurricane_irma\17_9_2017\909437299640778752_0.jpg,severe_damage,Severe,1.0
C:\Users\user\Downloads\CrisisMMD_v2.0\CrisisMMD_v2.0\data_image\hurricane_irma\17_9_2017\909438062979158017_0.jpg,severe_damage,Severe,1.0
C:\Users\user\Downloads\CrisisMMD_v2.0\CrisisMMD_v2.0\data_image\hurricane_irma\17_9_2017\909438308253601795_0.jpg,little_or_no_damage,Minor,0.6389
C:\Users\user\Downloads\CrisisMMD_v2.0\CrisisMMD_v2.0\data_image\hurricane_irma\17_9_2017\909438423068495872_1.jpg,severe_damage,Severe,0.3533
C:\Users\user\Downloads\CrisisMMD_v2.0\CrisisMMD_v2.0\data_image\hurricane_irma\17_9_2017\909438423068495872_2.jpg,severe_damage,Severe,0.6061
C:\Users\user\Downloads\CrisisMMD_v2.0\CrisisMMD_v2.0\data_image\hurricane_irma\17_9_2017\909439057150832640_0.jpg,severe_damage,Severe,1.0
C:\Users\user\Downloads\CrisisMMD_v2.0\CrisisMMD_v2.0\data_image\hurricane_irma\17_9_2017\909439327779852288_0.jpg,mild_damage,Moderate,0.6765
C:\Users\user\Downloads\CrisisMMD_v2.0\CrisisMMD_v2.0\data_image\hurricane_irma\17_9_2017\909440826933223425_0.jpg,severe_damage,Severe,0.6774
C:\Users\user\Downloads\CrisisMMD_v2.0\CrisisMMD_v2.0\data_image\hurricane_irma\17_9_2017\909441515839266816_1.jpg,severe_damage,Severe,0.6765
C:\Users\user\Downloads\CrisisMMD_v2.0\CrisisMMD_v2.0\data_image\hurricane_irma\17_9_2017\909442846654001152_0.jpg,mild_damage,Moderate,1.0
C:\Users\user\Downloads\CrisisMMD_v2.0\CrisisMMD_v2.0\data_image\hurricane_irma\17_9_2017\909443799079931904_0.jpg,severe_damage,Severe,1.0
C:\Users\user\Downloads\CrisisMMD_v2.0\CrisisMMD_v2.0\data_image\hurricane_irma\17_9_2017\909444092257386496_0.jpg,severe_damage,Severe,0.6364
C:\Users\user\Downloads\CrisisMMD_v2.0\CrisisMMD_v2.0\data_image\hurricane_irma\17_9_2017\909446703237009408_0.jpg,mild_damage,Moderate,0.3824
C:\Users\user\Downloads\CrisisMMD_v2.0\CrisisMMD_v2.0\data_image\hurricane_irma\17_9_2017\909446946535936000_0.jpg,little_or_no_damage,Minor,1.0
C:\Users\user\Downloads\CrisisMMD_v2.0\CrisisMMD_v2.0\data_image\hurricane_irma\17_9_2017\909446946535936000_1.jpg,little_or_no_damage,Minor,1.0
C:\Users\user\Downloads\CrisisMMD_v2.0\CrisisMMD_v2.0\data_image\hurricane_irma\17_9_2017\909447024801705986_0.jpg,mild_damage,Moderate,0.6667
C:\Users\user\Downloads\CrisisMMD_v2.0\CrisisMMD_v2.0\data_image\hurricane_irma\17_9_2017\909447146268585985_0.jpg,little_or_no_damage,Minor,0.697
C:\Users\user\Downloads\CrisisMMD_v2.0\CrisisMMD_v2.0\data_image\hurricane_irma\17_9_2017\909447166523056133_0.jpg,severe_damage,Severe,1.0
C:\Users\user\Downloads\CrisisMMD_v2.0\CrisisMMD_v2.0\data_image\hurricane_irma\17_9_2017\909447240959262720_0.jpg,severe_damage,Severe,1.0
C:\Users\user\Downloads\CrisisMMD_v2.0\CrisisMMD_v2.0\data_image\hurricane_irma\17_9_2017\909447240959262720_2.jpg,severe_damage,Severe,1.0
C:\Users\user\Downloads\CrisisMMD_v2.0\CrisisMMD_v2.0\data_image\hurricane_irma\17_9_2017\909447240959262720_3.jpg,severe_damage,Severe,1.0
C:\Users\user\Downloads\CrisisMMD_v2.0\CrisisMMD_v2.0\data_image\hurricane_irma\17_9_2017\909447517565325312_0.jpg,little_or_no_damage,Minor,1.0
C:\Users\user\Downloads\CrisisMMD_v2.0\CrisisMMD_v2.0\data_image\hurricane_irma\17_9_2017\909447640567476224_0.jpg,mild_damage,Moderate,0.6807
C:\Users\user\Downloads\CrisisMMD_v2.0\CrisisMMD_v2.0\data_image\hurricane_irma\17_9_2017\909448877790695424_0.jpg,little_or_no_damage,Minor,0.6936
C:\Users\user\Downloads\CrisisMMD_v2.0\CrisisMMD_v2.0\data_image\hurricane_irma\17_9_2017\909451341067677696_0.jpg,little_or_no_damage,Minor,0.6193
C:\Users\user\Downloads\CrisisMMD_v2.0\CrisisMMD_v2.0\data_image\hurricane_irma\17_9_2017\909452163801219072_0.jpg,severe_damage,Severe,0.6875
C:\Users\user\Downloads\CrisisMMD_v2.0\CrisisMMD_v2.0\data_image\hurricane_irma\17_9_2017\909453997412626432_0.jpg,severe_damage,Severe,0.6388
C:\Users\user\Downloads\CrisisMMD_v2.0\CrisisMMD_v2.0\data_image\hurricane_irma\17_9_2017\909454515765743617_0.jpg,severe_damage,Severe,1.0
C:\Users\user\Downloads\CrisisMMD_v2.0\CrisisMMD_v2.0\data_image\hurricane_irma\17_9_2017\909454690273730560_0.jpg,little_or_no_damage,Minor,1.0
C:\Users\user\Downloads\CrisisMMD_v2.0\CrisisMMD_v2.0\data_image\hurricane_irma\17_9_2017\909455019132555265_0.jpg,little_or_no_damage,Minor,1.0
C:\Users\user\Downloads\CrisisMMD_v2.0\CrisisMMD_v2.0\data_image\hurricane_irma\17_9_2017\909455492438564864_0.jpg,severe_damage,Severe,1.0
C:\Users\user\Downloads\CrisisMMD_v2.0\CrisisMMD_v2.0\data_image\hurricane_irma\17_9_2017\909455979460382722_0.jpg,severe_damage,Severe,1.0
C:\Users\user\Downloads\CrisisMMD_v2.0\CrisisMMD_v2.0\data_image\hurricane_irma\17_9_2017\909458165640552448_0.jpg,severe_damage,Severe,1.0
C:\Users\user\Downloads\CrisisMMD_v2.0\CrisisMMD_v2.0\data_image\hurricane_irma\17_9_2017\909458411573710853_0.jpg,mild_damage,Moderate,1.0
C:\Users\user\Downloads\CrisisMMD_v2.0\CrisisMMD_v2.0\data_image\hurricane_irma\17_9_2017\909458931696717824_1.jpg,mild_damage,Moderate,0.6176
C:\Users\user\Downloads\CrisisMMD_v2.0\CrisisMMD_v2.0\data_image\hurricane_irma\17_9_2017\909458946963984389_0.jpg,severe_damage,Severe,1.0
C:\Users\user\Downloads\CrisisMMD_v2.0\CrisisMMD_v2.0\data_image\hurricane_irma\17_9_2017\909459854305091585_0.jpg,mild_damage,Moderate,0.661
C:\Users\user\Downloads\CrisisMMD_v2.0\CrisisMMD_v2.0\data_image\hurricane_irma\17_9_2017\909462646629523456_0.jpg,mild_damage,Moderate,0.6031
C:\Users\user\Downloads\CrisisMMD_v2.0\CrisisMMD_v2.0\data_image\hurricane_irma\17_9_2017\909465725240172544_0.jpg,severe_damage,Severe,0.3611
C:\Users\user\Downloads\CrisisMMD_v2.0\CrisisMMD_v2.0\data_image\hurricane_irma\17_9_2017\909466733173465088_0.jpg,mild_damage,Moderate,0.3714
C:\Users\user\Downloads\CrisisMMD_v2.0\CrisisMMD_v2.0\data_image\hurricane_irma\17_9_2017\909468250953658369_0.jpg,mild_damage,Moderate,1.0
C:\Users\user\Downloads\CrisisMMD_v2.0\CrisisMMD_v2.0\data_image\hurricane_irma\17_9_2017\909469987001241601_1.jpg,severe_damage,Severe,1.0
C:\Users\user\Downloads\CrisisMMD_v2.0\CrisisMMD_v2.0\data_image\hurricane_irma\17_9_2017\909470735168655365_0.jpg,little_or_no_damage,Minor,1.0
C:\Users\user\Downloads\CrisisMMD_v2.0\CrisisMMD_v2.0\data_image\hurricane_irma\17_9_2017\909470884532047874_0.jpg,little_or_no_damage,Minor,1.0
C:\Users\user\Downloads\CrisisMMD_v2.0\CrisisMMD_v2.0\data_image\hurricane_irma\17_9_2017\909473412187291648_0.jpg,severe_damage,Severe,0.6398
C:\Users\user\Downloads\CrisisMMD_v2.0\CrisisMMD_v2.0\data_image\hurricane_irma\17_9_2017\909474049079889920_0.jpg,mild_damage,Moderate,0.6639
C:\Users\user\Downloads\CrisisMMD_v2.0\CrisisMMD_v2.0\data_image\hurricane_irma\17_9_2017\909474083737341953_0.jpg,severe_damage,Severe,1.0
C:\Users\user\Downloads\CrisisMMD_v2.0\CrisisMMD_v2.0\data_image\hurricane_irma\17_9_2017\909474115114774528_0.jpg,mild_damage,Moderate,0.6563
C:\Users\user\Downloads\CrisisMMD_v2.0\CrisisMMD_v2.0\data_image\hurricane_irma\17_9_2017\909474605873602560_0.jpg,severe_damage,Severe,1.0
C:\Users\user\Downloads\CrisisMMD_v2.0\CrisisMMD_v2.0\data_image\hurricane_irma\17_9_2017\909475803628412928_0.jpg,mild_damage,Moderate,0.6286
C:\Users\user\Downloads\CrisisMMD_v2.0\CrisisMMD_v2.0\data_image\hurricane_irma\17_9_2017\909475867587436544_0.jpg,little_or_no_damage,Minor,0.6262
C:\Users\user\Downloads\CrisisMMD_v2.0\CrisisMMD_v2.0\data_image\hurricane_irma\17_9_2017\909477108048678912_0.jpg,severe_damage,Severe,1.0
C:\Users\user\Downloads\CrisisMMD_v2.0\CrisisMMD_v2.0\data_image\hurricane_irma\17_9_2017\909477228668424194_0.jpg,severe_damage,Severe,1.0
C:\Users\user\Downloads\CrisisMMD_v2.0\CrisisMMD_v2.0\data_image\hurricane_irma\17_9_2017\909479261748305921_0.jpg,severe_damage,Severe,1.0
C:\Users\user\Downloads\CrisisMMD_v2.0\CrisisMMD_v2.0\data_image\hurricane_irma\17_9_2017\909480824826888192_0.jpg,severe_damage,Severe,0.697
C:\Users\user\Downloads\CrisisMMD_v2.0\CrisisMMD_v2.0\data_image\hurricane_irma\17_9_2017\909480878895779840_0.jpg,little_or_no_damage,Minor,0.6786
C:\Users\user\Downloads\CrisisMMD_v2.0\CrisisMMD_v2.0\data_image\hurricane_irma\17_9_2017\909481016091389952_0.jpg,severe_damage,Severe,0.7059
C:\Users\user\Downloads\CrisisMMD_v2.0\CrisisMMD_v2.0\data_image\hurricane_irma\17_9_2017\909481301274587136_0.jpg,mild_damage,Moderate,0.7143
C:\Users\user\Downloads\CrisisMMD_v2.0\CrisisMMD_v2.0\data_image\hurricane_irma\17_9_2017\909481301274587136_2.jpg,little_or_no_damage,Minor,0.6936
C:\Users\user\Downloads\CrisisMMD_v2.0\CrisisMMD_v2.0\data_image\hurricane_irma\17_9_2017\909481301274587136_3.jpg,little_or_no_damage,Minor,0.8536
C:\Users\user\Downloads\CrisisMMD_v2.0\CrisisMMD_v2.0\data_image\hurricane_irma\17_9_2017\909484113639305216_0.jpg,severe_damage,Severe,1.0
C:\Users\user\Downloads\CrisisMMD_v2.0\CrisisMMD_v2.0\data_image\hurricane_irma\17_9_2017\909484405214908419_0.jpg,mild_damage,Moderate,0.6517
C:\Users\user\Downloads\CrisisMMD_v2.0\CrisisMMD_v2.0\data_image\hurricane_irma\17_9_2017\909484490237636608_0.jpg,severe_damage,Severe,1.0
C:\Users\user\Downloads\CrisisMMD_v2.0\CrisisMMD_v2.0\data_image\hurricane_irma\17_9_2017\909484767497900032_0.jpg,mild_damage,Moderate,1.0
C:\Users\user\Downloads\CrisisMMD_v2.0\CrisisMMD_v2.0\data_image\hurricane_irma\17_9_2017\909486151760777216_0.jpg,little_or_no_damage,Minor,1.0
C:\Users\user\Downloads\CrisisMMD_v2.0\CrisisMMD_v2.0\data_image\hurricane_irma\17_9_2017\909486244689825792_0.jpg,little_or_no_damage,Minor,0.6798
C:\Users\user\Downloads\CrisisMMD_v2.0\CrisisMMD_v2.0\data_image\hurricane_irma\17_9_2017\909490457603919872_1.jpg,mild_damage,Moderate,0.6722
C:\Users\user\Downloads\CrisisMMD_v2.0\CrisisMMD_v2.0\data_image\hurricane_irma\17_9_2017\909492362581282816_2.jpg,little_or_no_damage,Minor,0.6774
C:\Users\user\Downloads\CrisisMMD_v2.0\CrisisMMD_v2.0\data_image\hurricane_irma\17_9_2017\909492529854377984_0.jpg,severe_damage,Severe,0.6667
C:\Users\user\Downloads\CrisisMMD_v2.0\CrisisMMD_v2.0\data_image\hurricane_irma\17_9_2017\909493095422726144_0.jpg,severe_damage,Severe,1.0
C:\Users\user\Downloads\CrisisMMD_v2.0\CrisisMMD_v2.0\data_image\hurricane_irma\17_9_2017\909494205390651397_0.jpg,little_or_no_damage,Minor,0.6563
C:\Users\user\Downloads\CrisisMMD_v2.0\CrisisMMD_v2.0\data_image\hurricane_irma\17_9_2017\909494895693398016_0.jpg,severe_damage,Severe,1.0
C:\Users\user\Downloads\CrisisMMD_v2.0\CrisisMMD_v2.0\data_image\hurricane_irma\17_9_2017\909495154540560384_0.jpg,little_or_no_damage,Minor,0.6535
C:\Users\user\Downloads\CrisisMMD_v2.0\CrisisMMD_v2.0\data_image\hurricane_irma\17_9_2017\909497199100399616_0.jpg,mild_damage,Moderate,0.4006
C:\Users\user\Downloads\CrisisMMD_v2.0\CrisisMMD_v2.0\data_image\hurricane_irma\18_9_2017\909682684040929280_0.jpg,severe_damage,Severe,1.0
C:\Users\user\Downloads\CrisisMMD_v2.0\CrisisMMD_v2.0\data_image\hurricane_irma\18_9_2017\909688022869868545_0.jpg,mild_damage,Moderate,0.625
C:\Users\user\Downloads\CrisisMMD_v2.0\CrisisMMD_v2.0\data_image\hurricane_irma\18_9_2017\909693530783801345_0.jpg,severe_damage,Severe,1.0
C:\Users\user\Downloads\CrisisMMD_v2.0\CrisisMMD_v2.0\data_image\hurricane_irma\18_9_2017\909695665562902528_0.jpg,little_or_no_damage,Minor,0.697
C:\Users\user\Downloads\CrisisMMD_v2.0\CrisisMMD_v2.0\data_image\hurricane_irma\18_9_2017\909698815384416256_0.jpg,severe_damage,Severe,1.0
C:\Users\user\Downloads\CrisisMMD_v2.0\CrisisMMD_v2.0\data_image\hurricane_irma\18_9_2017\909700058463002624_0.jpg,severe_damage,Severe,1.0
C:\Users\user\Downloads\CrisisMMD_v2.0\CrisisMMD_v2.0\data_image\hurricane_irma\18_9_2017\909700593093976064_0.jpg,mild_damage,Moderate,1.0
C:\Users\user\Downloads\CrisisMMD_v2.0\CrisisMMD_v2.0\data_image\hurricane_irma\18_9_2017\909701027879882752_0.jpg,little_or_no_damage,Minor,0.635
C:\Users\user\Downloads\CrisisMMD_v2.0\CrisisMMD_v2.0\data_image\hurricane_irma\18_9_2017\909702545202753536_0.jpg,severe_damage,Severe,0.3612
C:\Users\user\Downloads\CrisisMMD_v2.0\CrisisMMD_v2.0\data_image\hurricane_irma\18_9_2017\909703315910402049_0.jpg,mild_damage,Moderate,0.6774
C:\Users\user\Downloads\CrisisMMD_v2.0\CrisisMMD_v2.0\data_image\hurricane_irma\18_9_2017\909704222156959745_0.jpg,little_or_no_damage,Minor,1.0
C:\Users\user\Downloads\CrisisMMD_v2.0\CrisisMMD_v2.0\data_image\hurricane_irma\18_9_2017\909705256078016513_0.jpg,mild_damage,Moderate,0.3714
C:\Users\user\Downloads\CrisisMMD_v2.0\CrisisMMD_v2.0\data_image\hurricane_irma\18_9_2017\909706987088334848_0.jpg,severe_damage,Severe,1.0
C:\Users\user\Downloads\CrisisMMD_v2.0\CrisisMMD_v2.0\data_image\hurricane_irma\18_9_2017\909710638557143040_0.jpg,severe_damage,Severe,1.0
C:\Users\user\Downloads\CrisisMMD_v2.0\CrisisMMD_v2.0\data_image\hurricane_irma\18_9_2017\909710844811993088_0.jpg,little_or_no_damage,Minor,0.6176
C:\Users\user\Downloads\CrisisMMD_v2.0\CrisisMMD_v2.0\data_image\hurricane_irma\18_9_2017\909713670829170689_0.jpg,severe_damage,Severe,0.3612
C:\Users\user\Downloads\CrisisMMD_v2.0\CrisisMMD_v2.0\data_image\hurricane_irma\18_9_2017\909714323156733952_0.jpg,little_or_no_damage,Minor,0.6563
C:\Users\user\Downloads\CrisisMMD_v2.0\CrisisMMD_v2.0\data_image\hurricane_irma\18_9_2017\909714816943697920_0.jpg,severe_damage,Severe,1.0
C:\Users\user\Downloads\CrisisMMD_v2.0\CrisisMMD_v2.0\data_image\hurricane_irma\18_9_2017\909715026872762368_0.jpg,little_or_no_damage,Minor,1.0
C:\Users\user\Downloads\CrisisMMD_v2.0\CrisisMMD_v2.0\data_image\hurricane_irma\18_9_2017\909715026872762368_1.jpg,little_or_no_damage,Minor,1.0
C:\Users\user\Downloads\CrisisMMD_v2.0\CrisisMMD_v2.0\data_image\hurricane_irma\18_9_2017\909715026872762368_3.jpg,little_or_no_damage,Minor,1.0
C:\Users\user\Downloads\CrisisMMD_v2.0\CrisisMMD_v2.0\data_image\hurricane_irma\18_9_2017\909716157153910784_0.jpg,severe_damage,Severe,0.6774
C:\Users\user\Downloads\CrisisMMD_v2.0\CrisisMMD_v2.0\data_image\hurricane_irma\18_9_2017\909717040205828097_0.jpg,mild_damage,Moderate,0.6765
C:\Users\user\Downloads\CrisisMMD_v2.0\CrisisMMD_v2.0\data_image\hurricane_irma\18_9_2017\909718574641614848_0.jpg,little_or_no_damage,Minor,0.6638
C:\Users\user\Downloads\CrisisMMD_v2.0\CrisisMMD_v2.0\data_image\hurricane_irma\18_9_2017\909718574641614848_3.jpg,little_or_no_damage,Minor,1.0
C:\Users\user\Downloads\CrisisMMD_v2.0\CrisisMMD_v2.0\data_image\hurricane_irma\18_9_2017\909718820968833030_0.jpg,little_or_no_damage,Minor,0.6839
C:\Users\user\Downloads\CrisisMMD_v2.0\CrisisMMD_v2.0\data_image\hurricane_irma\18_9_2017\909719418887909376_0.jpg,severe_damage,Severe,1.0
C:\Users\user\Downloads\CrisisMMD_v2.0\CrisisMMD_v2.0\data_image\hurricane_irma\18_9_2017\909720914098565121_0.jpg,mild_damage,Moderate,0.6875
C:\Users\user\Downloads\CrisisMMD_v2.0\CrisisMMD_v2.0\data_image\hurricane_irma\18_9_2017\909722974218895360_0.jpg,severe_damage,Severe,1.0
C:\Users\user\Downloads\CrisisMMD_v2.0\CrisisMMD_v2.0\data_image\hurricane_irma\18_9_2017\909722974218895360_1.jpg,severe_damage,Severe,1.0
C:\Users\user\Downloads\CrisisMMD_v2.0\CrisisMMD_v2.0\data_image\hurricane_irma\18_9_2017\909723445289799680_0.jpg,mild_damage,Moderate,1.0
C:\Users\user\Downloads\CrisisMMD_v2.0\CrisisMMD_v2.0\data_image\hurricane_irma\18_9_2017\909725842225410048_0.jpg,mild_damage,Moderate,0.6875
C:\Users\user\Downloads\CrisisMMD_v2.0\CrisisMMD_v2.0\data_image\hurricane_irma\18_9_2017\909725929714405377_0.jpg,severe_damage,Severe,1.0
C:\Users\user\Downloads\CrisisMMD_v2.0\CrisisMMD_v2.0\data_image\hurricane_irma\18_9_2017\909730494622732288_0.jpg,mild_damage,Moderate,0.3667
C:\Users\user\Downloads\CrisisMMD_v2.0\CrisisMMD_v2.0\data_image\hurricane_irma\18_9_2017\909731011411378177_0.jpg,severe_damage,Severe,0.6563
C:\Users\user\Downloads\CrisisMMD_v2.0\CrisisMMD_v2.0\data_image\hurricane_irma\18_9_2017\909733938616250369_0.jpg,mild_damage,Moderate,1.0
C:\Users\user\Downloads\CrisisMMD_v2.0\CrisisMMD_v2.0\data_image\hurricane_irma\18_9_2017\909734028689002497_0.jpg,severe_damage,Severe,0.6867
C:\Users\user\Downloads\CrisisMMD_v2.0\CrisisMMD_v2.0\data_image\hurricane_irma\18_9_2017\909734318716616704_0.jpg,mild_damage,Moderate,0.3611
C:\Users\user\Downloads\CrisisMMD_v2.0\CrisisMMD_v2.0\data_image\hurricane_irma\18_9_2017\909736545623658496_0.jpg,severe_damage,Severe,1.0
C:\Users\user\Downloads\CrisisMMD_v2.0\CrisisMMD_v2.0\data_image\hurricane_irma\18_9_2017\909737054447259648_0.jpg,little_or_no_damage,Minor,0.6932
C:\Users\user\Downloads\CrisisMMD_v2.0\CrisisMMD_v2.0\data_image\hurricane_irma\18_9_2017\909738079916838914_0.jpg,little_or_no_damage,Minor,0.6286
C:\Users\user\Downloads\CrisisMMD_v2.0\CrisisMMD_v2.0\data_image\hurricane_irma\18_9_2017\909738182031413248_0.jpg,mild_damage,Moderate,1.0
C:\Users\user\Downloads\CrisisMMD_v2.0\CrisisMMD_v2.0\data_image\hurricane_irma\18_9_2017\909738182031413248_1.jpg,mild_damage,Moderate,1.0
C:\Users\user\Downloads\CrisisMMD_v2.0\CrisisMMD_v2.0\data_image\hurricane_irma\18_9_2017\909739206293049344_0.jpg,mild_damage,Moderate,0.6774
C:\Users\user\Downloads\CrisisMMD_v2.0\CrisisMMD_v2.0\data_image\hurricane_irma\18_9_2017\909739383481360385_0.jpg,severe_damage,Severe,0.6875
C:\Users\user\Downloads\CrisisMMD_v2.0\CrisisMMD_v2.0\data_image\hurricane_irma\18_9_2017\909740728909205504_0.jpg,mild_damage,Moderate,0.6765
C:\Users\user\Downloads\CrisisMMD_v2.0\CrisisMMD_v2.0\data_image\hurricane_irma\18_9_2017\909741340887412737_0.jpg,severe_damage,Severe,0.6638
C:\Users\user\Downloads\CrisisMMD_v2.0\CrisisMMD_v2.0\data_image\hurricane_irma\18_9_2017\909741634287411203_0.jpg,mild_damage,Moderate,0.3714
C:\Users\user\Downloads\CrisisMMD_v2.0\CrisisMMD_v2.0\data_image\hurricane_irma\18_9_2017\909742125662789632_0.jpg,little_or_no_damage,Minor,0.6638
C:\Users\user\Downloads\CrisisMMD_v2.0\CrisisMMD_v2.0\data_image\hurricane_irma\18_9_2017\909745072656314368_0.jpg,mild_damage,Moderate,0.6765
C:\Users\user\Downloads\CrisisMMD_v2.0\CrisisMMD_v2.0\data_image\hurricane_irma\18_9_2017\909746223954849793_0.jpg,mild_damage,Moderate,0.375
C:\Users\user\Downloads\CrisisMMD_v2.0\CrisisMMD_v2.0\data_image\hurricane_irma\18_9_2017\909746257970761728_0.jpg,severe_damage,Severe,0.6571
C:\Users\user\Downloads\CrisisMMD_v2.0\CrisisMMD_v2.0\data_image\hurricane_irma\18_9_2017\909747923445002240_0.jpg,little_or_no_damage,Minor,0.3824
C:\Users\user\Downloads\CrisisMMD_v2.0\CrisisMMD_v2.0\data_image\hurricane_irma\18_9_2017\909748121651089408_0.jpg,little_or_no_damage,Minor,0.6638
C:\Users\user\Downloads\CrisisMMD_v2.0\CrisisMMD_v2.0\data_image\hurricane_irma\18_9_2017\909748542666887173_0.jpg,little_or_no_damage,Minor,0.6605
C:\Users\user\Downloads\CrisisMMD_v2.0\CrisisMMD_v2.0\data_image\hurricane_irma\18_9_2017\909748987862888448_0.jpg,mild_damage,Moderate,0.6701
C:\Users\user\Downloads\CrisisMMD_v2.0\CrisisMMD_v2.0\data_image\hurricane_irma\18_9_2017\909749066170601472_0.jpg,severe_damage,Severe,0.6722
C:\Users\user\Downloads\CrisisMMD_v2.0\CrisisMMD_v2.0\data_image\hurricane_irma\18_9_2017\909749533948743682_0.jpg,mild_damage,Moderate,0.3548
C:\Users\user\Downloads\CrisisMMD_v2.0\CrisisMMD_v2.0\data_image\hurricane_irma\18_9_2017\909751167063801857_0.jpg,severe_damage,Severe,1.0
C:\Users\user\Downloads\CrisisMMD_v2.0\CrisisMMD_v2.0\data_image\hurricane_irma\18_9_2017\909752461694513153_0.jpg,little_or_no_damage,Minor,1.0
C:\Users\user\Downloads\CrisisMMD_v2.0\CrisisMMD_v2.0\data_image\hurricane_irma\18_9_2017\909752473081884672_0.jpg,mild_damage,Moderate,0.6667
C:\Users\user\Downloads\CrisisMMD_v2.0\CrisisMMD_v2.0\data_image\hurricane_irma\18_9_2017\909754364989923328_0.jpg,little_or_no_damage,Minor,0.7043
C:\Users\user\Downloads\CrisisMMD_v2.0\CrisisMMD_v2.0\data_image\hurricane_irma\18_9_2017\909757909944369152_0.jpg,mild_damage,Moderate,0.4006
C:\Users\user\Downloads\CrisisMMD_v2.0\CrisisMMD_v2.0\data_image\hurricane_irma\18_9_2017\909757939270823936_0.jpg,mild_damage,Moderate,0.3438
C:\Users\user\Downloads\CrisisMMD_v2.0\CrisisMMD_v2.0\data_image\hurricane_irma\18_9_2017\909760233886638080_0.jpg,mild_damage,Moderate,0.663
C:\Users\user\Downloads\CrisisMMD_v2.0\CrisisMMD_v2.0\data_image\hurricane_irma\18_9_2017\909760375381512192_0.jpg,mild_damage,Moderate,0.625
C:\Users\user\Downloads\CrisisMMD_v2.0\CrisisMMD_v2.0\data_image\hurricane_irma\18_9_2017\909761243145109505_0.jpg,little_or_no_damage,Minor,0.375
C:\Users\user\Downloads\CrisisMMD_v2.0\CrisisMMD_v2.0\data_image\hurricane_irma\18_9_2017\909761253006020613_3.jpg,little_or_no_damage,Minor,1.0
C:\Users\user\Downloads\CrisisMMD_v2.0\CrisisMMD_v2.0\data_image\hurricane_irma\18_9_2017\909763338514653184_0.jpg,severe_damage,Severe,0.3612
C:\Users\user\Downloads\CrisisMMD_v2.0\CrisisMMD_v2.0\data_image\hurricane_irma\18_9_2017\909766700853338112_0.jpg,mild_damage,Moderate,1.0
C:\Users\user\Downloads\CrisisMMD_v2.0\CrisisMMD_v2.0\data_image\hurricane_irma\18_9_2017\909768090392645633_0.jpg,severe_damage,Severe,1.0
C:\Users\user\Downloads\CrisisMMD_v2.0\CrisisMMD_v2.0\data_image\hurricane_irma\18_9_2017\909768110730809345_2.jpg,severe_damage,Severe,0.6667
C:\Users\user\Downloads\CrisisMMD_v2.0\CrisisMMD_v2.0\data_image\hurricane_irma\18_9_2017\909768841718325249_0.jpg,little_or_no_damage,Minor,0.6605
C:\Users\user\Downloads\CrisisMMD_v2.0\CrisisMMD_v2.0\data_image\hurricane_irma\18_9_2017\909769085721956352_0.jpg,severe_damage,Severe,1.0
C:\Users\user\Downloads\CrisisMMD_v2.0\CrisisMMD_v2.0\data_image\hurricane_irma\18_9_2017\909769491567038464_0.jpg,severe_damage,Severe,1.0
C:\Users\user\Downloads\CrisisMMD_v2.0\CrisisMMD_v2.0\data_image\hurricane_irma\18_9_2017\909769608881692672_0.jpg,severe_damage,Severe,0.6765
C:\Users\user\Downloads\CrisisMMD_v2.0\CrisisMMD_v2.0\data_image\hurricane_irma\18_9_2017\909770637249536000_0.jpg,little_or_no_damage,Minor,0.6925
C:\Users\user\Downloads\CrisisMMD_v2.0\CrisisMMD_v2.0\data_image\hurricane_irma\18_9_2017\909770991672455168_0.jpg,mild_damage,Moderate,1.0
C:\Users\user\Downloads\CrisisMMD_v2.0\CrisisMMD_v2.0\data_image\hurricane_irma\18_9_2017\909771657140670465_0.jpg,mild_damage,Moderate,1.0
C:\Users\user\Downloads\CrisisMMD_v2.0\CrisisMMD_v2.0\data_image\hurricane_irma\18_9_2017\909771963958267904_0.jpg,mild_damage,Moderate,1.0
C:\Users\user\Downloads\CrisisMMD_v2.0\CrisisMMD_v2.0\data_image\hurricane_irma\18_9_2017\909773761951551488_0.jpg,mild_damage,Moderate,0.6774
C:\Users\user\Downloads\CrisisMMD_v2.0\CrisisMMD_v2.0\data_image\hurricane_irma\18_9_2017\909774149698179072_2.jpg,little_or_no_damage,Minor,1.0
C:\Users\user\Downloads\CrisisMMD_v2.0\CrisisMMD_v2.0\data_image\hurricane_irma\18_9_2017\909774149698179072_3.jpg,severe_damage,Severe,1.0
C:\Users\user\Downloads\CrisisMMD_v2.0\CrisisMMD_v2.0\data_image\hurricane_irma\18_9_2017\909774325305225216_0.jpg,mild_damage,Moderate,0.6875
C:\Users\user\Downloads\CrisisMMD_v2.0\CrisisMMD_v2.0\data_image\hurricane_irma\18_9_2017\909774556235100160_0.jpg,mild_damage,Moderate,0.6796
C:\Users\user\Downloads\CrisisMMD_v2.0\CrisisMMD_v2.0\data_image\hurricane_irma\18_9_2017\909777512028401664_0.jpg,mild_damage,Moderate,0.6452
C:\Users\user\Downloads\CrisisMMD_v2.0\CrisisMMD_v2.0\data_image\hurricane_irma\18_9_2017\909778344492769280_0.jpg,mild_damage,Moderate,1.0
C:\Users\user\Downloads\CrisisMMD_v2.0\CrisisMMD_v2.0\data_image\hurricane_irma\18_9_2017\909778959189016578_0.jpg,little_or_no_damage,Minor,0.7059
C:\Users\user\Downloads\CrisisMMD_v2.0\CrisisMMD_v2.0\data_image\hurricane_irma\18_9_2017\909779011320078339_0.jpg,severe_damage,Severe,0.6563
C:\Users\user\Downloads\CrisisMMD_v2.0\CrisisMMD_v2.0\data_image\hurricane_irma\18_9_2017\909779022644727808_0.jpg,mild_damage,Moderate,1.0
C:\Users\user\Downloads\CrisisMMD_v2.0\CrisisMMD_v2.0\data_image\hurricane_irma\18_9_2017\909779022644727808_1.jpg,little_or_no_damage,Minor,0.6563
C:\Users\user\Downloads\CrisisMMD_v2.0\CrisisMMD_v2.0\data_image\hurricane_irma\18_9_2017\909779060158554113_0.jpg,severe_damage,Severe,1.0
C:\Users\user\Downloads\CrisisMMD_v2.0\CrisisMMD_v2.0\data_image\hurricane_irma\18_9_2017\909779079213305864_0.jpg,mild_damage,Moderate,1.0
C:\Users\user\Downloads\CrisisMMD_v2.0\CrisisMMD_v2.0\data_image\hurricane_irma\18_9_2017\909779079213305864_1.jpg,mild_damage,Moderate,0.365
C:\Users\user\Downloads\CrisisMMD_v2.0\CrisisMMD_v2.0\data_image\hurricane_irma\18_9_2017\909779240689848320_0.jpg,severe_damage,Severe,0.6114
C:\Users\user\Downloads\CrisisMMD_v2.0\CrisisMMD_v2.0\data_image\hurricane_irma\18_9_2017\909779299753971715_0.jpg,mild_damage,Moderate,0.6725
C:\Users\user\Downloads\CrisisMMD_v2.0\CrisisMMD_v2.0\data_image\hurricane_irma\18_9_2017\909779524107325440_0.jpg,severe_damage,Severe,1.0
C:\Users\user\Downloads\CrisisMMD_v2.0\CrisisMMD_v2.0\data_image\hurricane_irma\18_9_2017\909779726423568384_0.jpg,severe_damage,Severe,1.0
C:\Users\user\Downloads\CrisisMMD_v2.0\CrisisMMD_v2.0\data_image\hurricane_irma\18_9_2017\909780742787432452_0.jpg,little_or_no_damage,Minor,1.0
C:\Users\user\Downloads\CrisisMMD_v2.0\CrisisMMD_v2.0\data_image\hurricane_irma\18_9_2017\909780778011316224_0.jpg,severe_damage,Severe,0.6675
C:\Users\user\Downloads\CrisisMMD_v2.0\CrisisMMD_v2.0\data_image\hurricane_irma\18_9_2017\909780895137193984_0.jpg,little_or_no_damage,Minor,0.6672
C:\Users\user\Downloads\CrisisMMD_v2.0\CrisisMMD_v2.0\data_image\hurricane_irma\18_9_2017\909781597569847296_0.jpg,little_or_no_damage,Minor,0.6667
C:\Users\user\Downloads\CrisisMMD_v2.0\CrisisMMD_v2.0\data_image\hurricane_irma\18_9_2017\909782273280630784_0.jpg,little_or_no_damage,Minor,0.6262
C:\Users\user\Downloads\CrisisMMD_v2.0\CrisisMMD_v2.0\data_image\hurricane_irma\18_9_2017\909782574913937408_0.jpg,little_or_no_damage,Minor,0.625
C:\Users\user\Downloads\CrisisMMD_v2.0\CrisisMMD_v2.0\data_image\hurricane_irma\18_9_2017\909784591724089344_0.jpg,mild_damage,Moderate,0.6765
C:\Users\user\Downloads\CrisisMMD_v2.0\CrisisMMD_v2.0\data_image\hurricane_irma\18_9_2017\909784784263680001_0.jpg,severe_damage,Severe,0.3611
C:\Users\user\Downloads\CrisisMMD_v2.0\CrisisMMD_v2.0\data_image\hurricane_irma\18_9_2017\909785832273465344_0.jpg,little_or_no_damage,Minor,1.0
C:\Users\user\Downloads\CrisisMMD_v2.0\CrisisMMD_v2.0\data_image\hurricane_irma\18_9_2017\909787101972983808_0.jpg,severe_damage,Severe,1.0
C:\Users\user\Downloads\CrisisMMD_v2.0\CrisisMMD_v2.0\data_image\hurricane_irma\18_9_2017\909790424348418048_1.jpg,mild_damage,Moderate,0.6667
C:\Users\user\Downloads\CrisisMMD_v2.0\CrisisMMD_v2.0\data_image\hurricane_irma\18_9_2017\909791620857581568_1.jpg,severe_damage,Severe,0.6749
C:\Users\user\Downloads\CrisisMMD_v2.0\CrisisMMD_v2.0\data_image\hurricane_irma\18_9_2017\909791620857581568_2.jpg,little_or_no_damage,Minor,1.0
C:\Users\user\Downloads\CrisisMMD_v2.0\CrisisMMD_v2.0\data_image\hurricane_irma\18_9_2017\909791620857581568_3.jpg,mild_damage,Moderate,0.3548
C:\Users\user\Downloads\CrisisMMD_v2.0\CrisisMMD_v2.0\data_image\hurricane_irma\18_9_2017\909792210861694977_0.jpg,severe_damage,Severe,0.6286
C:\Users\user\Downloads\CrisisMMD_v2.0\CrisisMMD_v2.0\data_image\hurricane_irma\18_9_2017\909792262971842560_0.jpg,severe_damage,Severe,1.0
C:\Users\user\Downloads\CrisisMMD_v2.0\CrisisMMD_v2.0\data_image\hurricane_irma\18_9_2017\909793412525826048_0.jpg,severe_damage,Severe,1.0
C:\Users\user\Downloads\CrisisMMD_v2.0\CrisisMMD_v2.0\data_image\hurricane_irma\18_9_2017\909795744848150528_0.jpg,little_or_no_damage,Minor,1.0
C:\Users\user\Downloads\CrisisMMD_v2.0\CrisisMMD_v2.0\data_image\hurricane_irma\18_9_2017\909795962700419074_0.jpg,severe_damage,Severe,0.7059
C:\Users\user\Downloads\CrisisMMD_v2.0\CrisisMMD_v2.0\data_image\hurricane_irma\18_9_2017\909796226169819140_0.jpg,little_or_no_damage,Minor,0.635
C:\Users\user\Downloads\CrisisMMD_v2.0\CrisisMMD_v2.0\data_image\hurricane_irma\18_9_2017\909796226169819140_1.jpg,little_or_no_damage,Minor,1.0
C:\Users\user\Downloads\CrisisMMD_v2.0\CrisisMMD_v2.0\data_image\hurricane_irma\18_9_2017\909796661756653569_0.jpg,severe_damage,Severe,1.0
C:\Users\user\Downloads\CrisisMMD_v2.0\CrisisMMD_v2.0\data_image\hurricane_irma\18_9_2017\909797659795427334_0.jpg,little_or_no_damage,Minor,0.6452
C:\Users\user\Downloads\CrisisMMD_v2.0\CrisisMMD_v2.0\data_image\hurricane_irma\18_9_2017\909797688278908933_0.jpg,severe_damage,Severe,1.0
C:\Users\user\Downloads\CrisisMMD_v2.0\CrisisMMD_v2.0\data_image\hurricane_irma\18_9_2017\909798840471080961_0.jpg,little_or_no_damage,Minor,0.6563
C:\Users\user\Downloads\CrisisMMD_v2.0\CrisisMMD_v2.0\data_image\hurricane_irma\18_9_2017\909799091080765440_0.jpg,severe_damage,Severe,1.0
C:\Users\user\Downloads\CrisisMMD_v2.0\CrisisMMD_v2.0\data_image\hurricane_irma\18_9_2017\909799422518861824_0.jpg,severe_damage,Severe,0.6675
C:\Users\user\Downloads\CrisisMMD_v2.0\CrisisMMD_v2.0\data_image\hurricane_irma\18_9_2017\909801844637085697_0.jpg,little_or_no_damage,Minor,0.6765
C:\Users\user\Downloads\CrisisMMD_v2.0\CrisisMMD_v2.0\data_image\hurricane_irma\18_9_2017\909804011838218241_0.jpg,severe_damage,Severe,1.0
C:\Users\user\Downloads\CrisisMMD_v2.0\CrisisMMD_v2.0\data_image\hurricane_irma\18_9_2017\909804050442485762_0.jpg,severe_damage,Severe,1.0
C:\Users\user\Downloads\CrisisMMD_v2.0\CrisisMMD_v2.0\data_image\hurricane_irma\18_9_2017\909804272677675008_0.jpg,severe_damage,Severe,1.0
C:\Users\user\Downloads\CrisisMMD_v2.0\CrisisMMD_v2.0\data_image\hurricane_irma\18_9_2017\909804794637729792_0.jpg,severe_damage,Severe,1.0
C:\Users\user\Downloads\CrisisMMD_v2.0\CrisisMMD_v2.0\data_image\hurricane_irma\18_9_2017\909805021767901184_0.jpg,severe_damage,Severe,1.0
C:\Users\user\Downloads\CrisisMMD_v2.0\CrisisMMD_v2.0\data_image\hurricane_irma\18_9_2017\909805592805560320_0.jpg,little_or_no_damage,Minor,1.0
C:\Users\user\Downloads\CrisisMMD_v2.0\CrisisMMD_v2.0\data_image\hurricane_irma\18_9_2017\909806996878061568_0.jpg,little_or_no_damage,Minor,0.6535
C:\Users\user\Downloads\CrisisMMD_v2.0\CrisisMMD_v2.0\data_image\hurricane_irma\18_9_2017\909808319937859584_0.jpg,little_or_no_damage,Minor,1.0
C:\Users\user\Downloads\CrisisMMD_v2.0\CrisisMMD_v2.0\data_image\hurricane_irma\18_9_2017\909808431598534656_0.jpg,severe_damage,Severe,0.6774
C:\Users\user\Downloads\CrisisMMD_v2.0\CrisisMMD_v2.0\data_image\hurricane_irma\18_9_2017\909808487101878272_0.jpg,mild_damage,Moderate,1.0
C:\Users\user\Downloads\CrisisMMD_v2.0\CrisisMMD_v2.0\data_image\hurricane_irma\18_9_2017\909809255498129408_0.jpg,severe_damage,Severe,0.6716
C:\Users\user\Downloads\CrisisMMD_v2.0\CrisisMMD_v2.0\data_image\hurricane_irma\18_9_2017\909809368878784512_0.jpg,severe_damage,Severe,0.6765
C:\Users\user\Downloads\CrisisMMD_v2.0\CrisisMMD_v2.0\data_image\hurricane_irma\18_9_2017\909810241189109761_0.jpg,mild_damage,Moderate,0.6523
C:\Users\user\Downloads\CrisisMMD_v2.0\CrisisMMD_v2.0\data_image\hurricane_irma\18_9_2017\909811915987267585_0.jpg,little_or_no_damage,Minor,0.3741
C:\Users\user\Downloads\CrisisMMD_v2.0\CrisisMMD_v2.0\data_image\hurricane_irma\18_9_2017\909813175671037954_0.jpg,little_or_no_damage,Minor,0.6282
C:\Users\user\Downloads\CrisisMMD_v2.0\CrisisMMD_v2.0\data_image\hurricane_irma\18_9_2017\909813776236650496_0.jpg,little_or_no_damage,Minor,0.6563
C:\Users\user\Downloads\CrisisMMD_v2.0\CrisisMMD_v2.0\data_image\hurricane_irma\18_9_2017\909814108610072577_0.jpg,mild_damage,Moderate,0.3397
C:\Users\user\Downloads\CrisisMMD_v2.0\CrisisMMD_v2.0\data_image\hurricane_irma\18_9_2017\909814507949740034_0.jpg,severe_damage,Severe,1.0
C:\Users\user\Downloads\CrisisMMD_v2.0\CrisisMMD_v2.0\data_image\hurricane_irma\18_9_2017\909814933285752832_0.jpg,mild_damage,Moderate,0.6664
C:\Users\user\Downloads\CrisisMMD_v2.0\CrisisMMD_v2.0\data_image\hurricane_irma\18_9_2017\909819401657970688_0.jpg,severe_damage,Severe,1.0
C:\Users\user\Downloads\CrisisMMD_v2.0\CrisisMMD_v2.0\data_image\hurricane_irma\18_9_2017\909820472258383872_0.jpg,little_or_no_damage,Minor,1.0
C:\Users\user\Downloads\CrisisMMD_v2.0\CrisisMMD_v2.0\data_image\hurricane_irma\18_9_2017\909820472258383872_1.jpg,little_or_no_damage,Minor,1.0
C:\Users\user\Downloads\CrisisMMD_v2.0\CrisisMMD_v2.0\data_image\hurricane_irma\18_9_2017\909820592941031424_0.jpg,mild_damage,Moderate,0.679
C:\Users\user\Downloads\CrisisMMD_v2.0\CrisisMMD_v2.0\data_image\hurricane_irma\18_9_2017\909822619276296192_0.jpg,little_or_no_damage,Minor,0.6452
C:\Users\user\Downloads\CrisisMMD_v2.0\CrisisMMD_v2.0\data_image\hurricane_irma\18_9_2017\909822717574238208_0.jpg,little_or_no_damage,Minor,0.6774
C:\Users\user\Downloads\CrisisMMD_v2.0\CrisisMMD_v2.0\data_image\hurricane_irma\18_9_2017\909822855436570624_0.jpg,severe_damage,Severe,0.3333
C:\Users\user\Downloads\CrisisMMD_v2.0\CrisisMMD_v2.0\data_image\hurricane_irma\18_9_2017\909823209641521152_0.jpg,severe_damage,Severe,0.6061
C:\Users\user\Downloads\CrisisMMD_v2.0\CrisisMMD_v2.0\data_image\hurricane_irma\18_9_2017\909824153087352832_0.jpg,mild_damage,Moderate,0.7001
C:\Users\user\Downloads\CrisisMMD_v2.0\CrisisMMD_v2.0\data_image\hurricane_irma\18_9_2017\909824644420694018_0.jpg,severe_damage,Severe,0.6667
C:\Users\user\Downloads\CrisisMMD_v2.0\CrisisMMD_v2.0\data_image\hurricane_irma\18_9_2017\909824750071042049_0.jpg,severe_damage,Severe,1.0
C:\Users\user\Downloads\CrisisMMD_v2.0\CrisisMMD_v2.0\data_image\hurricane_irma\18_9_2017\909825009992044546_0.jpg,severe_damage,Severe,0.3333
C:\Users\user\Downloads\CrisisMMD_v2.0\CrisisMMD_v2.0\data_image\hurricane_irma\18_9_2017\909827894339235840_0.jpg,severe_damage,Severe,1.0
C:\Users\user\Downloads\CrisisMMD_v2.0\CrisisMMD_v2.0\data_image\hurricane_irma\18_9_2017\909829094854062082_0.jpg,little_or_no_damage,Minor,0.6389
C:\Users\user\Downloads\CrisisMMD_v2.0\CrisisMMD_v2.0\data_image\hurricane_irma\18_9_2017\909829558567948288_0.jpg,severe_damage,Severe,1.0
C:\Users\user\Downloads\CrisisMMD_v2.0\CrisisMMD_v2.0\data_image\hurricane_irma\18_9_2017\909831899979251712_0.jpg,mild_damage,Moderate,0.3636
C:\Users\user\Downloads\CrisisMMD_v2.0\CrisisMMD_v2.0\data_image\hurricane_irma\18_9_2017\909833350310854656_0.jpg,little_or_no_damage,Minor,0.6667
C:\Users\user\Downloads\CrisisMMD_v2.0\CrisisMMD_v2.0\data_image\hurricane_irma\18_9_2017\909833386927251456_0.jpg,little_or_no_damage,Minor,1.0
C:\Users\user\Downloads\CrisisMMD_v2.0\CrisisMMD_v2.0\data_image\hurricane_irma\18_9_2017\909833411598209024_1.jpg,little_or_no_damage,Minor,1.0
C:\Users\user\Downloads\CrisisMMD_v2.0\CrisisMMD_v2.0\data_image\hurricane_irma\18_9_2017\909833411598209024_2.jpg,little_or_no_damage,Minor,1.0
C:\Users\user\Downloads\CrisisMMD_v2.0\CrisisMMD_v2.0\data_image\hurricane_irma\18_9_2017\909833411598209024_3.jpg,little_or_no_damage,Minor,1.0
C:\Users\user\Downloads\CrisisMMD_v2.0\CrisisMMD_v2.0\data_image\hurricane_irma\18_9_2017\909833497640095746_0.jpg,mild_damage,Moderate,0.7222
C:\Users\user\Downloads\CrisisMMD_v2.0\CrisisMMD_v2.0\data_image\hurricane_irma\18_9_2017\909834191474368518_0.jpg,mild_damage,Moderate,0.6596
C:\Users\user\Downloads\CrisisMMD_v2.0\CrisisMMD_v2.0\data_image\hurricane_irma\18_9_2017\909835088044580864_1.jpg,little_or_no_damage,Minor,1.0
C:\Users\user\Downloads\CrisisMMD_v2.0\CrisisMMD_v2.0\data_image\hurricane_irma\18_9_2017\909835505747054592_0.jpg,little_or_no_damage,Minor,0.6563
C:\Users\user\Downloads\CrisisMMD_v2.0\CrisisMMD_v2.0\data_image\hurricane_irma\18_9_2017\909838007397740545_0.png,little_or_no_damage,Minor,0.6645
C:\Users\user\Downloads\CrisisMMD_v2.0\CrisisMMD_v2.0\data_image\hurricane_irma\18_9_2017\909838084786786304_3.jpg,little_or_no_damage,Minor,1.0
C:\Users\user\Downloads\CrisisMMD_v2.0\CrisisMMD_v2.0\data_image\hurricane_irma\18_9_2017\909838454288154624_0.jpg,severe_damage,Severe,0.6875
C:\Users\user\Downloads\CrisisMMD_v2.0\CrisisMMD_v2.0\data_image\hurricane_irma\18_9_2017\909839453010702338_0.jpg,little_or_no_damage,Minor,1.0
C:\Users\user\Downloads\CrisisMMD_v2.0\CrisisMMD_v2.0\data_image\hurricane_irma\18_9_2017\909839499995353088_0.jpg,severe_damage,Severe,0.6303
C:\Users\user\Downloads\CrisisMMD_v2.0\CrisisMMD_v2.0\data_image\hurricane_irma\18_9_2017\909839595222831111_0.jpg,severe_damage,Severe,1.0
C:\Users\user\Downloads\CrisisMMD_v2.0\CrisisMMD_v2.0\data_image\hurricane_irma\18_9_2017\909839598196543488_0.jpg,severe_damage,Severe,0.6857
C:\Users\user\Downloads\CrisisMMD_v2.0\CrisisMMD_v2.0\data_image\hurricane_irma\18_9_2017\909839700231208960_0.jpg,severe_damage,Severe,0.6875
C:\Users\user\Downloads\CrisisMMD_v2.0\CrisisMMD_v2.0\data_image\hurricane_irma\18_9_2017\909839832066686978_0.jpg,little_or_no_damage,Minor,1.0
C:\Users\user\Downloads\CrisisMMD_v2.0\CrisisMMD_v2.0\data_image\hurricane_irma\18_9_2017\909839832066686978_1.jpg,little_or_no_damage,Minor,0.7059
C:\Users\user\Downloads\CrisisMMD_v2.0\CrisisMMD_v2.0\data_image\hurricane_irma\18_9_2017\909839895077834752_0.jpg,mild_damage,Moderate,0.3714
C:\Users\user\Downloads\CrisisMMD_v2.0\CrisisMMD_v2.0\data_image\hurricane_irma\18_9_2017\909839895077834752_1.jpg,little_or_no_damage,Minor,1.0
C:\Users\user\Downloads\CrisisMMD_v2.0\CrisisMMD_v2.0\data_image\hurricane_irma\18_9_2017\909841216413429760_0.jpg,severe_damage,Severe,0.3612
C:\Users\user\Downloads\CrisisMMD_v2.0\CrisisMMD_v2.0\data_image\hurricane_irma\18_9_2017\909841237493956608_0.jpg,little_or_no_damage,Minor,0.6875
C:\Users\user\Downloads\CrisisMMD_v2.0\CrisisMMD_v2.0\data_image\hurricane_irma\18_9_2017\909843612309102592_0.jpg,little_or_no_damage,Minor,0.6638
C:\Users\user\Downloads\CrisisMMD_v2.0\CrisisMMD_v2.0\data_image\hurricane_irma\18_9_2017\909843612309102592_1.jpg,mild_damage,Moderate,0.6965
C:\Users\user\Downloads\CrisisMMD_v2.0\CrisisMMD_v2.0\data_image\hurricane_irma\18_9_2017\909844516886245376_0.jpg,severe_damage,Severe,0.3438
C:\Users\user\Downloads\CrisisMMD_v2.0\CrisisMMD_v2.0\data_image\hurricane_irma\18_9_2017\909845244648284160_0.jpg,mild_damage,Moderate,0.6832
C:\Users\user\Downloads\CrisisMMD_v2.0\CrisisMMD_v2.0\data_image\hurricane_irma\18_9_2017\909846121169801219_0.jpg,severe_damage,Severe,0.6603
C:\Users\user\Downloads\CrisisMMD_v2.0\CrisisMMD_v2.0\data_image\hurricane_irma\18_9_2017\909846121169801219_1.jpg,mild_damage,Moderate,0.6533
C:\Users\user\Downloads\CrisisMMD_v2.0\CrisisMMD_v2.0\data_image\hurricane_irma\18_9_2017\909846121169801219_2.jpg,mild_damage,Moderate,0.6675
C:\Users\user\Downloads\CrisisMMD_v2.0\CrisisMMD_v2.0\data_image\hurricane_irma\18_9_2017\909846206909702144_0.jpg,mild_damage,Moderate,0.6765
C:\Users\user\Downloads\CrisisMMD_v2.0\CrisisMMD_v2.0\data_image\hurricane_irma\18_9_2017\909849328751058950_0.jpg,little_or_no_damage,Minor,0.6667
C:\Users\user\Downloads\CrisisMMD_v2.0\CrisisMMD_v2.0\data_image\hurricane_irma\18_9_2017\909850724137410560_0.jpg,mild_damage,Moderate,0.6667
C:\Users\user\Downloads\CrisisMMD_v2.0\CrisisMMD_v2.0\data_image\hurricane_irma\18_9_2017\909853195064823808_0.jpg,severe_damage,Severe,0.3744
C:\Users\user\Downloads\CrisisMMD_v2.0\CrisisMMD_v2.0\data_image\hurricane_irma\18_9_2017\909854712731750402_0.jpg,severe_damage,Severe,0.6722
C:\Users\user\Downloads\CrisisMMD_v2.0\CrisisMMD_v2.0\data_image\hurricane_irma\18_9_2017\909854830725910528_0.jpg,little_or_no_damage,Minor,0.6664
C:\Users\user\Downloads\CrisisMMD_v2.0\CrisisMMD_v2.0\data_image\hurricane_irma\18_9_2017\909854852603367424_0.jpg,mild_damage,Moderate,0.6899
C:\Users\user\Downloads\CrisisMMD_v2.0\CrisisMMD_v2.0\data_image\hurricane_irma\18_9_2017\909855969500377088_0.jpg,severe_damage,Severe,1.0
C:\Users\user\Downloads\CrisisMMD_v2.0\CrisisMMD_v2.0\data_image\hurricane_irma\18_9_2017\909856334165581824_0.jpg,mild_damage,Moderate,0.6936
C:\Users\user\Downloads\CrisisMMD_v2.0\CrisisMMD_v2.0\data_image\hurricane_irma\18_9_2017\909862843947868160_0.jpg,little_or_no_damage,Minor,0.6701
C:\Users\user\Downloads\CrisisMMD_v2.0\CrisisMMD_v2.0\data_image\hurricane_irma\18_9_2017\909863172156284928_0.jpg,little_or_no_damage,Minor,1.0
C:\Users\user\Downloads\CrisisMMD_v2.0\CrisisMMD_v2.0\data_image\hurricane_irma\18_9_2017\909863262371663872_0.jpg,severe_damage,Severe,1.0
C:\Users\user\Downloads\CrisisMMD_v2.0\CrisisMMD_v2.0\data_image\hurricane_irma\18_9_2017\909863311528820738_0.jpg,little_or_no_damage,Minor,1.0
C:\Users\user\Downloads\CrisisMMD_v2.0\CrisisMMD_v2.0\data_image\hurricane_irma\18_9_2017\909864629030944768_0.jpg,severe_damage,Severe,1.0
C:\Users\user\Downloads\CrisisMMD_v2.0\CrisisMMD_v2.0\data_image\hurricane_irma\18_9_2017\909864932719685632_0.jpg,mild_damage,Moderate,0.6452
C:\Users\user\Downloads\CrisisMMD_v2.0\CrisisMMD_v2.0\data_image\hurricane_irma\18_9_2017\909865900706279424_0.jpg,severe_damage,Severe,0.7087
C:\Users\user\Downloads\CrisisMMD_v2.0\CrisisMMD_v2.0\data_image\hurricane_irma\18_9_2017\909866386356412423_0.jpg,severe_damage,Severe,0.6562
C:\Users\user\Downloads\CrisisMMD_v2.0\CrisisMMD_v2.0\data_image\hurricane_irma\18_9_2017\909867927511486464_0.jpg,mild_damage,Moderate,0.663
C:\Users\user\Downloads\CrisisMMD_v2.0\CrisisMMD_v2.0\data_image\hurricane_irma\18_9_2017\909868408493236224_0.jpg,little_or_no_damage,Minor,0.6471
C:\Users\user\Downloads\CrisisMMD_v2.0\CrisisMMD_v2.0\data_image\hurricane_irma\18_9_2017\909868816695545857_0.jpg,mild_damage,Moderate,1.0
C:\Users\user\Downloads\CrisisMMD_v2.0\CrisisMMD_v2.0\data_image\hurricane_irma\18_9_2017\909869389943640064_0.jpg,severe_damage,Severe,0.3333
C:\Users\user\Downloads\CrisisMMD_v2.0\CrisisMMD_v2.0\data_image\hurricane_irma\18_9_2017\909869946070605825_0.jpg,severe_damage,Severe,0.6748
C:\Users\user\Downloads\CrisisMMD_v2.0\CrisisMMD_v2.0\data_image\hurricane_irma\18_9_2017\909869946070605825_1.jpg,little_or_no_damage,Minor,1.0
C:\Users\user\Downloads\CrisisMMD_v2.0\CrisisMMD_v2.0\data_image\hurricane_irma\18_9_2017\909871727932473345_0.jpg,little_or_no_damage,Minor,0.6667
C:\Users\user\Downloads\CrisisMMD_v2.0\CrisisMMD_v2.0\data_image\hurricane_irma\18_9_2017\909871998062362626_0.jpg,little_or_no_damage,Minor,0.678
C:\Users\user\Downloads\CrisisMMD_v2.0\CrisisMMD_v2.0\data_image\hurricane_irma\18_9_2017\909873185226674176_0.jpg,little_or_no_damage,Minor,0.6452
C:\Users\user\Downloads\CrisisMMD_v2.0\CrisisMMD_v2.0\data_image\hurricane_irma\18_9_2017\909873221188702209_0.jpg,severe_damage,Severe,1.0
C:\Users\user\Downloads\CrisisMMD_v2.0\CrisisMMD_v2.0\data_image\hurricane_irma\18_9_2017\909874417425149952_0.jpg,mild_damage,Moderate,0.3397
C:\Users\user\Downloads\CrisisMMD_v2.0\CrisisMMD_v2.0\data_image\hurricane_irma\18_9_2017\909875590815154177_0.jpg,mild_damage,Moderate,1.0
C:\Users\user\Downloads\CrisisMMD_v2.0\CrisisMMD_v2.0\data_image\hurricane_irma\18_9_2017\909876949614444544_0.jpg,mild_damage,Moderate,0.6667
C:\Users\user\Downloads\CrisisMMD_v2.0\CrisisMMD_v2.0\data_image\hurricane_irma\18_9_2017\909879652306575360_0.jpg,little_or_no_damage,Minor,1.0
C:\Users\user\Downloads\CrisisMMD_v2.0\CrisisMMD_v2.0\data_image\hurricane_irma\18_9_2017\909879689610743810_0.jpg,little_or_no_damage,Minor,1.0
C:\Users\user\Downloads\CrisisMMD_v2.0\CrisisMMD_v2.0\data_image\hurricane_irma\18_9_2017\909879985434877952_0.jpg,mild_damage,Moderate,0.6667
C:\Users\user\Downloads\CrisisMMD_v2.0\CrisisMMD_v2.0\data_image\hurricane_irma\18_9_2017\909880224631857152_0.jpg,little_or_no_damage,Minor,1.0
C:\Users\user\Downloads\CrisisMMD_v2.0\CrisisMMD_v2.0\data_image\hurricane_irma\18_9_2017\909881913334099968_0.jpg,severe_damage,Severe,0.6286
C:\Users\user\Downloads\CrisisMMD_v2.0\CrisisMMD_v2.0\data_image\hurricane_irma\18_9_2017\909883607350513664_0.jpg,severe_damage,Severe,0.6554
C:\Users\user\Downloads\CrisisMMD_v2.0\CrisisMMD_v2.0\data_image\hurricane_irma\18_9_2017\909883810367582208_0.jpg,little_or_no_damage,Minor,1.0
C:\Users\user\Downloads\CrisisMMD_v2.0\CrisisMMD_v2.0\data_image\hurricane_irma\18_9_2017\909884900739870727_0.jpg,mild_damage,Moderate,0.7816
C:\Users\user\Downloads\CrisisMMD_v2.0\CrisisMMD_v2.0\data_image\hurricane_irma\18_9_2017\909885589817843714_0.jpg,mild_damage,Moderate,0.6571
C:\Users\user\Downloads\CrisisMMD_v2.0\CrisisMMD_v2.0\data_image\hurricane_irma\18_9_2017\909885632582787072_0.jpg,severe_damage,Severe,1.0
C:\Users\user\Downloads\CrisisMMD_v2.0\CrisisMMD_v2.0\data_image\hurricane_irma\18_9_2017\909886240614486018_0.jpg,little_or_no_damage,Minor,1.0
C:\Users\user\Downloads\CrisisMMD_v2.0\CrisisMMD_v2.0\data_image\hurricane_irma\18_9_2017\909887340524589061_0.jpg,severe_damage,Severe,1.0
C:\Users\user\Downloads\CrisisMMD_v2.0\CrisisMMD_v2.0\data_image\hurricane_irma\18_9_2017\909887340524589061_1.jpg,severe_damage,Severe,0.6875
C:\Users\user\Downloads\CrisisMMD_v2.0\CrisisMMD_v2.0\data_image\hurricane_irma\18_9_2017\909888420905930754_1.jpg,mild_damage,Moderate,0.6286
C:\Users\user\Downloads\CrisisMMD_v2.0\CrisisMMD_v2.0\data_image\hurricane_irma\18_9_2017\909888420905930754_2.jpg,mild_damage,Moderate,0.6176
C:\Users\user\Downloads\CrisisMMD_v2.0\CrisisMMD_v2.0\data_image\hurricane_irma\18_9_2017\909888420905930754_3.jpg,mild_damage,Moderate,0.6452
C:\Users\user\Downloads\CrisisMMD_v2.0\CrisisMMD_v2.0\data_image\hurricane_irma\18_9_2017\909890037436653568_0.jpg,little_or_no_damage,Minor,0.6571
C:\Users\user\Downloads\CrisisMMD_v2.0\CrisisMMD_v2.0\data_image\hurricane_irma\18_9_2017\909890256299745280_0.jpg,mild_damage,Moderate,1.0
C:\Users\user\Downloads\CrisisMMD_v2.0\CrisisMMD_v2.0\data_image\hurricane_irma\18_9_2017\909890256299745280_1.jpg,mild_damage,Moderate,0.3548
C:\Users\user\Downloads\CrisisMMD_v2.0\CrisisMMD_v2.0\data_image\hurricane_irma\18_9_2017\909890385098440706_0.jpg,mild_damage,Moderate,1.0
C:\Users\user\Downloads\CrisisMMD_v2.0\CrisisMMD_v2.0\data_image\hurricane_irma\18_9_2017\909890549318144005_0.jpg,little_or_no_damage,Minor,0.697
C:\Users\user\Downloads\CrisisMMD_v2.0\CrisisMMD_v2.0\data_image\hurricane_irma\18_9_2017\909890699600044032_0.jpg,mild_damage,Moderate,0.3824
C:\Users\user\Downloads\CrisisMMD_v2.0\CrisisMMD_v2.0\data_image\hurricane_irma\18_9_2017\909897041576329216_0.jpg,little_or_no_damage,Minor,1.0
C:\Users\user\Downloads\CrisisMMD_v2.0\CrisisMMD_v2.0\data_image\hurricane_irma\18_9_2017\909897343125921792_0.jpg,severe_damage,Severe,0.6239
C:\Users\user\Downloads\CrisisMMD_v2.0\CrisisMMD_v2.0\data_image\hurricane_irma\18_9_2017\909897753148485632_0.jpg,mild_damage,Moderate,1.0
C:\Users\user\Downloads\CrisisMMD_v2.0\CrisisMMD_v2.0\data_image\hurricane_irma\18_9_2017\909900030886187009_0.jpg,little_or_no_damage,Minor,0.6875
C:\Users\user\Downloads\CrisisMMD_v2.0\CrisisMMD_v2.0\data_image\hurricane_irma\18_9_2017\909900385581764608_0.jpg,mild_damage,Moderate,0.6774
C:\Users\user\Downloads\CrisisMMD_v2.0\CrisisMMD_v2.0\data_image\hurricane_irma\18_9_2017\909900730735190016_0.jpg,mild_damage,Moderate,0.6875
C:\Users\user\Downloads\CrisisMMD_v2.0\CrisisMMD_v2.0\data_image\hurricane_irma\18_9_2017\909900730735190016_1.jpg,mild_damage,Moderate,0.6667
C:\Users\user\Downloads\CrisisMMD_v2.0\CrisisMMD_v2.0\data_image\hurricane_irma\18_9_2017\909901984387518464_0.jpg,mild_damage,Moderate,0.6857
C:\Users\user\Downloads\CrisisMMD_v2.0\CrisisMMD_v2.0\data_image\hurricane_irma\18_9_2017\909902707028316161_0.jpg,little_or_no_damage,Minor,1.0
C:\Users\user\Downloads\CrisisMMD_v2.0\CrisisMMD_v2.0\data_image\hurricane_irma\18_9_2017\909903376875274240_0.jpg,mild_damage,Moderate,1.0
C:\Users\user\Downloads\CrisisMMD_v2.0\CrisisMMD_v2.0\data_image\hurricane_irma\18_9_2017\909904851248799744_0.jpg,severe_damage,Severe,1.0
C:\Users\user\Downloads\CrisisMMD_v2.0\CrisisMMD_v2.0\data_image\hurricane_irma\18_9_2017\909905175699185664_0.jpg,severe_damage,Severe,1.0
C:\Users\user\Downloads\CrisisMMD_v2.0\CrisisMMD_v2.0\data_image\hurricane_irma\18_9_2017\909905907470995456_0.jpg,little_or_no_damage,Minor,0.7222
C:\Users\user\Downloads\CrisisMMD_v2.0\CrisisMMD_v2.0\data_image\hurricane_irma\18_9_2017\909907796958830592_2.jpg,little_or_no_damage,Minor,1.0
C:\Users\user\Downloads\CrisisMMD_v2.0\CrisisMMD_v2.0\data_image\hurricane_irma\18_9_2017\909910016295034881_0.jpg,mild_damage,Moderate,0.7059
C:\Users\user\Downloads\CrisisMMD_v2.0\CrisisMMD_v2.0\data_image\hurricane_irma\18_9_2017\909912459640700930_0.jpg,mild_damage,Moderate,1.0
C:\Users\user\Downloads\CrisisMMD_v2.0\CrisisMMD_v2.0\data_image\hurricane_irma\18_9_2017\909912459640700930_1.jpg,mild_damage,Moderate,0.3824
C:\Users\user\Downloads\CrisisMMD_v2.0\CrisisMMD_v2.0\data_image\hurricane_irma\18_9_2017\909912459640700930_2.jpg,little_or_no_damage,Minor,0.697
C:\Users\user\Downloads\CrisisMMD_v2.0\CrisisMMD_v2.0\data_image\hurricane_irma\18_9_2017\909913791865004033_0.jpg,little_or_no_damage,Minor,1.0
C:\Users\user\Downloads\CrisisMMD_v2.0\CrisisMMD_v2.0\data_image\hurricane_irma\18_9_2017\909913791865004033_2.jpg,little_or_no_damage,Minor,0.6262
C:\Users\user\Downloads\CrisisMMD_v2.0\CrisisMMD_v2.0\data_image\hurricane_irma\18_9_2017\909914772816179201_0.jpg,mild_damage,Moderate,0.37
C:\Users\user\Downloads\CrisisMMD_v2.0\CrisisMMD_v2.0\data_image\hurricane_irma\18_9_2017\909914772816179201_3.jpg,little_or_no_damage,Minor,1.0
C:\Users\user\Downloads\CrisisMMD_v2.0\CrisisMMD_v2.0\data_image\hurricane_irma\18_9_2017\909914818504781826_0.jpg,mild_damage,Moderate,0.6667
C:\Users\user\Downloads\CrisisMMD_v2.0\CrisisMMD_v2.0\data_image\hurricane_irma\18_9_2017\909916209235222529_0.jpg,severe_damage,Severe,0.6667
C:\Users\user\Downloads\CrisisMMD_v2.0\CrisisMMD_v2.0\data_image\hurricane_irma\18_9_2017\909916266911150080_0.jpg,little_or_no_damage,Minor,0.625
C:\Users\user\Downloads\CrisisMMD_v2.0\CrisisMMD_v2.0\data_image\hurricane_irma\18_9_2017\909918357062868992_0.jpg,severe_damage,Severe,0.6867
C:\Users\user\Downloads\CrisisMMD_v2.0\CrisisMMD_v2.0\data_image\hurricane_irma\18_9_2017\909918385475026944_0.jpg,mild_damage,Moderate,0.6286
C:\Users\user\Downloads\CrisisMMD_v2.0\CrisisMMD_v2.0\data_image\hurricane_irma\18_9_2017\909919169319260160_0.jpg,mild_damage,Moderate,0.6774
C:\Users\user\Downloads\CrisisMMD_v2.0\CrisisMMD_v2.0\data_image\hurricane_irma\18_9_2017\909919362299043841_0.jpg,little_or_no_damage,Minor,0.6345
C:\Users\user\Downloads\CrisisMMD_v2.0\CrisisMMD_v2.0\data_image\hurricane_irma\18_9_2017\909920437479624704_0.jpg,severe_damage,Severe,1.0
C:\Users\user\Downloads\CrisisMMD_v2.0\CrisisMMD_v2.0\data_image\hurricane_irma\18_9_2017\909920437479624704_1.jpg,little_or_no_damage,Minor,0.6829
C:\Users\user\Downloads\CrisisMMD_v2.0\CrisisMMD_v2.0\data_image\hurricane_irma\18_9_2017\909923861071790081_0.jpg,mild_damage,Moderate,0.6944
C:\Users\user\Downloads\CrisisMMD_v2.0\CrisisMMD_v2.0\data_image\hurricane_irma\18_9_2017\909924036779630592_1.jpg,little_or_no_damage,Minor,1.0
C:\Users\user\Downloads\CrisisMMD_v2.0\CrisisMMD_v2.0\data_image\hurricane_irma\18_9_2017\909925028581511168_0.jpg,severe_damage,Severe,1.0
C:\Users\user\Downloads\CrisisMMD_v2.0\CrisisMMD_v2.0\data_image\hurricane_irma\18_9_2017\909925613154312197_0.jpg,severe_damage,Severe,0.3714
C:\Users\user\Downloads\CrisisMMD_v2.0\CrisisMMD_v2.0\data_image\hurricane_irma\18_9_2017\909927770624593920_0.jpg,little_or_no_damage,Minor,0.6479
C:\Users\user\Downloads\CrisisMMD_v2.0\CrisisMMD_v2.0\data_image\hurricane_irma\18_9_2017\909927931316703233_0.jpg,little_or_no_damage,Minor,1.0
C:\Users\user\Downloads\CrisisMMD_v2.0\CrisisMMD_v2.0\data_image\hurricane_irma\18_9_2017\909929395053195269_0.jpg,severe_damage,Severe,1.0
C:\Users\user\Downloads\CrisisMMD_v2.0\CrisisMMD_v2.0\data_image\hurricane_irma\19_9_2017\909930200380723201_0.jpg,severe_damage,Severe,0.6774
C:\Users\user\Downloads\CrisisMMD_v2.0\CrisisMMD_v2.0\data_image\hurricane_irma\19_9_2017\909930819619233793_0.jpg,severe_damage,Severe,0.6765
C:\Users\user\Downloads\CrisisMMD_v2.0\CrisisMMD_v2.0\data_image\hurricane_irma\19_9_2017\909932318965604352_0.jpg,mild_damage,Moderate,0.375
C:\Users\user\Downloads\CrisisMMD_v2.0\CrisisMMD_v2.0\data_image\hurricane_irma\19_9_2017\909935691752144896_0.jpg,severe_damage,Severe,0.6562
C:\Users\user\Downloads\CrisisMMD_v2.0\CrisisMMD_v2.0\data_image\hurricane_irma\19_9_2017\909936055536766982_0.jpg,severe_damage,Severe,1.0
C:\Users\user\Downloads\CrisisMMD_v2.0\CrisisMMD_v2.0\data_image\hurricane_irma\19_9_2017\909936938718760960_0.jpg,severe_damage,Severe,1.0
C:\Users\user\Downloads\CrisisMMD_v2.0\CrisisMMD_v2.0\data_image\hurricane_irma\19_9_2017\909940586882330624_0.jpg,severe_damage,Severe,1.0
C:\Users\user\Downloads\CrisisMMD_v2.0\CrisisMMD_v2.0\data_image\hurricane_irma\19_9_2017\909940694625726464_0.jpg,little_or_no_damage,Minor,0.6813
C:\Users\user\Downloads\CrisisMMD_v2.0\CrisisMMD_v2.0\data_image\hurricane_irma\19_9_2017\909942148665040897_0.jpg,mild_damage,Moderate,0.6636
C:\Users\user\Downloads\CrisisMMD_v2.0\CrisisMMD_v2.0\data_image\hurricane_irma\19_9_2017\909943803943030785_0.jpg,little_or_no_damage,Minor,1.0
C:\Users\user\Downloads\CrisisMMD_v2.0\CrisisMMD_v2.0\data_image\hurricane_irma\19_9_2017\909945133520510976_0.jpg,mild_damage,Moderate,0.625
C:\Users\user\Downloads\CrisisMMD_v2.0\CrisisMMD_v2.0\data_image\hurricane_irma\19_9_2017\909945238550179840_0.jpg,severe_damage,Severe,1.0
C:\Users\user\Downloads\CrisisMMD_v2.0\CrisisMMD_v2.0\data_image\hurricane_irma\19_9_2017\909945317973417984_0.jpg,mild_damage,Moderate,0.6875
C:\Users\user\Downloads\CrisisMMD_v2.0\CrisisMMD_v2.0\data_image\hurricane_irma\19_9_2017\909946398300409856_0.jpg,mild_damage,Moderate,0.697
C:\Users\user\Downloads\CrisisMMD_v2.0\CrisisMMD_v2.0\data_image\hurricane_irma\19_9_2017\909946459692392448_0.jpg,little_or_no_damage,Minor,0.375
C:\Users\user\Downloads\CrisisMMD_v2.0\CrisisMMD_v2.0\data_image\hurricane_irma\19_9_2017\909956489397317632_0.jpg,little_or_no_damage,Minor,0.6399
C:\Users\user\Downloads\CrisisMMD_v2.0\CrisisMMD_v2.0\data_image\hurricane_irma\19_9_2017\909957227842232320_0.jpg,severe_damage,Severe,1.0
C:\Users\user\Downloads\CrisisMMD_v2.0\CrisisMMD_v2.0\data_image\hurricane_irma\19_9_2017\909960364967776256_0.jpg,severe_damage,Severe,1.0
C:\Users\user\Downloads\CrisisMMD_v2.0\CrisisMMD_v2.0\data_image\hurricane_irma\19_9_2017\909962108791554049_0.jpg,mild_damage,Moderate,0.6399
C:\Users\user\Downloads\CrisisMMD_v2.0\CrisisMMD_v2.0\data_image\hurricane_irma\19_9_2017\909962301683453952_0.jpg,mild_damage,Moderate,0.697
C:\Users\user\Downloads\CrisisMMD_v2.0\CrisisMMD_v2.0\data_image\hurricane_irma\19_9_2017\909963325944901633_0.jpg,little_or_no_damage,Minor,0.6479
C:\Users\user\Downloads\CrisisMMD_v2.0\CrisisMMD_v2.0\data_image\hurricane_irma\19_9_2017\909968109506842624_0.jpg,severe_damage,Severe,0.6571
C:\Users\user\Downloads\CrisisMMD_v2.0\CrisisMMD_v2.0\data_image\hurricane_irma\19_9_2017\909968982362517504_0.jpg,little_or_no_damage,Minor,0.6563
C:\Users\user\Downloads\CrisisMMD_v2.0\CrisisMMD_v2.0\data_image\hurricane_irma\19_9_2017\909968982362517504_3.jpg,mild_damage,Moderate,0.6774
C:\Users\user\Downloads\CrisisMMD_v2.0\CrisisMMD_v2.0\data_image\hurricane_irma\19_9_2017\909971209290440706_1.jpg,mild_damage,Moderate,0.6885
C:\Users\user\Downloads\CrisisMMD_v2.0\CrisisMMD_v2.0\data_image\hurricane_irma\19_9_2017\909971209290440706_2.jpg,mild_damage,Moderate,0.6991
C:\Users\user\Downloads\CrisisMMD_v2.0\CrisisMMD_v2.0\data_image\hurricane_irma\19_9_2017\909974100419911680_0.jpg,severe_damage,Severe,0.6303
C:\Users\user\Downloads\CrisisMMD_v2.0\CrisisMMD_v2.0\data_image\hurricane_irma\19_9_2017\909975544036458497_0.jpg,little_or_no_damage,Minor,1.0
C:\Users\user\Downloads\CrisisMMD_v2.0\CrisisMMD_v2.0\data_image\hurricane_irma\19_9_2017\909978918534500352_1.jpg,severe_damage,Severe,1.0
C:\Users\user\Downloads\CrisisMMD_v2.0\CrisisMMD_v2.0\data_image\hurricane_irma\19_9_2017\909986077020229633_0.jpg,little_or_no_damage,Minor,0.6813
C:\Users\user\Downloads\CrisisMMD_v2.0\CrisisMMD_v2.0\data_image\hurricane_irma\19_9_2017\909988214240305152_1.jpg,mild_damage,Moderate,0.6176
C:\Users\user\Downloads\CrisisMMD_v2.0\CrisisMMD_v2.0\data_image\hurricane_irma\19_9_2017\909989983154524160_0.jpg,mild_damage,Moderate,0.6944
C:\Users\user\Downloads\CrisisMMD_v2.0\CrisisMMD_v2.0\data_image\hurricane_irma\19_9_2017\909992667106496517_0.jpg,little_or_no_damage,Minor,0.63
C:\Users\user\Downloads\CrisisMMD_v2.0\CrisisMMD_v2.0\data_image\hurricane_irma\19_9_2017\909994032436191232_0.jpg,mild_damage,Moderate,0.6667
C:\Users\user\Downloads\CrisisMMD_v2.0\CrisisMMD_v2.0\data_image\hurricane_irma\19_9_2017\909996543385665537_0.jpg,mild_damage,Moderate,0.6774
C:\Users\user\Downloads\CrisisMMD_v2.0\CrisisMMD_v2.0\data_image\hurricane_irma\19_9_2017\910000060225728512_0.jpg,severe_damage,Severe,0.6448
C:\Users\user\Downloads\CrisisMMD_v2.0\CrisisMMD_v2.0\data_image\hurricane_irma\19_9_2017\910002553634607104_0.jpg,mild_damage,Moderate,0.6875
C:\Users\user\Downloads\CrisisMMD_v2.0\CrisisMMD_v2.0\data_image\hurricane_irma\19_9_2017\910005101019799553_0.jpg,severe_damage,Severe,1.0
C:\Users\user\Downloads\CrisisMMD_v2.0\CrisisMMD_v2.0\data_image\hurricane_irma\19_9_2017\910023781237760000_0.jpg,severe_damage,Severe,0.6875
C:\Users\user\Downloads\CrisisMMD_v2.0\CrisisMMD_v2.0\data_image\hurricane_irma\19_9_2017\910033969315446784_0.jpg,mild_damage,Moderate,0.7222
C:\Users\user\Downloads\CrisisMMD_v2.0\CrisisMMD_v2.0\data_image\hurricane_irma\19_9_2017\910038385703735296_0.jpg,severe_damage,Severe,1.0
C:\Users\user\Downloads\CrisisMMD_v2.0\CrisisMMD_v2.0\data_image\hurricane_irma\19_9_2017\910041602340536320_0.jpg,severe_damage,Severe,1.0
C:\Users\user\Downloads\CrisisMMD_v2.0\CrisisMMD_v2.0\data_image\hurricane_irma\19_9_2017\910042181741793281_0.jpg,little_or_no_damage,Minor,1.0
C:\Users\user\Downloads\CrisisMMD_v2.0\CrisisMMD_v2.0\data_image\hurricane_irma\19_9_2017\910048648469319680_0.jpg,little_or_no_damage,Minor,1.0
C:\Users\user\Downloads\CrisisMMD_v2.0\CrisisMMD_v2.0\data_image\hurricane_irma\19_9_2017\910051877982756864_0.jpg,little_or_no_damage,Minor,1.0
C:\Users\user\Downloads\CrisisMMD_v2.0\CrisisMMD_v2.0\data_image\hurricane_irma\19_9_2017\910060789159137281_1.jpg,severe_damage,Severe,0.6399
C:\Users\user\Downloads\CrisisMMD_v2.0\CrisisMMD_v2.0\data_image\hurricane_irma\19_9_2017\910064319236313093_0.jpg,severe_damage,Severe,1.0
C:\Users\user\Downloads\CrisisMMD_v2.0\CrisisMMD_v2.0\data_image\hurricane_irma\19_9_2017\910066988596305922_0.jpg,mild_damage,Moderate,0.6176
C:\Users\user\Downloads\CrisisMMD_v2.0\CrisisMMD_v2.0\data_image\hurricane_irma\19_9_2017\910067986161192960_0.jpg,severe_damage,Severe,1.0
C:\Users\user\Downloads\CrisisMMD_v2.0\CrisisMMD_v2.0\data_image\hurricane_irma\19_9_2017\910070947725692928_0.jpg,mild_damage,Moderate,1.0
C:\Users\user\Downloads\CrisisMMD_v2.0\CrisisMMD_v2.0\data_image\hurricane_irma\19_9_2017\910073512202731520_0.jpg,severe_damage,Severe,1.0
C:\Users\user\Downloads\CrisisMMD_v2.0\CrisisMMD_v2.0\data_image\hurricane_irma\19_9_2017\910080834153123841_0.jpg,severe_damage,Severe,0.6716
C:\Users\user\Downloads\CrisisMMD_v2.0\CrisisMMD_v2.0\data_image\hurricane_irma\19_9_2017\910082408883658758_0.jpg,severe_damage,Severe,1.0
C:\Users\user\Downloads\CrisisMMD_v2.0\CrisisMMD_v2.0\data_image\hurricane_irma\19_9_2017\910082914343305216_0.jpg,severe_damage,Severe,1.0
C:\Users\user\Downloads\CrisisMMD_v2.0\CrisisMMD_v2.0\data_image\hurricane_irma\19_9_2017\910083935165706241_1.jpg,severe_damage,Severe,1.0
C:\Users\user\Downloads\CrisisMMD_v2.0\CrisisMMD_v2.0\data_image\hurricane_irma\19_9_2017\910084561891098625_0.jpg,severe_damage,Severe,1.0
C:\Users\user\Downloads\CrisisMMD_v2.0\CrisisMMD_v2.0\data_image\hurricane_irma\19_9_2017\910084566328766464_0.jpg,little_or_no_damage,Minor,1.0
C:\Users\user\Downloads\CrisisMMD_v2.0\CrisisMMD_v2.0\data_image\hurricane_irma\19_9_2017\910084787674783744_0.jpg,little_or_no_damage,Minor,0.6765
C:\Users\user\Downloads\CrisisMMD_v2.0\CrisisMMD_v2.0\data_image\hurricane_irma\19_9_2017\910085063047606273_0.jpg,mild_damage,Moderate,0.6875
C:\Users\user\Downloads\CrisisMMD_v2.0\CrisisMMD_v2.0\data_image\hurricane_irma\19_9_2017\910094260040601600_0.jpg,mild_damage,Moderate,1.0
C:\Users\user\Downloads\CrisisMMD_v2.0\CrisisMMD_v2.0\data_image\hurricane_irma\19_9_2017\910094563922055170_0.jpg,mild_damage,Moderate,0.7143
C:\Users\user\Downloads\CrisisMMD_v2.0\CrisisMMD_v2.0\data_image\hurricane_irma\19_9_2017\910095089489383430_0.jpg,little_or_no_damage,Minor,0.7064
C:\Users\user\Downloads\CrisisMMD_v2.0\CrisisMMD_v2.0\data_image\hurricane_irma\19_9_2017\910096270609534977_0.jpg,mild_damage,Moderate,0.3612
C:\Users\user\Downloads\CrisisMMD_v2.0\CrisisMMD_v2.0\data_image\hurricane_irma\19_9_2017\910096842855211008_0.jpg,severe_damage,Severe,1.0
C:\Users\user\Downloads\CrisisMMD_v2.0\CrisisMMD_v2.0\data_image\hurricane_irma\19_9_2017\910099384913862656_0.jpg,severe_damage,Severe,1.0
C:\Users\user\Downloads\CrisisMMD_v2.0\CrisisMMD_v2.0\data_image\hurricane_irma\19_9_2017\910100808049451008_0.jpg,severe_damage,Severe,1.0
C:\Users\user\Downloads\CrisisMMD_v2.0\CrisisMMD_v2.0\data_image\hurricane_irma\19_9_2017\910102466204770304_0.jpg,severe_damage,Severe,0.6636
C:\Users\user\Downloads\CrisisMMD_v2.0\CrisisMMD_v2.0\data_image\hurricane_irma\19_9_2017\910107780467617792_0.jpg,little_or_no_damage,Minor,0.6176
C:\Users\user\Downloads\CrisisMMD_v2.0\CrisisMMD_v2.0\data_image\hurricane_irma\19_9_2017\910110509852184576_0.jpg,little_or_no_damage,Minor,0.6765
C:\Users\user\Downloads\CrisisMMD_v2.0\CrisisMMD_v2.0\data_image\hurricane_irma\19_9_2017\910112013703172097_0.jpg,mild_damage,Moderate,0.6667
C:\Users\user\Downloads\CrisisMMD_v2.0\CrisisMMD_v2.0\data_image\hurricane_irma\19_9_2017\910112563781881862_0.jpg,severe_damage,Severe,0.6452
C:\Users\user\Downloads\CrisisMMD_v2.0\CrisisMMD_v2.0\data_image\hurricane_irma\19_9_2017\910115488356864001_0.jpg,mild_damage,Moderate,0.7012
C:\Users\user\Downloads\CrisisMMD_v2.0\CrisisMMD_v2.0\data_image\hurricane_irma\19_9_2017\910116242232549376_0.jpg,little_or_no_damage,Minor,0.6875
C:\Users\user\Downloads\CrisisMMD_v2.0\CrisisMMD_v2.0\data_image\hurricane_irma\19_9_2017\910117311943708672_0.jpg,little_or_no_damage,Minor,0.6994
C:\Users\user\Downloads\CrisisMMD_v2.0\CrisisMMD_v2.0\data_image\hurricane_irma\19_9_2017\910118273139712000_0.jpg,severe_damage,Severe,0.6798
C:\Users\user\Downloads\CrisisMMD_v2.0\CrisisMMD_v2.0\data_image\hurricane_irma\19_9_2017\910118463884185600_0.jpg,severe_damage,Severe,0.3438
C:\Users\user\Downloads\CrisisMMD_v2.0\CrisisMMD_v2.0\data_image\hurricane_irma\19_9_2017\910118787080441857_0.jpg,mild_damage,Moderate,1.0
C:\Users\user\Downloads\CrisisMMD_v2.0\CrisisMMD_v2.0\data_image\hurricane_irma\19_9_2017\910118839081472000_0.jpg,little_or_no_damage,Minor,0.6364
C:\Users\user\Downloads\CrisisMMD_v2.0\CrisisMMD_v2.0\data_image\hurricane_irma\19_9_2017\910119192594145280_0.jpg,mild_damage,Moderate,1.0
C:\Users\user\Downloads\CrisisMMD_v2.0\CrisisMMD_v2.0\data_image\hurricane_irma\19_9_2017\910121621897334784_0.jpg,severe_damage,Severe,0.6486
C:\Users\user\Downloads\CrisisMMD_v2.0\CrisisMMD_v2.0\data_image\hurricane_irma\19_9_2017\910122015993995264_1.jpg,mild_damage,Moderate,0.6667
C:\Users\user\Downloads\CrisisMMD_v2.0\CrisisMMD_v2.0\data_image\hurricane_irma\19_9_2017\910122015993995264_3.jpg,little_or_no_damage,Minor,0.6875
C:\Users\user\Downloads\CrisisMMD_v2.0\CrisisMMD_v2.0\data_image\hurricane_irma\19_9_2017\910122575380000768_0.jpg,mild_damage,Moderate,1.0
C:\Users\user\Downloads\CrisisMMD_v2.0\CrisisMMD_v2.0\data_image\hurricane_irma\19_9_2017\910122628098248704_0.jpg,little_or_no_damage,Minor,0.6991
C:\Users\user\Downloads\CrisisMMD_v2.0\CrisisMMD_v2.0\data_image\hurricane_irma\19_9_2017\910123451792289792_0.jpg,severe_damage,Severe,1.0
C:\Users\user\Downloads\CrisisMMD_v2.0\CrisisMMD_v2.0\data_image\hurricane_irma\19_9_2017\910124040584667136_0.jpg,little_or_no_damage,Minor,0.3548
C:\Users\user\Downloads\CrisisMMD_v2.0\CrisisMMD_v2.0\data_image\hurricane_irma\19_9_2017\910124040584667136_1.jpg,mild_damage,Moderate,0.6667
C:\Users\user\Downloads\CrisisMMD_v2.0\CrisisMMD_v2.0\data_image\hurricane_irma\19_9_2017\910124639170506752_0.jpg,severe_damage,Severe,1.0
C:\Users\user\Downloads\CrisisMMD_v2.0\CrisisMMD_v2.0\data_image\hurricane_irma\19_9_2017\910124932775989248_0.jpg,mild_damage,Moderate,0.6885
C:\Users\user\Downloads\CrisisMMD_v2.0\CrisisMMD_v2.0\data_image\hurricane_irma\19_9_2017\910126603946090497_0.jpg,little_or_no_damage,Minor,1.0
C:\Users\user\Downloads\CrisisMMD_v2.0\CrisisMMD_v2.0\data_image\hurricane_irma\19_9_2017\910126834498592768_0.jpg,mild_damage,Moderate,0.339
C:\Users\user\Downloads\CrisisMMD_v2.0\CrisisMMD_v2.0\data_image\hurricane_irma\19_9_2017\910128100083724288_0.jpg,little_or_no_damage,Minor,0.6605
C:\Users\user\Downloads\CrisisMMD_v2.0\CrisisMMD_v2.0\data_image\hurricane_irma\19_9_2017\910128121541689346_0.jpg,mild_damage,Moderate,0.3438
C:\Users\user\Downloads\CrisisMMD_v2.0\CrisisMMD_v2.0\data_image\hurricane_irma\19_9_2017\910128655023534080_0.jpg,little_or_no_damage,Minor,1.0
C:\Users\user\Downloads\CrisisMMD_v2.0\CrisisMMD_v2.0\data_image\hurricane_irma\19_9_2017\910129616353992704_0.jpg,mild_damage,Moderate,1.0
C:\Users\user\Downloads\CrisisMMD_v2.0\CrisisMMD_v2.0\data_image\hurricane_irma\19_9_2017\910129632812371968_0.jpg,severe_damage,Severe,0.6452
C:\Users\user\Downloads\CrisisMMD_v2.0\CrisisMMD_v2.0\data_image\hurricane_irma\19_9_2017\910131060033196034_0.jpg,little_or_no_damage,Minor,0.697
C:\Users\user\Downloads\CrisisMMD_v2.0\CrisisMMD_v2.0\data_image\hurricane_irma\19_9_2017\910133170493956097_0.jpg,mild_damage,Moderate,0.3824
C:\Users\user\Downloads\CrisisMMD_v2.0\CrisisMMD_v2.0\data_image\hurricane_irma\19_9_2017\910133417773293568_0.jpg,severe_damage,Severe,1.0
C:\Users\user\Downloads\CrisisMMD_v2.0\CrisisMMD_v2.0\data_image\hurricane_irma\19_9_2017\910136681713537024_0.jpg,mild_damage,Moderate,1.0
C:\Users\user\Downloads\CrisisMMD_v2.0\CrisisMMD_v2.0\data_image\hurricane_irma\19_9_2017\910136946147573761_0.jpg,mild_damage,Moderate,0.6286
C:\Users\user\Downloads\CrisisMMD_v2.0\CrisisMMD_v2.0\data_image\hurricane_irma\19_9_2017\910137635888386048_0.jpg,mild_damage,Moderate,1.0
C:\Users\user\Downloads\CrisisMMD_v2.0\CrisisMMD_v2.0\data_image\hurricane_irma\19_9_2017\910140800658497537_0.jpg,little_or_no_damage,Minor,0.6774
C:\Users\user\Downloads\CrisisMMD_v2.0\CrisisMMD_v2.0\data_image\hurricane_irma\19_9_2017\910141087926378496_0.jpg,little_or_no_damage,Minor,1.0
C:\Users\user\Downloads\CrisisMMD_v2.0\CrisisMMD_v2.0\data_image\hurricane_irma\19_9_2017\910141406165028864_0.jpg,severe_damage,Severe,0.6857
C:\Users\user\Downloads\CrisisMMD_v2.0\CrisisMMD_v2.0\data_image\hurricane_irma\19_9_2017\910141442907131904_0.jpg,severe_damage,Severe,1.0
C:\Users\user\Downloads\CrisisMMD_v2.0\CrisisMMD_v2.0\data_image\hurricane_irma\19_9_2017\910141454688948224_0.jpg,severe_damage,Severe,1.0
C:\Users\user\Downloads\CrisisMMD_v2.0\CrisisMMD_v2.0\data_image\hurricane_irma\19_9_2017\910142007057829888_0.jpg,severe_damage,Severe,0.6452
C:\Users\user\Downloads\CrisisMMD_v2.0\CrisisMMD_v2.0\data_image\hurricane_irma\19_9_2017\910142737504247813_0.jpg,severe_damage,Severe,0.7059
C:\Users\user\Downloads\CrisisMMD_v2.0\CrisisMMD_v2.0\data_image\hurricane_irma\19_9_2017\910143930750111744_0.jpg,severe_damage,Severe,1.0
C:\Users\user\Downloads\CrisisMMD_v2.0\CrisisMMD_v2.0\data_image\hurricane_irma\19_9_2017\910144212288589825_0.jpg,mild_damage,Moderate,0.375
C:\Users\user\Downloads\CrisisMMD_v2.0\CrisisMMD_v2.0\data_image\hurricane_irma\19_9_2017\910145127376703488_0.jpg,mild_damage,Moderate,0.6944
C:\Users\user\Downloads\CrisisMMD_v2.0\CrisisMMD_v2.0\data_image\hurricane_irma\19_9_2017\910147498873950208_0.jpg,mild_damage,Moderate,0.6667
C:\Users\user\Downloads\CrisisMMD_v2.0\CrisisMMD_v2.0\data_image\hurricane_irma\19_9_2017\910149200410791936_1.jpg,little_or_no_damage,Minor,1.0
C:\Users\user\Downloads\CrisisMMD_v2.0\CrisisMMD_v2.0\data_image\hurricane_irma\19_9_2017\910149254097850368_0.jpg,severe_damage,Severe,0.697
C:\Users\user\Downloads\CrisisMMD_v2.0\CrisisMMD_v2.0\data_image\hurricane_irma\19_9_2017\910149358187716608_2.jpg,severe_damage,Severe,1.0
C:\Users\user\Downloads\CrisisMMD_v2.0\CrisisMMD_v2.0\data_image\hurricane_irma\19_9_2017\910150747228172288_0.jpg,mild_damage,Moderate,0.6262
C:\Users\user\Downloads\CrisisMMD_v2.0\CrisisMMD_v2.0\data_image\hurricane_irma\19_9_2017\910151391842205696_0.jpg,severe_damage,Severe,1.0
C:\Users\user\Downloads\CrisisMMD_v2.0\CrisisMMD_v2.0\data_image\hurricane_irma\19_9_2017\910154313422516226_0.jpg,severe_damage,Severe,1.0
C:\Users\user\Downloads\CrisisMMD_v2.0\CrisisMMD_v2.0\data_image\hurricane_irma\19_9_2017\910155666899292160_0.jpg,little_or_no_damage,Minor,1.0
C:\Users\user\Downloads\CrisisMMD_v2.0\CrisisMMD_v2.0\data_image\hurricane_irma\19_9_2017\910156250368888832_1.jpg,little_or_no_damage,Minor,0.6262
C:\Users\user\Downloads\CrisisMMD_v2.0\CrisisMMD_v2.0\data_image\hurricane_irma\19_9_2017\910156441490780160_0.jpg,mild_damage,Moderate,0.6822
C:\Users\user\Downloads\CrisisMMD_v2.0\CrisisMMD_v2.0\data_image\hurricane_irma\19_9_2017\910156539742314498_0.jpg,severe_damage,Severe,0.6798
C:\Users\user\Downloads\CrisisMMD_v2.0\CrisisMMD_v2.0\data_image\hurricane_irma\19_9_2017\910156856869433344_0.jpg,little_or_no_damage,Minor,1.0
C:\Users\user\Downloads\CrisisMMD_v2.0\CrisisMMD_v2.0\data_image\hurricane_irma\19_9_2017\910156911403782144_0.jpg,little_or_no_damage,Minor,1.0
C:\Users\user\Downloads\CrisisMMD_v2.0\CrisisMMD_v2.0\data_image\hurricane_irma\19_9_2017\910156922724192256_0.jpg,severe_damage,Severe,0.6364
C:\Users\user\Downloads\CrisisMMD_v2.0\CrisisMMD_v2.0\data_image\hurricane_irma\19_9_2017\910160326737281025_0.jpg,mild_damage,Moderate,0.6323
C:\Users\user\Downloads\CrisisMMD_v2.0\CrisisMMD_v2.0\data_image\hurricane_irma\19_9_2017\910162402108477440_0.jpg,little_or_no_damage,Minor,0.679
C:\Users\user\Downloads\CrisisMMD_v2.0\CrisisMMD_v2.0\data_image\hurricane_irma\19_9_2017\910163300662562816_0.jpg,little_or_no_damage,Minor,0.6563
C:\Users\user\Downloads\CrisisMMD_v2.0\CrisisMMD_v2.0\data_image\hurricane_irma\19_9_2017\910165451312893952_0.jpg,severe_damage,Severe,0.6813
C:\Users\user\Downloads\CrisisMMD_v2.0\CrisisMMD_v2.0\data_image\hurricane_irma\19_9_2017\910166284624711681_0.jpg,mild_damage,Moderate,0.6857
C:\Users\user\Downloads\CrisisMMD_v2.0\CrisisMMD_v2.0\data_image\hurricane_irma\19_9_2017\910166366015119361_0.jpg,severe_damage,Severe,1.0
C:\Users\user\Downloads\CrisisMMD_v2.0\CrisisMMD_v2.0\data_image\hurricane_irma\19_9_2017\910168389846536193_0.jpg,mild_damage,Moderate,0.6389
C:\Users\user\Downloads\CrisisMMD_v2.0\CrisisMMD_v2.0\data_image\hurricane_irma\19_9_2017\910168623175557120_0.jpg,little_or_no_damage,Minor,0.6479
C:\Users\user\Downloads\CrisisMMD_v2.0\CrisisMMD_v2.0\data_image\hurricane_irma\19_9_2017\910169542718091265_1.jpg,little_or_no_damage,Minor,0.6176
C:\Users\user\Downloads\CrisisMMD_v2.0\CrisisMMD_v2.0\data_image\hurricane_irma\19_9_2017\910170234492981248_0.jpg,severe_damage,Severe,1.0
C:\Users\user\Downloads\CrisisMMD_v2.0\CrisisMMD_v2.0\data_image\hurricane_irma\19_9_2017\910170472658083840_0.jpg,mild_damage,Moderate,0.697
C:\Users\user\Downloads\CrisisMMD_v2.0\CrisisMMD_v2.0\data_image\hurricane_irma\19_9_2017\910170497689759744_0.jpg,little_or_no_damage,Minor,0.6667
C:\Users\user\Downloads\CrisisMMD_v2.0\CrisisMMD_v2.0\data_image\hurricane_irma\19_9_2017\910171178198761472_0.jpg,mild_damage,Moderate,1.0
C:\Users\user\Downloads\CrisisMMD_v2.0\CrisisMMD_v2.0\data_image\hurricane_irma\19_9_2017\910171405790044160_0.jpg,little_or_no_damage,Minor,0.6648
C:\Users\user\Downloads\CrisisMMD_v2.0\CrisisMMD_v2.0\data_image\hurricane_irma\19_9_2017\910172045333471232_0.jpg,severe_damage,Severe,0.6813
C:\Users\user\Downloads\CrisisMMD_v2.0\CrisisMMD_v2.0\data_image\hurricane_irma\19_9_2017\910172748042862592_0.jpg,mild_damage,Moderate,0.7012
C:\Users\user\Downloads\CrisisMMD_v2.0\CrisisMMD_v2.0\data_image\hurricane_irma\19_9_2017\910174179605057543_0.jpg,little_or_no_damage,Minor,0.6774
C:\Users\user\Downloads\CrisisMMD_v2.0\CrisisMMD_v2.0\data_image\hurricane_irma\19_9_2017\910175660106231808_0.jpg,little_or_no_damage,Minor,0.6701
C:\Users\user\Downloads\CrisisMMD_v2.0\CrisisMMD_v2.0\data_image\hurricane_irma\19_9_2017\910177644444110848_1.jpg,little_or_no_damage,Minor,1.0
C:\Users\user\Downloads\CrisisMMD_v2.0\CrisisMMD_v2.0\data_image\hurricane_irma\19_9_2017\910179107568324609_0.jpg,severe_damage,Severe,0.6875
C:\Users\user\Downloads\CrisisMMD_v2.0\CrisisMMD_v2.0\data_image\hurricane_irma\19_9_2017\910179981166305280_0.jpg,severe_damage,Severe,1.0
C:\Users\user\Downloads\CrisisMMD_v2.0\CrisisMMD_v2.0\data_image\hurricane_irma\19_9_2017\910180940801904641_0.jpg,severe_damage,Severe,0.6462
C:\Users\user\Downloads\CrisisMMD_v2.0\CrisisMMD_v2.0\data_image\hurricane_irma\19_9_2017\910183007637561344_0.jpg,severe_damage,Severe,0.697
C:\Users\user\Downloads\CrisisMMD_v2.0\CrisisMMD_v2.0\data_image\hurricane_irma\19_9_2017\910184448469164032_0.jpg,mild_damage,Moderate,0.6176
C:\Users\user\Downloads\CrisisMMD_v2.0\CrisisMMD_v2.0\data_image\hurricane_irma\19_9_2017\910184650307280896_0.jpg,mild_damage,Moderate,1.0
C:\Users\user\Downloads\CrisisMMD_v2.0\CrisisMMD_v2.0\data_image\hurricane_irma\19_9_2017\910187552266743808_0.jpg,mild_damage,Moderate,1.0
C:\Users\user\Downloads\CrisisMMD_v2.0\CrisisMMD_v2.0\data_image\hurricane_irma\19_9_2017\910189039852097537_0.jpg,little_or_no_damage,Minor,0.6389
C:\Users\user\Downloads\CrisisMMD_v2.0\CrisisMMD_v2.0\data_image\hurricane_irma\19_9_2017\910189290642173953_0.jpg,mild_damage,Moderate,1.0
C:\Users\user\Downloads\CrisisMMD_v2.0\CrisisMMD_v2.0\data_image\hurricane_irma\19_9_2017\910189806994456577_0.jpg,severe_damage,Severe,0.6722
C:\Users\user\Downloads\CrisisMMD_v2.0\CrisisMMD_v2.0\data_image\hurricane_irma\19_9_2017\910190227905531905_0.jpg,severe_damage,Severe,1.0
C:\Users\user\Downloads\CrisisMMD_v2.0\CrisisMMD_v2.0\data_image\hurricane_irma\19_9_2017\910191453019758592_0.jpg,little_or_no_damage,Minor,0.6452
C:\Users\user\Downloads\CrisisMMD_v2.0\CrisisMMD_v2.0\data_image\hurricane_irma\19_9_2017\910191733962616833_0.jpg,little_or_no_damage,Minor,0.6286
C:\Users\user\Downloads\CrisisMMD_v2.0\CrisisMMD_v2.0\data_image\hurricane_irma\19_9_2017\910192744836059136_0.jpg,mild_damage,Moderate,0.375
C:\Users\user\Downloads\CrisisMMD_v2.0\CrisisMMD_v2.0\data_image\hurricane_irma\19_9_2017\910192887723413505_0.jpg,severe_damage,Severe,0.665
C:\Users\user\Downloads\CrisisMMD_v2.0\CrisisMMD_v2.0\data_image\hurricane_irma\19_9_2017\910192971492012032_0.jpg,little_or_no_damage,Minor,1.0
C:\Users\user\Downloads\CrisisMMD_v2.0\CrisisMMD_v2.0\data_image\hurricane_irma\19_9_2017\910193063552745472_0.jpg,severe_damage,Severe,0.3333
C:\Users\user\Downloads\CrisisMMD_v2.0\CrisisMMD_v2.0\data_image\hurricane_irma\19_9_2017\910194740905353216_0.jpg,little_or_no_damage,Minor,0.6875
C:\Users\user\Downloads\CrisisMMD_v2.0\CrisisMMD_v2.0\data_image\hurricane_irma\19_9_2017\910195055180234753_0.jpg,little_or_no_damage,Minor,0.6875
C:\Users\user\Downloads\CrisisMMD_v2.0\CrisisMMD_v2.0\data_image\hurricane_irma\19_9_2017\910198059316981761_0.jpg,little_or_no_damage,Minor,1.0
C:\Users\user\Downloads\CrisisMMD_v2.0\CrisisMMD_v2.0\data_image\hurricane_irma\19_9_2017\910198450347810817_0.jpg,mild_damage,Moderate,0.6741
C:\Users\user\Downloads\CrisisMMD_v2.0\CrisisMMD_v2.0\data_image\hurricane_irma\19_9_2017\910198598054367237_0.jpg,mild_damage,Moderate,0.7087
C:\Users\user\Downloads\CrisisMMD_v2.0\CrisisMMD_v2.0\data_image\hurricane_irma\19_9_2017\910198685685944321_0.jpg,mild_damage,Moderate,0.6639
C:\Users\user\Downloads\CrisisMMD_v2.0\CrisisMMD_v2.0\data_image\hurricane_irma\19_9_2017\910199425972211713_0.jpg,little_or_no_damage,Minor,0.6765
C:\Users\user\Downloads\CrisisMMD_v2.0\CrisisMMD_v2.0\data_image\hurricane_irma\19_9_2017\910199693132599297_0.jpg,mild_damage,Moderate,1.0
C:\Users\user\Downloads\CrisisMMD_v2.0\CrisisMMD_v2.0\data_image\hurricane_irma\19_9_2017\910201108995366912_0.jpg,severe_damage,Severe,1.0
C:\Users\user\Downloads\CrisisMMD_v2.0\CrisisMMD_v2.0\data_image\hurricane_irma\19_9_2017\910201716934574081_0.jpg,little_or_no_damage,Minor,1.0
C:\Users\user\Downloads\CrisisMMD_v2.0\CrisisMMD_v2.0\data_image\hurricane_irma\19_9_2017\910201716934574081_1.jpg,mild_damage,Moderate,0.6389
C:\Users\user\Downloads\CrisisMMD_v2.0\CrisisMMD_v2.0\data_image\hurricane_irma\19_9_2017\910201716934574081_2.jpg,little_or_no_damage,Minor,0.6563
C:\Users\user\Downloads\CrisisMMD_v2.0\CrisisMMD_v2.0\data_image\hurricane_irma\19_9_2017\910201953556119552_0.jpg,severe_damage,Severe,0.6774
C:\Users\user\Downloads\CrisisMMD_v2.0\CrisisMMD_v2.0\data_image\hurricane_irma\19_9_2017\910202655733112833_0.jpg,mild_damage,Moderate,0.661
C:\Users\user\Downloads\CrisisMMD_v2.0\CrisisMMD_v2.0\data_image\hurricane_irma\19_9_2017\910205368394964992_0.jpg,severe_damage,Severe,1.0
C:\Users\user\Downloads\CrisisMMD_v2.0\CrisisMMD_v2.0\data_image\hurricane_irma\19_9_2017\910206000644444160_0.jpg,mild_damage,Moderate,0.6364
C:\Users\user\Downloads\CrisisMMD_v2.0\CrisisMMD_v2.0\data_image\hurricane_irma\19_9_2017\910206222204248064_0.jpg,mild_damage,Moderate,1.0
C:\Users\user\Downloads\CrisisMMD_v2.0\CrisisMMD_v2.0\data_image\hurricane_irma\19_9_2017\910206535661506560_0.jpg,severe_damage,Severe,1.0
C:\Users\user\Downloads\CrisisMMD_v2.0\CrisisMMD_v2.0\data_image\hurricane_irma\19_9_2017\910207417345908736_0.jpg,little_or_no_damage,Minor,1.0
C:\Users\user\Downloads\CrisisMMD_v2.0\CrisisMMD_v2.0\data_image\hurricane_irma\19_9_2017\910207622896287744_2.jpg,little_or_no_damage,Minor,1.0
C:\Users\user\Downloads\CrisisMMD_v2.0\CrisisMMD_v2.0\data_image\hurricane_irma\19_9_2017\910207622896287744_3.jpg,little_or_no_damage,Minor,0.6389
C:\Users\user\Downloads\CrisisMMD_v2.0\CrisisMMD_v2.0\data_image\hurricane_irma\19_9_2017\910208913315856385_0.jpg,little_or_no_damage,Minor,1.0
C:\Users\user\Downloads\CrisisMMD_v2.0\CrisisMMD_v2.0\data_image\hurricane_irma\19_9_2017\910209384264777728_0.jpg,little_or_no_damage,Minor,0.6875
C:\Users\user\Downloads\CrisisMMD_v2.0\CrisisMMD_v2.0\data_image\hurricane_irma\19_9_2017\910211172380446720_0.jpg,severe_damage,Severe,0.6061
C:\Users\user\Downloads\CrisisMMD_v2.0\CrisisMMD_v2.0\data_image\hurricane_irma\19_9_2017\910211201182789632_0.jpg,little_or_no_damage,Minor,1.0
C:\Users\user\Downloads\CrisisMMD_v2.0\CrisisMMD_v2.0\data_image\hurricane_irma\19_9_2017\910211896451592193_0.jpg,severe_damage,Severe,1.0
C:\Users\user\Downloads\CrisisMMD_v2.0\CrisisMMD_v2.0\data_image\hurricane_irma\19_9_2017\910212147405217792_1.jpg,little_or_no_damage,Minor,0.6452
C:\Users\user\Downloads\CrisisMMD_v2.0\CrisisMMD_v2.0\data_image\hurricane_irma\19_9_2017\910212336522350592_0.jpg,severe_damage,Severe,0.6712
C:\Users\user\Downloads\CrisisMMD_v2.0\CrisisMMD_v2.0\data_image\hurricane_irma\19_9_2017\910213017681281024_0.jpg,mild_damage,Moderate,0.6667
C:\Users\user\Downloads\CrisisMMD_v2.0\CrisisMMD_v2.0\data_image\hurricane_irma\19_9_2017\910216576464510976_0.jpg,little_or_no_damage,Minor,1.0
C:\Users\user\Downloads\CrisisMMD_v2.0\CrisisMMD_v2.0\data_image\hurricane_irma\19_9_2017\910217243514036224_0.jpg,severe_damage,Severe,0.6875
C:\Users\user\Downloads\CrisisMMD_v2.0\CrisisMMD_v2.0\data_image\hurricane_irma\19_9_2017\910217897057882119_0.jpg,severe_damage,Severe,1.0
C:\Users\user\Downloads\CrisisMMD_v2.0\CrisisMMD_v2.0\data_image\hurricane_irma\19_9_2017\910218202336161792_0.jpg,severe_damage,Severe,0.6867
C:\Users\user\Downloads\CrisisMMD_v2.0\CrisisMMD_v2.0\data_image\hurricane_irma\19_9_2017\910218229397602304_0.jpg,severe_damage,Severe,0.6798
C:\Users\user\Downloads\CrisisMMD_v2.0\CrisisMMD_v2.0\data_image\hurricane_irma\19_9_2017\910218504380538881_0.jpg,little_or_no_damage,Minor,1.0
C:\Users\user\Downloads\CrisisMMD_v2.0\CrisisMMD_v2.0\data_image\hurricane_irma\19_9_2017\910219452481966081_0.jpg,mild_damage,Moderate,0.6875
C:\Users\user\Downloads\CrisisMMD_v2.0\CrisisMMD_v2.0\data_image\hurricane_irma\19_9_2017\910220699658342402_0.jpg,mild_damage,Moderate,0.6399
C:\Users\user\Downloads\CrisisMMD_v2.0\CrisisMMD_v2.0\data_image\hurricane_irma\19_9_2017\910222023263084544_0.jpg,severe_damage,Severe,0.6605
C:\Users\user\Downloads\CrisisMMD_v2.0\CrisisMMD_v2.0\data_image\hurricane_irma\19_9_2017\910222049569673216_0.jpg,severe_damage,Severe,0.6944
C:\Users\user\Downloads\CrisisMMD_v2.0\CrisisMMD_v2.0\data_image\hurricane_irma\19_9_2017\910222253048156166_0.jpg,severe_damage,Severe,1.0
C:\Users\user\Downloads\CrisisMMD_v2.0\CrisisMMD_v2.0\data_image\hurricane_irma\19_9_2017\910224497789112320_0.jpg,little_or_no_damage,Minor,1.0
C:\Users\user\Downloads\CrisisMMD_v2.0\CrisisMMD_v2.0\data_image\hurricane_irma\19_9_2017\910225031699017734_0.jpg,severe_damage,Severe,1.0
C:\Users\user\Downloads\CrisisMMD_v2.0\CrisisMMD_v2.0\data_image\hurricane_irma\19_9_2017\910225185176997895_0.jpg,severe_damage,Severe,1.0
C:\Users\user\Downloads\CrisisMMD_v2.0\CrisisMMD_v2.0\data_image\hurricane_irma\19_9_2017\910225493877813249_0.jpg,little_or_no_damage,Minor,1.0
C:\Users\user\Downloads\CrisisMMD_v2.0\CrisisMMD_v2.0\data_image\hurricane_irma\19_9_2017\910225493877813249_1.jpg,little_or_no_damage,Minor,0.673
C:\Users\user\Downloads\CrisisMMD_v2.0\CrisisMMD_v2.0\data_image\hurricane_irma\19_9_2017\910225521685913600_0.jpg,severe_damage,Severe,1.0
C:\Users\user\Downloads\CrisisMMD_v2.0\CrisisMMD_v2.0\data_image\hurricane_irma\19_9_2017\910228258146353152_0.jpg,mild_damage,Moderate,0.6399
C:\Users\user\Downloads\CrisisMMD_v2.0\CrisisMMD_v2.0\data_image\hurricane_irma\19_9_2017\910233174663458818_0.jpg,mild_damage,Moderate,0.3443
C:\Users\user\Downloads\CrisisMMD_v2.0\CrisisMMD_v2.0\data_image\hurricane_irma\19_9_2017\910233327843643398_0.jpg,little_or_no_damage,Minor,1.0
C:\Users\user\Downloads\CrisisMMD_v2.0\CrisisMMD_v2.0\data_image\hurricane_irma\19_9_2017\910237584344752129_0.jpg,severe_damage,Severe,0.6563
C:\Users\user\Downloads\CrisisMMD_v2.0\CrisisMMD_v2.0\data_image\hurricane_irma\19_9_2017\910237972141891585_0.jpg,mild_damage,Moderate,1.0
C:\Users\user\Downloads\CrisisMMD_v2.0\CrisisMMD_v2.0\data_image\hurricane_irma\19_9_2017\910242368158277632_0.jpg,mild_damage,Moderate,0.3824
C:\Users\user\Downloads\CrisisMMD_v2.0\CrisisMMD_v2.0\data_image\hurricane_irma\19_9_2017\910242571556982784_0.jpg,little_or_no_damage,Minor,1.0
C:\Users\user\Downloads\CrisisMMD_v2.0\CrisisMMD_v2.0\data_image\hurricane_irma\19_9_2017\910243501232685056_0.jpg,mild_damage,Moderate,0.6774
C:\Users\user\Downloads\CrisisMMD_v2.0\CrisisMMD_v2.0\data_image\hurricane_irma\19_9_2017\910243544551628800_1.jpg,severe_damage,Severe,1.0
C:\Users\user\Downloads\CrisisMMD_v2.0\CrisisMMD_v2.0\data_image\hurricane_irma\19_9_2017\910243544551628800_2.jpg,severe_damage,Severe,1.0
C:\Users\user\Downloads\CrisisMMD_v2.0\CrisisMMD_v2.0\data_image\hurricane_irma\19_9_2017\910244526392008704_0.jpg,little_or_no_damage,Minor,0.6813
C:\Users\user\Downloads\CrisisMMD_v2.0\CrisisMMD_v2.0\data_image\hurricane_irma\19_9_2017\910244638212190208_0.jpg,severe_damage,Severe,0.3548
C:\Users\user\Downloads\CrisisMMD_v2.0\CrisisMMD_v2.0\data_image\hurricane_irma\19_9_2017\910246138564943872_0.jpg,mild_damage,Moderate,1.0
C:\Users\user\Downloads\CrisisMMD_v2.0\CrisisMMD_v2.0\data_image\hurricane_irma\19_9_2017\910246898497458180_0.jpg,severe_damage,Severe,1.0
C:\Users\user\Downloads\CrisisMMD_v2.0\CrisisMMD_v2.0\data_image\hurricane_irma\19_9_2017\910247140441632768_0.jpg,little_or_no_damage,Minor,0.3443
C:\Users\user\Downloads\CrisisMMD_v2.0\CrisisMMD_v2.0\data_image\hurricane_irma\19_9_2017\910247213900730368_0.jpg,mild_damage,Moderate,0.6176
C:\Users\user\Downloads\CrisisMMD_v2.0\CrisisMMD_v2.0\data_image\hurricane_irma\19_9_2017\910247377105297413_0.jpg,mild_damage,Moderate,0.6563
C:\Users\user\Downloads\CrisisMMD_v2.0\CrisisMMD_v2.0\data_image\hurricane_irma\19_9_2017\910251691693326337_0.jpg,mild_damage,Moderate,0.3761
C:\Users\user\Downloads\CrisisMMD_v2.0\CrisisMMD_v2.0\data_image\hurricane_irma\19_9_2017\910253973516435457_2.jpg,severe_damage,Severe,1.0
C:\Users\user\Downloads\CrisisMMD_v2.0\CrisisMMD_v2.0\data_image\hurricane_irma\19_9_2017\910255214946422784_0.jpg,mild_damage,Moderate,0.6765
C:\Users\user\Downloads\CrisisMMD_v2.0\CrisisMMD_v2.0\data_image\hurricane_irma\19_9_2017\910255847346987009_0.jpg,mild_damage,Moderate,0.6885
C:\Users\user\Downloads\CrisisMMD_v2.0\CrisisMMD_v2.0\data_image\hurricane_irma\19_9_2017\910256172950634497_0.jpg,severe_damage,Severe,0.6389
C:\Users\user\Downloads\CrisisMMD_v2.0\CrisisMMD_v2.0\data_image\hurricane_irma\19_9_2017\910256190201978881_0.jpg,severe_damage,Severe,1.0
C:\Users\user\Downloads\CrisisMMD_v2.0\CrisisMMD_v2.0\data_image\hurricane_irma\19_9_2017\910258479784431619_0.jpg,severe_damage,Severe,1.0
C:\Users\user\Downloads\CrisisMMD_v2.0\CrisisMMD_v2.0\data_image\hurricane_irma\19_9_2017\910259542763634688_1.jpg,mild_damage,Moderate,0.6462
C:\Users\user\Downloads\CrisisMMD_v2.0\CrisisMMD_v2.0\data_image\hurricane_irma\19_9_2017\910259646316900352_0.jpg,little_or_no_damage,Minor,0.6875
C:\Users\user\Downloads\CrisisMMD_v2.0\CrisisMMD_v2.0\data_image\hurricane_irma\19_9_2017\910260755131285504_0.jpg,little_or_no_damage,Minor,1.0
C:\Users\user\Downloads\CrisisMMD_v2.0\CrisisMMD_v2.0\data_image\hurricane_irma\19_9_2017\910260829324324864_0.jpg,little_or_no_damage,Minor,0.6389
C:\Users\user\Downloads\CrisisMMD_v2.0\CrisisMMD_v2.0\data_image\hurricane_irma\19_9_2017\910261122187583490_0.jpg,severe_damage,Severe,0.6765
C:\Users\user\Downloads\CrisisMMD_v2.0\CrisisMMD_v2.0\data_image\hurricane_irma\19_9_2017\910262796935450624_0.jpg,severe_damage,Severe,1.0
C:\Users\user\Downloads\CrisisMMD_v2.0\CrisisMMD_v2.0\data_image\hurricane_irma\19_9_2017\910266304476667906_0.jpg,little_or_no_damage,Minor,0.6388
C:\Users\user\Downloads\CrisisMMD_v2.0\CrisisMMD_v2.0\data_image\hurricane_irma\19_9_2017\910266304476667906_1.jpg,little_or_no_damage,Minor,1.0
C:\Users\user\Downloads\CrisisMMD_v2.0\CrisisMMD_v2.0\data_image\hurricane_irma\19_9_2017\910267006863241217_0.jpg,little_or_no_damage,Minor,1.0
C:\Users\user\Downloads\CrisisMMD_v2.0\CrisisMMD_v2.0\data_image\hurricane_irma\19_9_2017\910270036861886465_0.jpg,little_or_no_damage,Minor,0.3842
C:\Users\user\Downloads\CrisisMMD_v2.0\CrisisMMD_v2.0\data_image\hurricane_maria\20_10_2017\921356579261136896_0.jpg,severe_damage,Severe,1.0
C:\Users\user\Downloads\CrisisMMD_v2.0\CrisisMMD_v2.0\data_image\hurricane_maria\20_9_2017\910523398253461504_0.jpg,mild_damage,Moderate,0.5208
C:\Users\user\Downloads\CrisisMMD_v2.0\CrisisMMD_v2.0\data_image\hurricane_maria\20_9_2017\910523398253461504_1.jpg,mild_damage,Moderate,0.5124
C:\Users\user\Downloads\CrisisMMD_v2.0\CrisisMMD_v2.0\data_image\hurricane_maria\20_9_2017\910523398253461504_2.jpg,severe_damage,Severe,1.0
C:\Users\user\Downloads\CrisisMMD_v2.0\CrisisMMD_v2.0\data_image\hurricane_maria\20_9_2017\910523398253461504_3.jpg,severe_damage,Severe,0.6807
C:\Users\user\Downloads\CrisisMMD_v2.0\CrisisMMD_v2.0\data_image\hurricane_maria\20_9_2017\910523400384155648_0.jpg,severe_damage,Severe,1.0
C:\Users\user\Downloads\CrisisMMD_v2.0\CrisisMMD_v2.0\data_image\hurricane_maria\20_9_2017\910524110828171264_0.jpg,severe_damage,Severe,0.3709
C:\Users\user\Downloads\CrisisMMD_v2.0\CrisisMMD_v2.0\data_image\hurricane_maria\20_9_2017\910525461465321472_0.jpg,severe_damage,Severe,1.0
C:\Users\user\Downloads\CrisisMMD_v2.0\CrisisMMD_v2.0\data_image\hurricane_maria\20_9_2017\910525609025134594_0.jpg,severe_damage,Severe,0.6886
C:\Users\user\Downloads\CrisisMMD_v2.0\CrisisMMD_v2.0\data_image\hurricane_maria\20_9_2017\910525745973415938_0.jpg,severe_damage,Severe,0.6747
C:\Users\user\Downloads\CrisisMMD_v2.0\CrisisMMD_v2.0\data_image\hurricane_maria\20_9_2017\910532027107172353_0.jpg,severe_damage,Severe,0.5849
C:\Users\user\Downloads\CrisisMMD_v2.0\CrisisMMD_v2.0\data_image\hurricane_maria\20_9_2017\910532027107172353_1.jpg,severe_damage,Severe,0.3396
C:\Users\user\Downloads\CrisisMMD_v2.0\CrisisMMD_v2.0\data_image\hurricane_maria\20_9_2017\910532852911153152_0.jpg,mild_damage,Moderate,0.6077
C:\Users\user\Downloads\CrisisMMD_v2.0\CrisisMMD_v2.0\data_image\hurricane_maria\20_9_2017\910533136286650368_0.jpg,severe_damage,Severe,0.4141
C:\Users\user\Downloads\CrisisMMD_v2.0\CrisisMMD_v2.0\data_image\hurricane_maria\20_9_2017\910534109553979392_0.jpg,severe_damage,Severe,1.0
C:\Users\user\Downloads\CrisisMMD_v2.0\CrisisMMD_v2.0\data_image\hurricane_maria\20_9_2017\910534109553979392_1.jpg,severe_damage,Severe,1.0
C:\Users\user\Downloads\CrisisMMD_v2.0\CrisisMMD_v2.0\data_image\hurricane_maria\20_9_2017\910534109553979392_2.jpg,severe_damage,Severe,0.6585
C:\Users\user\Downloads\CrisisMMD_v2.0\CrisisMMD_v2.0\data_image\hurricane_maria\20_9_2017\910534109553979392_3.jpg,severe_damage,Severe,0.6716
C:\Users\user\Downloads\CrisisMMD_v2.0\CrisisMMD_v2.0\data_image\hurricane_maria\20_9_2017\910534114922647553_0.jpg,mild_damage,Moderate,0.6735
C:\Users\user\Downloads\CrisisMMD_v2.0\CrisisMMD_v2.0\data_image\hurricane_maria\20_9_2017\910534805565071361_0.jpg,little_or_no_damage,Minor,1.0
C:\Users\user\Downloads\CrisisMMD_v2.0\CrisisMMD_v2.0\data_image\hurricane_maria\20_9_2017\910534883126083586_0.jpg,mild_damage,Moderate,0.6505
C:\Users\user\Downloads\CrisisMMD_v2.0\CrisisMMD_v2.0\data_image\hurricane_maria\20_9_2017\910534972699811843_0.jpg,mild_damage,Moderate,0.3448
C:\Users\user\Downloads\CrisisMMD_v2.0\CrisisMMD_v2.0\data_image\hurricane_maria\20_9_2017\910538720117391360_0.jpg,mild_damage,Moderate,1.0
C:\Users\user\Downloads\CrisisMMD_v2.0\CrisisMMD_v2.0\data_image\hurricane_maria\20_9_2017\910538720117391360_1.jpg,mild_damage,Moderate,0.6077
C:\Users\user\Downloads\CrisisMMD_v2.0\CrisisMMD_v2.0\data_image\hurricane_maria\20_9_2017\910538720117391360_2.jpg,severe_damage,Severe,0.6972
C:\Users\user\Downloads\CrisisMMD_v2.0\CrisisMMD_v2.0\data_image\hurricane_maria\20_9_2017\910538720117391360_3.jpg,mild_damage,Moderate,0.3454
C:\Users\user\Downloads\CrisisMMD_v2.0\CrisisMMD_v2.0\data_image\hurricane_maria\20_9_2017\910540043126808577_0.jpg,severe_damage,Severe,1.0
C:\Users\user\Downloads\CrisisMMD_v2.0\CrisisMMD_v2.0\data_image\hurricane_maria\20_9_2017\910540043126808577_1.jpg,severe_damage,Severe,1.0
C:\Users\user\Downloads\CrisisMMD_v2.0\CrisisMMD_v2.0\data_image\hurricane_maria\20_9_2017\910540043126808577_2.jpg,severe_damage,Severe,0.6619
C:\Users\user\Downloads\CrisisMMD_v2.0\CrisisMMD_v2.0\data_image\hurricane_maria\20_9_2017\910542863150202886_0.jpg,mild_damage,Moderate,0.6169
C:\Users\user\Downloads\CrisisMMD_v2.0\CrisisMMD_v2.0\data_image\hurricane_maria\20_9_2017\910543811184660481_0.jpg,mild_damage,Moderate,0.509
C:\Users\user\Downloads\CrisisMMD_v2.0\CrisisMMD_v2.0\data_image\hurricane_maria\20_9_2017\910545522133528576_0.jpg,mild_damage,Moderate,0.6842
C:\Users\user\Downloads\CrisisMMD_v2.0\CrisisMMD_v2.0\data_image\hurricane_maria\20_9_2017\910545522133528576_1.jpg,severe_damage,Severe,0.6899
C:\Users\user\Downloads\CrisisMMD_v2.0\CrisisMMD_v2.0\data_image\hurricane_maria\20_9_2017\910545522133528576_2.jpg,severe_damage,Severe,0.658
C:\Users\user\Downloads\CrisisMMD_v2.0\CrisisMMD_v2.0\data_image\hurricane_maria\20_9_2017\910545522133528576_3.jpg,severe_damage,Severe,0.6716
C:\Users\user\Downloads\CrisisMMD_v2.0\CrisisMMD_v2.0\data_image\hurricane_maria\20_9_2017\910547919278919680_0.jpg,severe_damage,Severe,1.0
C:\Users\user\Downloads\CrisisMMD_v2.0\CrisisMMD_v2.0\data_image\hurricane_maria\20_9_2017\910549105151275008_1.jpg,severe_damage,Severe,0.685
C:\Users\user\Downloads\CrisisMMD_v2.0\CrisisMMD_v2.0\data_image\hurricane_maria\20_9_2017\910549146360311808_0.jpg,little_or_no_damage,Minor,0.4821
C:\Users\user\Downloads\CrisisMMD_v2.0\CrisisMMD_v2.0\data_image\hurricane_maria\20_9_2017\910550162027692033_0.jpg,severe_damage,Severe,0.6862
C:\Users\user\Downloads\CrisisMMD_v2.0\CrisisMMD_v2.0\data_image\hurricane_maria\20_9_2017\910550386557173761_0.jpg,mild_damage,Moderate,0.3709
C:\Users\user\Downloads\CrisisMMD_v2.0\CrisisMMD_v2.0\data_image\hurricane_maria\20_9_2017\910552318709567488_0.jpg,severe_damage,Severe,0.6184
C:\Users\user\Downloads\CrisisMMD_v2.0\CrisisMMD_v2.0\data_image\hurricane_maria\20_9_2017\910554324320714752_0.jpg,severe_damage,Severe,0.8039
C:\Users\user\Downloads\CrisisMMD_v2.0\CrisisMMD_v2.0\data_image\hurricane_maria\20_9_2017\910555135759278082_0.jpg,mild_damage,Moderate,0.6736
C:\Users\user\Downloads\CrisisMMD_v2.0\CrisisMMD_v2.0\data_image\hurricane_maria\20_9_2017\910558451067117568_3.jpg,mild_damage,Moderate,0.6552
C:\Users\user\Downloads\CrisisMMD_v2.0\CrisisMMD_v2.0\data_image\hurricane_maria\20_9_2017\910559723770040326_1.jpg,severe_damage,Severe,0.6768
C:\Users\user\Downloads\CrisisMMD_v2.0\CrisisMMD_v2.0\data_image\hurricane_maria\20_9_2017\910559806334881792_0.jpg,little_or_no_damage,Minor,0.6552
C:\Users\user\Downloads\CrisisMMD_v2.0\CrisisMMD_v2.0\data_image\hurricane_maria\20_9_2017\910566731273433091_0.jpg,little_or_no_damage,Minor,0.6206
C:\Users\user\Downloads\CrisisMMD_v2.0\CrisisMMD_v2.0\data_image\hurricane_maria\20_9_2017\910571114803363840_0.jpg,severe_damage,Severe,0.6972
C:\Users\user\Downloads\CrisisMMD_v2.0\CrisisMMD_v2.0\data_image\hurricane_maria\20_9_2017\910571114803363840_1.jpg,mild_damage,Moderate,0.7019
C:\Users\user\Downloads\CrisisMMD_v2.0\CrisisMMD_v2.0\data_image\hurricane_maria\20_9_2017\910571114803363840_2.jpg,severe_damage,Severe,0.6862
C:\Users\user\Downloads\CrisisMMD_v2.0\CrisisMMD_v2.0\data_image\hurricane_maria\20_9_2017\910572551071440896_0.jpg,mild_damage,Moderate,0.5737
C:\Users\user\Downloads\CrisisMMD_v2.0\CrisisMMD_v2.0\data_image\hurricane_maria\20_9_2017\910579334758445057_0.jpg,severe_damage,Severe,0.6716
C:\Users\user\Downloads\CrisisMMD_v2.0\CrisisMMD_v2.0\data_image\hurricane_maria\20_9_2017\910579624857522176_0.jpg,severe_damage,Severe,1.0
C:\Users\user\Downloads\CrisisMMD_v2.0\CrisisMMD_v2.0\data_image\hurricane_maria\20_9_2017\910580360777416704_0.jpg,severe_damage,Severe,0.6862
C:\Users\user\Downloads\CrisisMMD_v2.0\CrisisMMD_v2.0\data_image\hurricane_maria\20_9_2017\910582078470852608_0.jpg,mild_damage,Moderate,0.3577
C:\Users\user\Downloads\CrisisMMD_v2.0\CrisisMMD_v2.0\data_image\hurricane_maria\20_9_2017\910584414496743424_0.jpg,severe_damage,Severe,0.3993
C:\Users\user\Downloads\CrisisMMD_v2.0\CrisisMMD_v2.0\data_image\hurricane_maria\20_9_2017\910585595629527041_0.jpg,mild_damage,Moderate,0.6777
C:\Users\user\Downloads\CrisisMMD_v2.0\CrisisMMD_v2.0\data_image\hurricane_maria\20_9_2017\910586721246486528_0.jpg,mild_damage,Moderate,0.6337
C:\Users\user\Downloads\CrisisMMD_v2.0\CrisisMMD_v2.0\data_image\hurricane_maria\20_9_2017\910587509964464128_0.jpg,severe_damage,Severe,0.8377
C:\Users\user\Downloads\CrisisMMD_v2.0\CrisisMMD_v2.0\data_image\hurricane_maria\20_9_2017\910608268799516672_0.jpg,severe_damage,Severe,1.0
C:\Users\user\Downloads\CrisisMMD_v2.0\CrisisMMD_v2.0\data_image\hurricane_maria\20_9_2017\910608639186100224_0.jpg,severe_damage,Severe,0.6862
C:\Users\user\Downloads\CrisisMMD_v2.0\CrisisMMD_v2.0\data_image\hurricane_maria\20_9_2017\910608837693947904_0.jpg,severe_damage,Severe,0.6972
C:\Users\user\Downloads\CrisisMMD_v2.0\CrisisMMD_v2.0\data_image\hurricane_maria\20_9_2017\910614037884522496_0.jpg,severe_damage,Severe,1.0
C:\Users\user\Downloads\CrisisMMD_v2.0\CrisisMMD_v2.0\data_image\hurricane_maria\20_9_2017\910614549744758784_0.jpg,severe_damage,Severe,1.0
C:\Users\user\Downloads\CrisisMMD_v2.0\CrisisMMD_v2.0\data_image\hurricane_maria\20_9_2017\910614554131955712_0.jpg,severe_damage,Severe,0.6773
C:\Users\user\Downloads\CrisisMMD_v2.0\CrisisMMD_v2.0\data_image\hurricane_maria\20_9_2017\910616039121084421_0.jpg,severe_damage,Severe,0.6604
C:\Users\user\Downloads\CrisisMMD_v2.0\CrisisMMD_v2.0\data_image\hurricane_maria\20_9_2017\910616474959716353_0.jpg,severe_damage,Severe,0.6283
C:\Users\user\Downloads\CrisisMMD_v2.0\CrisisMMD_v2.0\data_image\hurricane_maria\20_9_2017\910616491799834628_0.jpg,mild_damage,Moderate,1.0
C:\Users\user\Downloads\CrisisMMD_v2.0\CrisisMMD_v2.0\data_image\hurricane_maria\20_9_2017\910617882681397249_0.jpg,severe_damage,Severe,0.8377
C:\Users\user\Downloads\CrisisMMD_v2.0\CrisisMMD_v2.0\data_image\hurricane_maria\20_9_2017\910618362631225344_0.jpg,mild_damage,Moderate,1.0
C:\Users\user\Downloads\CrisisMMD_v2.0\CrisisMMD_v2.0\data_image\hurricane_maria\20_9_2017\910618892904546304_0.jpg,mild_damage,Moderate,0.6807
C:\Users\user\Downloads\CrisisMMD_v2.0\CrisisMMD_v2.0\data_image\hurricane_maria\20_9_2017\910619516979306496_0.jpg,severe_damage,Severe,0.3448
C:\Users\user\Downloads\CrisisMMD_v2.0\CrisisMMD_v2.0\data_image\hurricane_maria\20_9_2017\910620295521882112_0.jpg,mild_damage,Moderate,1.0
C:\Users\user\Downloads\CrisisMMD_v2.0\CrisisMMD_v2.0\data_image\hurricane_maria\20_9_2017\910624383978192898_0.jpg,mild_damage,Moderate,0.6842
C:\Users\user\Downloads\CrisisMMD_v2.0\CrisisMMD_v2.0\data_image\hurricane_maria\20_9_2017\910624619727654913_0.jpg,severe_damage,Severe,0.6647
C:\Users\user\Downloads\CrisisMMD_v2.0\CrisisMMD_v2.0\data_image\hurricane_maria\20_9_2017\910625419161780224_0.jpg,mild_damage,Moderate,0.3927
C:\Users\user\Downloads\CrisisMMD_v2.0\CrisisMMD_v2.0\data_image\hurricane_maria\20_9_2017\910627521732972544_0.jpg,little_or_no_damage,Minor,0.6191
C:\Users\user\Downloads\CrisisMMD_v2.0\CrisisMMD_v2.0\data_image\hurricane_maria\20_9_2017\910628198307819522_0.jpg,little_or_no_damage,Minor,0.6647
C:\Users\user\Downloads\CrisisMMD_v2.0\CrisisMMD_v2.0\data_image\hurricane_maria\20_9_2017\910636264419942400_0.jpg,severe_damage,Severe,1.0
C:\Users\user\Downloads\CrisisMMD_v2.0\CrisisMMD_v2.0\data_image\hurricane_maria\20_9_2017\910638491704295425_0.jpg,severe_damage,Severe,1.0
C:\Users\user\Downloads\CrisisMMD_v2.0\CrisisMMD_v2.0\data_image\hurricane_maria\20_9_2017\910639249283829760_0.jpg,mild_damage,Moderate,1.0
C:\Users\user\Downloads\CrisisMMD_v2.0\CrisisMMD_v2.0\data_image\hurricane_maria\20_9_2017\910639429664026624_0.jpg,severe_damage,Severe,0.6775
C:\Users\user\Downloads\CrisisMMD_v2.0\CrisisMMD_v2.0\data_image\hurricane_maria\20_9_2017\910639429664026624_1.jpg,little_or_no_damage,Minor,0.3396
C:\Users\user\Downloads\CrisisMMD_v2.0\CrisisMMD_v2.0\data_image\hurricane_maria\20_9_2017\910639429664026624_2.jpg,severe_damage,Severe,1.0
C:\Users\user\Downloads\CrisisMMD_v2.0\CrisisMMD_v2.0\data_image\hurricane_maria\20_9_2017\910640312241995779_0.jpg,severe_damage,Severe,0.643
C:\Users\user\Downloads\CrisisMMD_v2.0\CrisisMMD_v2.0\data_image\hurricane_maria\20_9_2017\910643329511170049_0.jpg,severe_damage,Severe,1.0
C:\Users\user\Downloads\CrisisMMD_v2.0\CrisisMMD_v2.0\data_image\hurricane_maria\20_9_2017\910644212517019648_0.jpg,severe_damage,Severe,0.6777
C:\Users\user\Downloads\CrisisMMD_v2.0\CrisisMMD_v2.0\data_image\hurricane_maria\20_9_2017\910645772181397507_0.jpg,mild_damage,Moderate,0.3852
C:\Users\user\Downloads\CrisisMMD_v2.0\CrisisMMD_v2.0\data_image\hurricane_maria\20_9_2017\910645943678021632_0.jpg,mild_damage,Moderate,0.3621
C:\Users\user\Downloads\CrisisMMD_v2.0\CrisisMMD_v2.0\data_image\hurricane_maria\20_9_2017\910647323260342272_0.jpg,little_or_no_damage,Minor,1.0
C:\Users\user\Downloads\CrisisMMD_v2.0\CrisisMMD_v2.0\data_image\hurricane_maria\20_9_2017\910652747925610496_0.jpg,severe_damage,Severe,0.7056
C:\Users\user\Downloads\CrisisMMD_v2.0\CrisisMMD_v2.0\data_image\hurricane_maria\21_9_2017\910655381247950848_0.jpg,mild_damage,Moderate,0.6916
C:\Users\user\Downloads\CrisisMMD_v2.0\CrisisMMD_v2.0\data_image\hurricane_maria\21_9_2017\910657158290853888_0.jpg,severe_damage,Severe,0.6807
C:\Users\user\Downloads\CrisisMMD_v2.0\CrisisMMD_v2.0\data_image\hurricane_maria\21_9_2017\910670814847967233_0.jpg,mild_damage,Moderate,0.342
C:\Users\user\Downloads\CrisisMMD_v2.0\CrisisMMD_v2.0\data_image\hurricane_maria\21_9_2017\910683071141294080_0.jpg,severe_damage,Severe,0.7355
C:\Users\user\Downloads\CrisisMMD_v2.0\CrisisMMD_v2.0\data_image\hurricane_maria\21_9_2017\910687961712381953_0.jpg,severe_damage,Severe,0.6491
C:\Users\user\Downloads\CrisisMMD_v2.0\CrisisMMD_v2.0\data_image\hurricane_maria\21_9_2017\910696177204645889_0.jpg,severe_damage,Severe,0.6807
C:\Users\user\Downloads\CrisisMMD_v2.0\CrisisMMD_v2.0\data_image\hurricane_maria\21_9_2017\910699932704796672_0.jpg,little_or_no_damage,Minor,0.6337
C:\Users\user\Downloads\CrisisMMD_v2.0\CrisisMMD_v2.0\data_image\hurricane_maria\21_9_2017\910704791550136320_0.jpg,little_or_no_damage,Minor,1.0
C:\Users\user\Downloads\CrisisMMD_v2.0\CrisisMMD_v2.0\data_image\hurricane_maria\21_9_2017\910704791550136320_1.jpg,little_or_no_damage,Minor,0.5102
C:\Users\user\Downloads\CrisisMMD_v2.0\CrisisMMD_v2.0\data_image\hurricane_maria\21_9_2017\910705506515173376_0.jpg,severe_damage,Severe,1.0
C:\Users\user\Downloads\CrisisMMD_v2.0\CrisisMMD_v2.0\data_image\hurricane_maria\21_9_2017\910713192870961152_0.jpg,severe_damage,Severe,1.0
C:\Users\user\Downloads\CrisisMMD_v2.0\CrisisMMD_v2.0\data_image\hurricane_maria\21_9_2017\910726543541972992_0.jpg,mild_damage,Moderate,1.0
C:\Users\user\Downloads\CrisisMMD_v2.0\CrisisMMD_v2.0\data_image\hurricane_maria\21_9_2017\910739972440944640_0.jpg,severe_damage,Severe,1.0
C:\Users\user\Downloads\CrisisMMD_v2.0\CrisisMMD_v2.0\data_image\hurricane_maria\21_9_2017\910743734459015168_0.jpg,severe_damage,Severe,1.0
C:\Users\user\Downloads\CrisisMMD_v2.0\CrisisMMD_v2.0\data_image\hurricane_maria\21_9_2017\910763300186505216_0.jpg,little_or_no_damage,Minor,1.0
C:\Users\user\Downloads\CrisisMMD_v2.0\CrisisMMD_v2.0\data_image\hurricane_maria\21_9_2017\910772080907554816_0.jpg,severe_damage,Severe,0.345
C:\Users\user\Downloads\CrisisMMD_v2.0\CrisisMMD_v2.0\data_image\hurricane_maria\21_9_2017\910779239615598592_0.jpg,severe_damage,Severe,1.0
C:\Users\user\Downloads\CrisisMMD_v2.0\CrisisMMD_v2.0\data_image\hurricane_maria\21_9_2017\910782807324057600_0.jpg,mild_damage,Moderate,0.6807
C:\Users\user\Downloads\CrisisMMD_v2.0\CrisisMMD_v2.0\data_image\hurricane_maria\21_9_2017\910783579751419904_0.jpg,severe_damage,Severe,1.0
C:\Users\user\Downloads\CrisisMMD_v2.0\CrisisMMD_v2.0\data_image\hurricane_maria\21_9_2017\910785253580648448_0.jpg,severe_damage,Severe,0.6972
C:\Users\user\Downloads\CrisisMMD_v2.0\CrisisMMD_v2.0\data_image\hurricane_maria\21_9_2017\910785253580648448_1.jpg,severe_damage,Severe,0.6073
C:\Users\user\Downloads\CrisisMMD_v2.0\CrisisMMD_v2.0\data_image\hurricane_maria\21_9_2017\910785253580648448_2.jpg,severe_damage,Severe,0.6619
C:\Users\user\Downloads\CrisisMMD_v2.0\CrisisMMD_v2.0\data_image\hurricane_maria\21_9_2017\910785253580648448_3.jpg,severe_damage,Severe,0.5737
C:\Users\user\Downloads\CrisisMMD_v2.0\CrisisMMD_v2.0\data_image\hurricane_maria\21_9_2017\910785863197626368_0.jpg,mild_damage,Moderate,0.5737
C:\Users\user\Downloads\CrisisMMD_v2.0\CrisisMMD_v2.0\data_image\hurricane_maria\21_9_2017\910787808725528577_0.jpg,mild_damage,Moderate,0.52
C:\Users\user\Downloads\CrisisMMD_v2.0\CrisisMMD_v2.0\data_image\hurricane_maria\21_9_2017\910790788316938241_0.jpg,severe_damage,Severe,0.491
C:\Users\user\Downloads\CrisisMMD_v2.0\CrisisMMD_v2.0\data_image\hurricane_maria\21_9_2017\910792584154554369_0.jpg,severe_damage,Severe,0.8039
C:\Users\user\Downloads\CrisisMMD_v2.0\CrisisMMD_v2.0\data_image\hurricane_maria\21_9_2017\910794095273984000_0.jpg,severe_damage,Severe,0.3709
C:\Users\user\Downloads\CrisisMMD_v2.0\CrisisMMD_v2.0\data_image\hurricane_maria\21_9_2017\910806102391918592_0.jpg,mild_damage,Moderate,0.6552
C:\Users\user\Downloads\CrisisMMD_v2.0\CrisisMMD_v2.0\data_image\hurricane_maria\21_9_2017\910807137202393089_0.jpg,severe_damage,Severe,0.6831
C:\Users\user\Downloads\CrisisMMD_v2.0\CrisisMMD_v2.0\data_image\hurricane_maria\21_9_2017\910809582561198080_0.jpg,severe_damage,Severe,1.0
C:\Users\user\Downloads\CrisisMMD_v2.0\CrisisMMD_v2.0\data_image\hurricane_maria\21_9_2017\910813502385868800_0.jpg,mild_damage,Moderate,0.5117
C:\Users\user\Downloads\CrisisMMD_v2.0\CrisisMMD_v2.0\data_image\hurricane_maria\23_9_2017\911486875201937408_0.jpg,severe_damage,Severe,1.0
C:\Users\user\Downloads\CrisisMMD_v2.0\CrisisMMD_v2.0\data_image\hurricane_maria\23_9_2017\911492890077122560_0.jpg,mild_damage,Moderate,0.6829
C:\Users\user\Downloads\CrisisMMD_v2.0\CrisisMMD_v2.0\data_image\hurricane_maria\23_9_2017\911502698310246400_2.jpg,mild_damage,Moderate,0.6337
C:\Users\user\Downloads\CrisisMMD_v2.0\CrisisMMD_v2.0\data_image\hurricane_maria\23_9_2017\911512328755122178_0.jpg,severe_damage,Severe,0.6447
C:\Users\user\Downloads\CrisisMMD_v2.0\CrisisMMD_v2.0\data_image\hurricane_maria\23_9_2017\911513668164177920_0.jpg,severe_damage,Severe,1.0
C:\Users\user\Downloads\CrisisMMD_v2.0\CrisisMMD_v2.0\data_image\hurricane_maria\23_9_2017\911524172664360961_0.jpg,severe_damage,Severe,0.6675
C:\Users\user\Downloads\CrisisMMD_v2.0\CrisisMMD_v2.0\data_image\hurricane_maria\23_9_2017\911530140546375680_0.jpg,severe_damage,Severe,1.0
C:\Users\user\Downloads\CrisisMMD_v2.0\CrisisMMD_v2.0\data_image\hurricane_maria\23_9_2017\911540012243591168_0.jpg,severe_damage,Severe,1.0
C:\Users\user\Downloads\CrisisMMD_v2.0\CrisisMMD_v2.0\data_image\hurricane_maria\23_9_2017\911546468791709697_0.jpg,mild_damage,Moderate,0.7656
C:\Users\user\Downloads\CrisisMMD_v2.0\CrisisMMD_v2.0\data_image\hurricane_maria\23_9_2017\911546967473442816_0.jpg,mild_damage,Moderate,0.6529
C:\Users\user\Downloads\CrisisMMD_v2.0\CrisisMMD_v2.0\data_image\hurricane_maria\23_9_2017\911551093083131905_0.jpg,severe_damage,Severe,1.0
C:\Users\user\Downloads\CrisisMMD_v2.0\CrisisMMD_v2.0\data_image\hurricane_maria\23_9_2017\911551604196872192_0.jpg,severe_damage,Severe,0.6736
C:\Users\user\Downloads\CrisisMMD_v2.0\CrisisMMD_v2.0\data_image\hurricane_maria\23_9_2017\911553527306178561_0.jpg,severe_damage,Severe,1.0
C:\Users\user\Downloads\CrisisMMD_v2.0\CrisisMMD_v2.0\data_image\hurricane_maria\23_9_2017\911554774008500224_0.jpg,severe_damage,Severe,1.0
C:\Users\user\Downloads\CrisisMMD_v2.0\CrisisMMD_v2.0\data_image\hurricane_maria\23_9_2017\911558544780152832_0.jpg,severe_damage,Severe,0.7015
C:\Users\user\Downloads\CrisisMMD_v2.0\CrisisMMD_v2.0\data_image\hurricane_maria\23_9_2017\911558544780152832_1.jpg,severe_damage,Severe,1.0
C:\Users\user\Downloads\CrisisMMD_v2.0\CrisisMMD_v2.0\data_image\hurricane_maria\23_9_2017\911558845834629120_0.jpg,severe_damage,Severe,0.6703
C:\Users\user\Downloads\CrisisMMD_v2.0\CrisisMMD_v2.0\data_image\hurricane_maria\23_9_2017\911561478536404992_1.jpg,severe_damage,Severe,0.4058
C:\Users\user\Downloads\CrisisMMD_v2.0\CrisisMMD_v2.0\data_image\hurricane_maria\23_9_2017\911561790168948736_0.jpg,severe_damage,Severe,1.0
C:\Users\user\Downloads\CrisisMMD_v2.0\CrisisMMD_v2.0\data_image\hurricane_maria\23_9_2017\911567186719801344_0.jpg,little_or_no_damage,Minor,0.6452
C:\Users\user\Downloads\CrisisMMD_v2.0\CrisisMMD_v2.0\data_image\hurricane_maria\23_9_2017\911573682044125185_0.jpg,severe_damage,Severe,0.6547
C:\Users\user\Downloads\CrisisMMD_v2.0\CrisisMMD_v2.0\data_image\hurricane_maria\23_9_2017\911574331758665728_0.jpg,severe_damage,Severe,0.6571
C:\Users\user\Downloads\CrisisMMD_v2.0\CrisisMMD_v2.0\data_image\hurricane_maria\23_9_2017\911575707024859136_0.jpg,severe_damage,Severe,0.6954
C:\Users\user\Downloads\CrisisMMD_v2.0\CrisisMMD_v2.0\data_image\hurricane_maria\23_9_2017\911575707024859136_1.jpg,severe_damage,Severe,0.692
C:\Users\user\Downloads\CrisisMMD_v2.0\CrisisMMD_v2.0\data_image\hurricane_maria\23_9_2017\911575707024859136_2.jpg,severe_damage,Severe,0.6724
C:\Users\user\Downloads\CrisisMMD_v2.0\CrisisMMD_v2.0\data_image\hurricane_maria\23_9_2017\911575707024859136_3.jpg,severe_damage,Severe,0.6774
C:\Users\user\Downloads\CrisisMMD_v2.0\CrisisMMD_v2.0\data_image\hurricane_maria\23_9_2017\911580776759742464_0.jpg,severe_damage,Severe,0.6678
C:\Users\user\Downloads\CrisisMMD_v2.0\CrisisMMD_v2.0\data_image\hurricane_maria\23_9_2017\911584878172540929_0.jpg,mild_damage,Moderate,0.6551
C:\Users\user\Downloads\CrisisMMD_v2.0\CrisisMMD_v2.0\data_image\hurricane_maria\23_9_2017\911584878172540929_1.jpg,severe_damage,Severe,0.6768
C:\Users\user\Downloads\CrisisMMD_v2.0\CrisisMMD_v2.0\data_image\hurricane_maria\23_9_2017\911584945470099456_0.jpg,little_or_no_damage,Minor,0.6585
C:\Users\user\Downloads\CrisisMMD_v2.0\CrisisMMD_v2.0\data_image\hurricane_maria\23_9_2017\911588822768586753_0.jpg,mild_damage,Moderate,0.6489
C:\Users\user\Downloads\CrisisMMD_v2.0\CrisisMMD_v2.0\data_image\hurricane_maria\23_9_2017\911592358579449857_0.jpg,severe_damage,Severe,0.6895
C:\Users\user\Downloads\CrisisMMD_v2.0\CrisisMMD_v2.0\data_image\hurricane_maria\23_9_2017\911602843882098688_0.jpg,severe_damage,Severe,0.6372
C:\Users\user\Downloads\CrisisMMD_v2.0\CrisisMMD_v2.0\data_image\hurricane_maria\23_9_2017\911615425099608064_0.jpg,severe_damage,Severe,1.0
C:\Users\user\Downloads\CrisisMMD_v2.0\CrisisMMD_v2.0\data_image\hurricane_maria\23_9_2017\911619664597405697_0.jpg,severe_damage,Severe,1.0
C:\Users\user\Downloads\CrisisMMD_v2.0\CrisisMMD_v2.0\data_image\hurricane_maria\23_9_2017\911620457039781889_0.jpg,severe_damage,Severe,1.0
C:\Users\user\Downloads\CrisisMMD_v2.0\CrisisMMD_v2.0\data_image\hurricane_maria\23_9_2017\911623411117334528_0.jpg,severe_damage,Severe,1.0
C:\Users\user\Downloads\CrisisMMD_v2.0\CrisisMMD_v2.0\data_image\hurricane_maria\23_9_2017\911634445035278337_0.jpg,mild_damage,Moderate,1.0
C:\Users\user\Downloads\CrisisMMD_v2.0\CrisisMMD_v2.0\data_image\hurricane_maria\23_9_2017\911644108523032577_0.jpg,severe_damage,Severe,0.6917
C:\Users\user\Downloads\CrisisMMD_v2.0\CrisisMMD_v2.0\data_image\hurricane_maria\23_9_2017\911644108523032577_1.jpg,severe_damage,Severe,1.0
C:\Users\user\Downloads\CrisisMMD_v2.0\CrisisMMD_v2.0\data_image\hurricane_maria\23_9_2017\911644108523032577_2.jpg,severe_damage,Severe,1.0
C:\Users\user\Downloads\CrisisMMD_v2.0\CrisisMMD_v2.0\data_image\hurricane_maria\23_9_2017\911644108523032577_3.jpg,severe_damage,Severe,1.0
C:\Users\user\Downloads\CrisisMMD_v2.0\CrisisMMD_v2.0\data_image\hurricane_maria\23_9_2017\911646271173222401_0.jpg,severe_damage,Severe,0.6256
C:\Users\user\Downloads\CrisisMMD_v2.0\CrisisMMD_v2.0\data_image\hurricane_maria\23_9_2017\911646715073171456_0.jpg,little_or_no_damage,Minor,0.3484
C:\Users\user\Downloads\CrisisMMD_v2.0\CrisisMMD_v2.0\data_image\hurricane_maria\23_9_2017\911650692368158721_0.jpg,severe_damage,Severe,0.6569
C:\Users\user\Downloads\CrisisMMD_v2.0\CrisisMMD_v2.0\data_image\hurricane_maria\23_9_2017\911650692368158721_1.jpg,mild_damage,Moderate,0.7101
C:\Users\user\Downloads\CrisisMMD_v2.0\CrisisMMD_v2.0\data_image\hurricane_maria\23_9_2017\911650692368158721_2.jpg,severe_damage,Severe,0.3546
C:\Users\user\Downloads\CrisisMMD_v2.0\CrisisMMD_v2.0\data_image\hurricane_maria\23_9_2017\911650692368158721_3.jpg,mild_damage,Moderate,0.3524
C:\Users\user\Downloads\CrisisMMD_v2.0\CrisisMMD_v2.0\data_image\hurricane_maria\23_9_2017\911655561237843970_0.jpg,severe_damage,Severe,0.7056
C:\Users\user\Downloads\CrisisMMD_v2.0\CrisisMMD_v2.0\data_image\hurricane_maria\23_9_2017\911655568779235329_0.jpg,severe_damage,Severe,0.6338
C:\Users\user\Downloads\CrisisMMD_v2.0\CrisisMMD_v2.0\data_image\hurricane_maria\23_9_2017\911659974064873472_0.jpg,severe_damage,Severe,0.6962
C:\Users\user\Downloads\CrisisMMD_v2.0\CrisisMMD_v2.0\data_image\hurricane_maria\23_9_2017\911663593019498496_0.jpg,mild_damage,Moderate,1.0
C:\Users\user\Downloads\CrisisMMD_v2.0\CrisisMMD_v2.0\data_image\hurricane_maria\23_9_2017\911663593019498496_1.jpg,severe_damage,Severe,1.0
C:\Users\user\Downloads\CrisisMMD_v2.0\CrisisMMD_v2.0\data_image\hurricane_maria\23_9_2017\911663593019498496_2.jpg,severe_damage,Severe,0.7056
C:\Users\user\Downloads\CrisisMMD_v2.0\CrisisMMD_v2.0\data_image\hurricane_maria\23_9_2017\911663593019498496_3.jpg,mild_damage,Moderate,0.6935
C:\Users\user\Downloads\CrisisMMD_v2.0\CrisisMMD_v2.0\data_image\hurricane_maria\23_9_2017\911665589978112001_0.jpg,severe_damage,Severe,0.8003
C:\Users\user\Downloads\CrisisMMD_v2.0\CrisisMMD_v2.0\data_image\hurricane_maria\23_9_2017\911666490734268416_0.jpg,severe_damage,Severe,0.3366
C:\Users\user\Downloads\CrisisMMD_v2.0\CrisisMMD_v2.0\data_image\hurricane_maria\23_9_2017\911667821586915329_0.jpg,severe_damage,Severe,0.6733
C:\Users\user\Downloads\CrisisMMD_v2.0\CrisisMMD_v2.0\data_image\hurricane_maria\23_9_2017\911671137511276547_0.jpg,severe_damage,Severe,0.6821
C:\Users\user\Downloads\CrisisMMD_v2.0\CrisisMMD_v2.0\data_image\hurricane_maria\23_9_2017\911677412714393600_0.jpg,severe_damage,Severe,0.4141
C:\Users\user\Downloads\CrisisMMD_v2.0\CrisisMMD_v2.0\data_image\hurricane_maria\23_9_2017\911689240291004416_0.jpg,severe_damage,Severe,0.6904
C:\Users\user\Downloads\CrisisMMD_v2.0\CrisisMMD_v2.0\data_image\hurricane_maria\23_9_2017\911697611089956864_0.jpg,severe_damage,Severe,0.7019
C:\Users\user\Downloads\CrisisMMD_v2.0\CrisisMMD_v2.0\data_image\hurricane_maria\23_9_2017\911705355700310016_0.jpg,mild_damage,Moderate,0.6753
C:\Users\user\Downloads\CrisisMMD_v2.0\CrisisMMD_v2.0\data_image\hurricane_maria\23_9_2017\911706992812679168_0.jpg,severe_damage,Severe,0.6569
C:\Users\user\Downloads\CrisisMMD_v2.0\CrisisMMD_v2.0\data_image\hurricane_maria\23_9_2017\911711789246693377_0.jpg,little_or_no_damage,Minor,0.3384
C:\Users\user\Downloads\CrisisMMD_v2.0\CrisisMMD_v2.0\data_image\hurricane_maria\23_9_2017\911712278516551681_0.jpg,severe_damage,Severe,0.6681
C:\Users\user\Downloads\CrisisMMD_v2.0\CrisisMMD_v2.0\data_image\hurricane_maria\23_9_2017\911712278516551681_1.jpg,mild_damage,Moderate,0.6784
C:\Users\user\Downloads\CrisisMMD_v2.0\CrisisMMD_v2.0\data_image\hurricane_maria\23_9_2017\911712278516551681_2.jpg,mild_damage,Moderate,0.674
C:\Users\user\Downloads\CrisisMMD_v2.0\CrisisMMD_v2.0\data_image\hurricane_maria\23_9_2017\911712278516551681_3.jpg,severe_damage,Severe,1.0
C:\Users\user\Downloads\CrisisMMD_v2.0\CrisisMMD_v2.0\data_image\hurricane_maria\23_9_2017\911718588360175616_0.jpg,severe_damage,Severe,1.0
C:\Users\user\Downloads\CrisisMMD_v2.0\CrisisMMD_v2.0\data_image\hurricane_maria\23_9_2017\911724389238022144_0.jpg,mild_damage,Moderate,1.0
C:\Users\user\Downloads\CrisisMMD_v2.0\CrisisMMD_v2.0\data_image\hurricane_maria\23_9_2017\911729595207917568_0.jpg,mild_damage,Moderate,0.3496
C:\Users\user\Downloads\CrisisMMD_v2.0\CrisisMMD_v2.0\data_image\hurricane_maria\23_9_2017\911729811877449729_0.jpg,severe_damage,Severe,1.0
C:\Users\user\Downloads\CrisisMMD_v2.0\CrisisMMD_v2.0\data_image\hurricane_maria\24_9_2017\911742118787469312_0.jpg,mild_damage,Moderate,1.0
C:\Users\user\Downloads\CrisisMMD_v2.0\CrisisMMD_v2.0\data_image\hurricane_maria\24_9_2017\911746042634182656_0.jpg,severe_damage,Severe,1.0
C:\Users\user\Downloads\CrisisMMD_v2.0\CrisisMMD_v2.0\data_image\hurricane_maria\24_9_2017\911750147683450880_0.jpg,severe_damage,Severe,1.0
C:\Users\user\Downloads\CrisisMMD_v2.0\CrisisMMD_v2.0\data_image\hurricane_maria\24_9_2017\911750510419386368_0.jpg,severe_damage,Severe,0.704
C:\Users\user\Downloads\CrisisMMD_v2.0\CrisisMMD_v2.0\data_image\hurricane_maria\24_9_2017\911750614631243776_0.jpg,severe_damage,Severe,1.0
C:\Users\user\Downloads\CrisisMMD_v2.0\CrisisMMD_v2.0\data_image\hurricane_maria\24_9_2017\911750614631243776_1.jpg,severe_damage,Severe,0.6919
C:\Users\user\Downloads\CrisisMMD_v2.0\CrisisMMD_v2.0\data_image\hurricane_maria\24_9_2017\911750614631243776_2.jpg,severe_damage,Severe,1.0
C:\Users\user\Downloads\CrisisMMD_v2.0\CrisisMMD_v2.0\data_image\hurricane_maria\24_9_2017\911750614631243776_3.jpg,mild_damage,Moderate,0.6719
C:\Users\user\Downloads\CrisisMMD_v2.0\CrisisMMD_v2.0\data_image\hurricane_maria\24_9_2017\911753146757795842_2.jpg,severe_damage,Severe,0.6918
C:\Users\user\Downloads\CrisisMMD_v2.0\CrisisMMD_v2.0\data_image\hurricane_maria\24_9_2017\911770895726891008_0.jpg,mild_damage,Moderate,0.6629
C:\Users\user\Downloads\CrisisMMD_v2.0\CrisisMMD_v2.0\data_image\hurricane_maria\24_9_2017\911777134204637184_0.jpg,severe_damage,Severe,1.0
C:\Users\user\Downloads\CrisisMMD_v2.0\CrisisMMD_v2.0\data_image\hurricane_maria\24_9_2017\911784420734115840_0.jpg,severe_damage,Severe,0.66
C:\Users\user\Downloads\CrisisMMD_v2.0\CrisisMMD_v2.0\data_image\hurricane_maria\24_9_2017\911784420734115840_1.jpg,mild_damage,Moderate,0.6779
C:\Users\user\Downloads\CrisisMMD_v2.0\CrisisMMD_v2.0\data_image\hurricane_maria\24_9_2017\911784420734115840_2.jpg,mild_damage,Moderate,0.6629
C:\Users\user\Downloads\CrisisMMD_v2.0\CrisisMMD_v2.0\data_image\hurricane_maria\24_9_2017\911784420734115840_3.jpg,severe_damage,Severe,0.636
C:\Users\user\Downloads\CrisisMMD_v2.0\CrisisMMD_v2.0\data_image\hurricane_maria\24_9_2017\911784798162735104_1.jpg,severe_damage,Severe,0.3865
C:\Users\user\Downloads\CrisisMMD_v2.0\CrisisMMD_v2.0\data_image\hurricane_maria\24_9_2017\911786535321604096_0.jpg,severe_damage,Severe,1.0
C:\Users\user\Downloads\CrisisMMD_v2.0\CrisisMMD_v2.0\data_image\hurricane_maria\24_9_2017\911789292116217856_0.jpg,mild_damage,Moderate,0.6455
C:\Users\user\Downloads\CrisisMMD_v2.0\CrisisMMD_v2.0\data_image\hurricane_maria\24_9_2017\911818109123747846_0.jpg,mild_damage,Moderate,0.6884
C:\Users\user\Downloads\CrisisMMD_v2.0\CrisisMMD_v2.0\data_image\hurricane_maria\24_9_2017\911818109123747846_1.jpg,severe_damage,Severe,0.6782
C:\Users\user\Downloads\CrisisMMD_v2.0\CrisisMMD_v2.0\data_image\hurricane_maria\24_9_2017\911818109123747846_2.jpg,severe_damage,Severe,0.6533
C:\Users\user\Downloads\CrisisMMD_v2.0\CrisisMMD_v2.0\data_image\hurricane_maria\24_9_2017\911818109123747846_3.jpg,mild_damage,Moderate,0.6556
C:\Users\user\Downloads\CrisisMMD_v2.0\CrisisMMD_v2.0\data_image\hurricane_maria\24_9_2017\911820532022046723_0.jpg,severe_damage,Severe,1.0
C:\Users\user\Downloads\CrisisMMD_v2.0\CrisisMMD_v2.0\data_image\hurricane_maria\24_9_2017\911837730413441025_0.jpg,severe_damage,Severe,0.6724
C:\Users\user\Downloads\CrisisMMD_v2.0\CrisisMMD_v2.0\data_image\hurricane_maria\24_9_2017\911837730413441025_1.jpg,severe_damage,Severe,1.0
C:\Users\user\Downloads\CrisisMMD_v2.0\CrisisMMD_v2.0\data_image\hurricane_maria\24_9_2017\911837730413441025_2.jpg,mild_damage,Moderate,0.636
C:\Users\user\Downloads\CrisisMMD_v2.0\CrisisMMD_v2.0\data_image\hurricane_maria\24_9_2017\911837730413441025_3.jpg,severe_damage,Severe,1.0
C:\Users\user\Downloads\CrisisMMD_v2.0\CrisisMMD_v2.0\data_image\hurricane_maria\24_9_2017\911838871591276549_0.jpg,severe_damage,Severe,0.6803
C:\Users\user\Downloads\CrisisMMD_v2.0\CrisisMMD_v2.0\data_image\hurricane_maria\24_9_2017\911841953309917184_0.jpg,severe_damage,Severe,0.7735
C:\Users\user\Downloads\CrisisMMD_v2.0\CrisisMMD_v2.0\data_image\hurricane_maria\24_9_2017\911855222921859072_0.jpg,severe_damage,Severe,1.0
C:\Users\user\Downloads\CrisisMMD_v2.0\CrisisMMD_v2.0\data_image\hurricane_maria\24_9_2017\911869898703474689_0.jpg,severe_damage,Severe,1.0
C:\Users\user\Downloads\CrisisMMD_v2.0\CrisisMMD_v2.0\data_image\hurricane_maria\24_9_2017\911874137542578176_0.jpg,severe_damage,Severe,0.6063
C:\Users\user\Downloads\CrisisMMD_v2.0\CrisisMMD_v2.0\data_image\hurricane_maria\24_9_2017\911881820559544320_0.jpg,mild_damage,Moderate,0.6497
C:\Users\user\Downloads\CrisisMMD_v2.0\CrisisMMD_v2.0\data_image\hurricane_maria\24_9_2017\911881820559544320_1.jpg,mild_damage,Moderate,1.0
C:\Users\user\Downloads\CrisisMMD_v2.0\CrisisMMD_v2.0\data_image\hurricane_maria\24_9_2017\911881820559544320_3.jpg,little_or_no_damage,Minor,0.3744
C:\Users\user\Downloads\CrisisMMD_v2.0\CrisisMMD_v2.0\data_image\hurricane_maria\24_9_2017\911892515321733120_0.jpg,little_or_no_damage,Minor,0.6667
C:\Users\user\Downloads\CrisisMMD_v2.0\CrisisMMD_v2.0\data_image\hurricane_maria\24_9_2017\911892871430721536_0.jpg,severe_damage,Severe,1.0
C:\Users\user\Downloads\CrisisMMD_v2.0\CrisisMMD_v2.0\data_image\hurricane_maria\24_9_2017\911907090112798720_0.jpg,mild_damage,Moderate,0.6675
C:\Users\user\Downloads\CrisisMMD_v2.0\CrisisMMD_v2.0\data_image\hurricane_maria\24_9_2017\911913161703424001_0.jpg,severe_damage,Severe,0.6962
C:\Users\user\Downloads\CrisisMMD_v2.0\CrisisMMD_v2.0\data_image\hurricane_maria\24_9_2017\911921934027362304_0.jpg,severe_damage,Severe,1.0
C:\Users\user\Downloads\CrisisMMD_v2.0\CrisisMMD_v2.0\data_image\hurricane_maria\24_9_2017\911926937148211200_0.jpg,severe_damage,Severe,0.3538
C:\Users\user\Downloads\CrisisMMD_v2.0\CrisisMMD_v2.0\data_image\hurricane_maria\24_9_2017\911927354934611968_1.jpg,mild_damage,Moderate,1.0
C:\Users\user\Downloads\CrisisMMD_v2.0\CrisisMMD_v2.0\data_image\hurricane_maria\24_9_2017\911935529905684481_0.jpg,mild_damage,Moderate,0.6954
C:\Users\user\Downloads\CrisisMMD_v2.0\CrisisMMD_v2.0\data_image\hurricane_maria\24_9_2017\911939076974088193_0.jpg,mild_damage,Moderate,0.6738
C:\Users\user\Downloads\CrisisMMD_v2.0\CrisisMMD_v2.0\data_image\hurricane_maria\24_9_2017\911943558399090688_0.jpg,severe_damage,Severe,0.6842
C:\Users\user\Downloads\CrisisMMD_v2.0\CrisisMMD_v2.0\data_image\hurricane_maria\24_9_2017\911944150697807872_0.jpg,severe_damage,Severe,1.0
C:\Users\user\Downloads\CrisisMMD_v2.0\CrisisMMD_v2.0\data_image\hurricane_maria\24_9_2017\911944421507297280_0.jpg,mild_damage,Moderate,0.7031
C:\Users\user\Downloads\CrisisMMD_v2.0\CrisisMMD_v2.0\data_image\hurricane_maria\24_9_2017\911956417937944576_0.jpg,mild_damage,Moderate,0.6191
C:\Users\user\Downloads\CrisisMMD_v2.0\CrisisMMD_v2.0\data_image\hurricane_maria\24_9_2017\911965850198036480_0.jpg,severe_damage,Severe,0.405
C:\Users\user\Downloads\CrisisMMD_v2.0\CrisisMMD_v2.0\data_image\hurricane_maria\24_9_2017\911965850198036480_1.jpg,mild_damage,Moderate,0.6191
C:\Users\user\Downloads\CrisisMMD_v2.0\CrisisMMD_v2.0\data_image\hurricane_maria\24_9_2017\911965850198036480_2.jpg,severe_damage,Severe,1.0
C:\Users\user\Downloads\CrisisMMD_v2.0\CrisisMMD_v2.0\data_image\hurricane_maria\24_9_2017\911983010576306178_0.jpg,mild_damage,Moderate,0.6934
C:\Users\user\Downloads\CrisisMMD_v2.0\CrisisMMD_v2.0\data_image\hurricane_maria\24_9_2017\911984028630306816_2.jpg,severe_damage,Severe,0.3598
C:\Users\user\Downloads\CrisisMMD_v2.0\CrisisMMD_v2.0\data_image\hurricane_maria\24_9_2017\911984028630306816_3.jpg,severe_damage,Severe,0.3438
C:\Users\user\Downloads\CrisisMMD_v2.0\CrisisMMD_v2.0\data_image\hurricane_maria\24_9_2017\912013825863557121_0.jpg,severe_damage,Severe,1.0
C:\Users\user\Downloads\CrisisMMD_v2.0\CrisisMMD_v2.0\data_image\hurricane_maria\24_9_2017\912021033984626688_0.jpg,mild_damage,Moderate,0.6593
C:\Users\user\Downloads\CrisisMMD_v2.0\CrisisMMD_v2.0\data_image\hurricane_maria\24_9_2017\912021400734617600_0.jpg,mild_damage,Moderate,0.6992
C:\Users\user\Downloads\CrisisMMD_v2.0\CrisisMMD_v2.0\data_image\hurricane_maria\24_9_2017\912022246008541191_0.jpg,mild_damage,Moderate,0.719
C:\Users\user\Downloads\CrisisMMD_v2.0\CrisisMMD_v2.0\data_image\hurricane_maria\24_9_2017\912022246008541191_1.jpg,severe_damage,Severe,0.673
C:\Users\user\Downloads\CrisisMMD_v2.0\CrisisMMD_v2.0\data_image\hurricane_maria\24_9_2017\912023404030525440_0.jpg,severe_damage,Severe,0.7073
C:\Users\user\Downloads\CrisisMMD_v2.0\CrisisMMD_v2.0\data_image\hurricane_maria\24_9_2017\912042078745485312_0.jpg,severe_damage,Severe,0.6385
C:\Users\user\Downloads\CrisisMMD_v2.0\CrisisMMD_v2.0\data_image\hurricane_maria\24_9_2017\912049707085594624_0.jpg,severe_damage,Severe,1.0
C:\Users\user\Downloads\CrisisMMD_v2.0\CrisisMMD_v2.0\data_image\hurricane_maria\24_9_2017\912065374929264640_0.jpg,mild_damage,Moderate,0.6403
C:\Users\user\Downloads\CrisisMMD_v2.0\CrisisMMD_v2.0\data_image\hurricane_maria\24_9_2017\912065374929264640_1.jpg,little_or_no_damage,Minor,0.6579
C:\Users\user\Downloads\CrisisMMD_v2.0\CrisisMMD_v2.0\data_image\hurricane_maria\24_9_2017\912065374929264640_2.jpg,severe_damage,Severe,0.6462
C:\Users\user\Downloads\CrisisMMD_v2.0\CrisisMMD_v2.0\data_image\hurricane_maria\24_9_2017\912075698617102340_0.jpg,severe_damage,Severe,1.0
C:\Users\user\Downloads\CrisisMMD_v2.0\CrisisMMD_v2.0\data_image\hurricane_maria\24_9_2017\912075698617102340_1.jpg,severe_damage,Severe,0.6825
C:\Users\user\Downloads\CrisisMMD_v2.0\CrisisMMD_v2.0\data_image\hurricane_maria\24_9_2017\912075698617102340_2.jpg,severe_damage,Severe,0.7293
C:\Users\user\Downloads\CrisisMMD_v2.0\CrisisMMD_v2.0\data_image\hurricane_maria\24_9_2017\912075698617102340_3.jpg,mild_damage,Moderate,0.673
C:\Users\user\Downloads\CrisisMMD_v2.0\CrisisMMD_v2.0\data_image\hurricane_maria\24_9_2017\912075982164643840_0.jpg,mild_damage,Moderate,0.6038
C:\Users\user\Downloads\CrisisMMD_v2.0\CrisisMMD_v2.0\data_image\hurricane_maria\24_9_2017\912077714227593216_0.jpg,mild_damage,Moderate,0.6915
C:\Users\user\Downloads\CrisisMMD_v2.0\CrisisMMD_v2.0\data_image\hurricane_maria\24_9_2017\912077714227593216_1.jpg,severe_damage,Severe,1.0
C:\Users\user\Downloads\CrisisMMD_v2.0\CrisisMMD_v2.0\data_image\hurricane_maria\24_9_2017\912077714227593216_2.jpg,severe_damage,Severe,0.6916
C:\Users\user\Downloads\CrisisMMD_v2.0\CrisisMMD_v2.0\data_image\hurricane_maria\24_9_2017\912077714227593216_3.jpg,mild_damage,Moderate,0.68
C:\Users\user\Downloads\CrisisMMD_v2.0\CrisisMMD_v2.0\data_image\hurricane_maria\24_9_2017\912078014955114496_0.jpg,severe_damage,Severe,0.664
C:\Users\user\Downloads\CrisisMMD_v2.0\CrisisMMD_v2.0\data_image\hurricane_maria\24_9_2017\912093260880936961_1.jpg,severe_damage,Severe,0.6463
C:\Users\user\Downloads\CrisisMMD_v2.0\CrisisMMD_v2.0\data_image\hurricane_maria\24_9_2017\912093260880936961_2.jpg,mild_damage,Moderate,0.6038
C:\Users\user\Downloads\CrisisMMD_v2.0\CrisisMMD_v2.0\data_image\hurricane_maria\24_9_2017\912097936200355841_0.jpg,severe_damage,Severe,0.3651
C:\Users\user\Downloads\CrisisMMD_v2.0\CrisisMMD_v2.0\data_image\hurricane_maria\25_9_2017\912114770710581248_0.jpg,mild_damage,Moderate,0.6341
C:\Users\user\Downloads\CrisisMMD_v2.0\CrisisMMD_v2.0\data_image\hurricane_maria\25_9_2017\912117218128805888_0.jpg,severe_damage,Severe,1.0
C:\Users\user\Downloads\CrisisMMD_v2.0\CrisisMMD_v2.0\data_image\hurricane_maria\25_9_2017\912133618675437569_0.jpg,mild_damage,Moderate,0.6687
C:\Users\user\Downloads\CrisisMMD_v2.0\CrisisMMD_v2.0\data_image\hurricane_maria\25_9_2017\912135083028393984_0.jpg,mild_damage,Moderate,0.6262
C:\Users\user\Downloads\CrisisMMD_v2.0\CrisisMMD_v2.0\data_image\hurricane_maria\25_9_2017\912143534693679104_0.jpg,severe_damage,Severe,0.766
C:\Users\user\Downloads\CrisisMMD_v2.0\CrisisMMD_v2.0\data_image\hurricane_maria\25_9_2017\912154071905263618_0.jpg,severe_damage,Severe,0.4141
C:\Users\user\Downloads\CrisisMMD_v2.0\CrisisMMD_v2.0\data_image\hurricane_maria\25_9_2017\912163976850690050_0.jpg,severe_damage,Severe,1.0
C:\Users\user\Downloads\CrisisMMD_v2.0\CrisisMMD_v2.0\data_image\hurricane_maria\25_9_2017\912165621198188544_0.jpg,little_or_no_damage,Minor,0.6702
C:\Users\user\Downloads\CrisisMMD_v2.0\CrisisMMD_v2.0\data_image\hurricane_maria\25_9_2017\912183849806839808_0.jpg,severe_damage,Severe,0.6993
C:\Users\user\Downloads\CrisisMMD_v2.0\CrisisMMD_v2.0\data_image\hurricane_maria\25_9_2017\912200008090386432_0.jpg,severe_damage,Severe,1.0
C:\Users\user\Downloads\CrisisMMD_v2.0\CrisisMMD_v2.0\data_image\hurricane_maria\25_9_2017\912224169680527360_0.jpg,severe_damage,Severe,1.0
C:\Users\user\Downloads\CrisisMMD_v2.0\CrisisMMD_v2.0\data_image\hurricane_maria\25_9_2017\912236509289488384_0.jpg,mild_damage,Moderate,0.375
C:\Users\user\Downloads\CrisisMMD_v2.0\CrisisMMD_v2.0\data_image\hurricane_maria\25_9_2017\912279176895451136_0.jpg,mild_damage,Moderate,1.0
C:\Users\user\Downloads\CrisisMMD_v2.0\CrisisMMD_v2.0\data_image\hurricane_maria\25_9_2017\912283309870157824_0.jpg,mild_damage,Moderate,0.6564
C:\Users\user\Downloads\CrisisMMD_v2.0\CrisisMMD_v2.0\data_image\hurricane_maria\25_9_2017\912286223930134530_0.jpg,severe_damage,Severe,0.6571
C:\Users\user\Downloads\CrisisMMD_v2.0\CrisisMMD_v2.0\data_image\hurricane_maria\25_9_2017\912286834595688448_0.jpg,severe_damage,Severe,1.0
C:\Users\user\Downloads\CrisisMMD_v2.0\CrisisMMD_v2.0\data_image\hurricane_maria\25_9_2017\912286834595688448_1.jpg,mild_damage,Moderate,0.6859
C:\Users\user\Downloads\CrisisMMD_v2.0\CrisisMMD_v2.0\data_image\hurricane_maria\25_9_2017\912287364713721856_0.jpg,mild_damage,Moderate,0.6871
C:\Users\user\Downloads\CrisisMMD_v2.0\CrisisMMD_v2.0\data_image\hurricane_maria\25_9_2017\912288130354511873_0.jpg,mild_damage,Moderate,0.3431
C:\Users\user\Downloads\CrisisMMD_v2.0\CrisisMMD_v2.0\data_image\hurricane_maria\25_9_2017\912292673490472960_0.jpg,severe_damage,Severe,1.0
C:\Users\user\Downloads\CrisisMMD_v2.0\CrisisMMD_v2.0\data_image\hurricane_maria\25_9_2017\912295059315404800_0.jpg,mild_damage,Moderate,0.356
C:\Users\user\Downloads\CrisisMMD_v2.0\CrisisMMD_v2.0\data_image\hurricane_maria\25_9_2017\912304223580237824_0.jpg,severe_damage,Severe,0.664
C:\Users\user\Downloads\CrisisMMD_v2.0\CrisisMMD_v2.0\data_image\hurricane_maria\25_9_2017\912305236928339968_0.jpg,severe_damage,Severe,1.0
C:\Users\user\Downloads\CrisisMMD_v2.0\CrisisMMD_v2.0\data_image\hurricane_maria\25_9_2017\912306806021591041_0.jpg,severe_damage,Severe,0.6835
C:\Users\user\Downloads\CrisisMMD_v2.0\CrisisMMD_v2.0\data_image\hurricane_maria\25_9_2017\912309406347534336_0.jpg,severe_damage,Severe,1.0
C:\Users\user\Downloads\CrisisMMD_v2.0\CrisisMMD_v2.0\data_image\hurricane_maria\25_9_2017\912312190626971648_0.jpg,severe_damage,Severe,0.6766
C:\Users\user\Downloads\CrisisMMD_v2.0\CrisisMMD_v2.0\data_image\hurricane_maria\25_9_2017\912312190626971648_1.jpg,mild_damage,Moderate,0.6597
C:\Users\user\Downloads\CrisisMMD_v2.0\CrisisMMD_v2.0\data_image\hurricane_maria\25_9_2017\912313952096407552_0.jpg,severe_damage,Severe,1.0
C:\Users\user\Downloads\CrisisMMD_v2.0\CrisisMMD_v2.0\data_image\hurricane_maria\25_9_2017\912314148762955776_0.jpg,severe_damage,Severe,0.6842
C:\Users\user\Downloads\CrisisMMD_v2.0\CrisisMMD_v2.0\data_image\hurricane_maria\25_9_2017\912322653578461186_0.jpg,little_or_no_damage,Minor,0.6187
C:\Users\user\Downloads\CrisisMMD_v2.0\CrisisMMD_v2.0\data_image\hurricane_maria\25_9_2017\912324981702500352_0.jpg,severe_damage,Severe,0.6842
C:\Users\user\Downloads\CrisisMMD_v2.0\CrisisMMD_v2.0\data_image\hurricane_maria\25_9_2017\912325883683377157_0.jpg,mild_damage,Moderate,0.6269
C:\Users\user\Downloads\CrisisMMD_v2.0\CrisisMMD_v2.0\data_image\hurricane_maria\25_9_2017\912337650278916097_0.jpg,severe_damage,Severe,1.0
C:\Users\user\Downloads\CrisisMMD_v2.0\CrisisMMD_v2.0\data_image\hurricane_maria\25_9_2017\912341964586049536_0.jpg,severe_damage,Severe,0.678
C:\Users\user\Downloads\CrisisMMD_v2.0\CrisisMMD_v2.0\data_image\hurricane_maria\25_9_2017\912343471763202051_0.jpg,severe_damage,Severe,0.6463
C:\Users\user\Downloads\CrisisMMD_v2.0\CrisisMMD_v2.0\data_image\hurricane_maria\25_9_2017\912346202716467200_0.jpg,severe_damage,Severe,1.0
C:\Users\user\Downloads\CrisisMMD_v2.0\CrisisMMD_v2.0\data_image\hurricane_maria\25_9_2017\912346586910425088_3.jpg,severe_damage,Severe,0.7735
C:\Users\user\Downloads\CrisisMMD_v2.0\CrisisMMD_v2.0\data_image\hurricane_maria\25_9_2017\912347218769825792_0.jpg,severe_damage,Severe,0.7293
C:\Users\user\Downloads\CrisisMMD_v2.0\CrisisMMD_v2.0\data_image\hurricane_maria\25_9_2017\912350540763484161_0.jpg,mild_damage,Moderate,0.6571
C:\Users\user\Downloads\CrisisMMD_v2.0\CrisisMMD_v2.0\data_image\hurricane_maria\25_9_2017\912356894966153217_0.jpg,severe_damage,Severe,0.7073
C:\Users\user\Downloads\CrisisMMD_v2.0\CrisisMMD_v2.0\data_image\hurricane_maria\25_9_2017\912357558484058112_0.jpg,severe_damage,Severe,1.0
C:\Users\user\Downloads\CrisisMMD_v2.0\CrisisMMD_v2.0\data_image\hurricane_maria\25_9_2017\912376048842665984_0.jpg,severe_damage,Severe,0.6821
C:\Users\user\Downloads\CrisisMMD_v2.0\CrisisMMD_v2.0\data_image\hurricane_maria\25_9_2017\912376048842665984_2.jpg,severe_damage,Severe,1.0
C:\Users\user\Downloads\CrisisMMD_v2.0\CrisisMMD_v2.0\data_image\hurricane_maria\25_9_2017\912376048842665984_3.jpg,little_or_no_damage,Minor,0.3577
C:\Users\user\Downloads\CrisisMMD_v2.0\CrisisMMD_v2.0\data_image\hurricane_maria\25_9_2017\912376057365504001_0.jpg,severe_damage,Severe,0.3835
C:\Users\user\Downloads\CrisisMMD_v2.0\CrisisMMD_v2.0\data_image\hurricane_maria\25_9_2017\912384951013736453_0.jpg,severe_damage,Severe,1.0
C:\Users\user\Downloads\CrisisMMD_v2.0\CrisisMMD_v2.0\data_image\hurricane_maria\25_9_2017\912388042077458434_0.jpg,severe_damage,Severe,1.0
C:\Users\user\Downloads\CrisisMMD_v2.0\CrisisMMD_v2.0\data_image\hurricane_maria\25_9_2017\912393267387478016_0.jpg,mild_damage,Moderate,0.3593
C:\Users\user\Downloads\CrisisMMD_v2.0\CrisisMMD_v2.0\data_image\hurricane_maria\25_9_2017\912400505116266499_0.jpg,mild_damage,Moderate,0.664
C:\Users\user\Downloads\CrisisMMD_v2.0\CrisisMMD_v2.0\data_image\hurricane_maria\25_9_2017\912400837195923456_0.jpg,severe_damage,Severe,0.6462
C:\Users\user\Downloads\CrisisMMD_v2.0\CrisisMMD_v2.0\data_image\hurricane_maria\25_9_2017\912411531970793472_0.jpg,severe_damage,Severe,0.6771
C:\Users\user\Downloads\CrisisMMD_v2.0\CrisisMMD_v2.0\data_image\hurricane_maria\25_9_2017\912417707605114880_0.jpg,mild_damage,Moderate,0.7015
C:\Users\user\Downloads\CrisisMMD_v2.0\CrisisMMD_v2.0\data_image\hurricane_maria\25_9_2017\912417890770579457_0.jpg,severe_damage,Severe,0.3386
C:\Users\user\Downloads\CrisisMMD_v2.0\CrisisMMD_v2.0\data_image\hurricane_maria\25_9_2017\912419318054371328_0.jpg,severe_damage,Severe,1.0
C:\Users\user\Downloads\CrisisMMD_v2.0\CrisisMMD_v2.0\data_image\hurricane_maria\25_9_2017\912420533689610242_0.jpg,mild_damage,Moderate,1.0
C:\Users\user\Downloads\CrisisMMD_v2.0\CrisisMMD_v2.0\data_image\hurricane_maria\25_9_2017\912421828618080258_0.jpg,severe_damage,Severe,0.6442
C:\Users\user\Downloads\CrisisMMD_v2.0\CrisisMMD_v2.0\data_image\hurricane_maria\25_9_2017\912424696163028999_0.jpg,severe_damage,Severe,0.6852
C:\Users\user\Downloads\CrisisMMD_v2.0\CrisisMMD_v2.0\data_image\hurricane_maria\25_9_2017\912425002649231360_0.jpg,severe_damage,Severe,1.0
C:\Users\user\Downloads\CrisisMMD_v2.0\CrisisMMD_v2.0\data_image\hurricane_maria\25_9_2017\912443382525460480_0.jpg,mild_damage,Moderate,1.0
C:\Users\user\Downloads\CrisisMMD_v2.0\CrisisMMD_v2.0\data_image\hurricane_maria\25_9_2017\912453556749271040_0.jpg,severe_damage,Severe,0.6476
C:\Users\user\Downloads\CrisisMMD_v2.0\CrisisMMD_v2.0\data_image\hurricane_maria\25_9_2017\912460997603999744_0.jpg,little_or_no_damage,Minor,0.6886
C:\Users\user\Downloads\CrisisMMD_v2.0\CrisisMMD_v2.0\data_image\hurricane_maria\25_9_2017\912463510461992960_0.jpg,severe_damage,Severe,1.0
C:\Users\user\Downloads\CrisisMMD_v2.0\CrisisMMD_v2.0\data_image\hurricane_maria\25_9_2017\912463510461992960_1.jpg,little_or_no_damage,Minor,0.6629
C:\Users\user\Downloads\CrisisMMD_v2.0\CrisisMMD_v2.0\data_image\hurricane_maria\25_9_2017\912463510461992960_2.jpg,severe_damage,Severe,1.0
C:\Users\user\Downloads\CrisisMMD_v2.0\CrisisMMD_v2.0\data_image\hurricane_maria\25_9_2017\912463510461992960_3.jpg,severe_damage,Severe,1.0
C:\Users\user\Downloads\CrisisMMD_v2.0\CrisisMMD_v2.0\data_image\hurricane_maria\25_9_2017\912464626075492353_0.jpg,severe_damage,Severe,0.6764
C:\Users\user\Downloads\CrisisMMD_v2.0\CrisisMMD_v2.0\data_image\hurricane_maria\27_9_2017\912944540226609152_0.jpg,severe_damage,Severe,1.0
C:\Users\user\Downloads\CrisisMMD_v2.0\CrisisMMD_v2.0\data_image\hurricane_maria\27_9_2017\912944540226609152_1.jpg,severe_damage,Severe,0.6916
C:\Users\user\Downloads\CrisisMMD_v2.0\CrisisMMD_v2.0\data_image\hurricane_maria\27_9_2017\912945159242866694_0.jpg,mild_damage,Moderate,0.655
C:\Users\user\Downloads\CrisisMMD_v2.0\CrisisMMD_v2.0\data_image\hurricane_maria\27_9_2017\912949692413161472_0.jpg,severe_damage,Severe,0.6993
C:\Users\user\Downloads\CrisisMMD_v2.0\CrisisMMD_v2.0\data_image\hurricane_maria\27_9_2017\912952239471382529_0.jpg,mild_damage,Moderate,0.6495
C:\Users\user\Downloads\CrisisMMD_v2.0\CrisisMMD_v2.0\data_image\hurricane_maria\27_9_2017\912959167417192448_0.jpg,mild_damage,Moderate,0.6262
C:\Users\user\Downloads\CrisisMMD_v2.0\CrisisMMD_v2.0\data_image\hurricane_maria\27_9_2017\912974024279388160_0.jpg,severe_damage,Severe,1.0
C:\Users\user\Downloads\CrisisMMD_v2.0\CrisisMMD_v2.0\data_image\hurricane_maria\27_9_2017\912996928568397825_0.jpg,severe_damage,Severe,0.6916
C:\Users\user\Downloads\CrisisMMD_v2.0\CrisisMMD_v2.0\data_image\hurricane_maria\27_9_2017\913010357786021889_0.jpg,mild_damage,Moderate,0.6385
C:\Users\user\Downloads\CrisisMMD_v2.0\CrisisMMD_v2.0\data_image\hurricane_maria\27_9_2017\913010447103791106_0.jpg,severe_damage,Severe,0.7293
C:\Users\user\Downloads\CrisisMMD_v2.0\CrisisMMD_v2.0\data_image\hurricane_maria\27_9_2017\913047030225915904_1.jpg,severe_damage,Severe,0.7132
C:\Users\user\Downloads\CrisisMMD_v2.0\CrisisMMD_v2.0\data_image\hurricane_maria\27_9_2017\913048103728635905_0.jpg,severe_damage,Severe,1.0
C:\Users\user\Downloads\CrisisMMD_v2.0\CrisisMMD_v2.0\data_image\hurricane_maria\27_9_2017\913049235402002432_0.jpg,severe_damage,Severe,1.0
C:\Users\user\Downloads\CrisisMMD_v2.0\CrisisMMD_v2.0\data_image\hurricane_maria\27_9_2017\913049726852796416_0.jpg,severe_damage,Severe,1.0
C:\Users\user\Downloads\CrisisMMD_v2.0\CrisisMMD_v2.0\data_image\hurricane_maria\27_9_2017\913051514419269632_0.jpg,little_or_no_damage,Minor,0.6667
C:\Users\user\Downloads\CrisisMMD_v2.0\CrisisMMD_v2.0\data_image\hurricane_maria\27_9_2017\913051514419269632_1.jpg,severe_damage,Severe,0.3709
C:\Users\user\Downloads\CrisisMMD_v2.0\CrisisMMD_v2.0\data_image\hurricane_maria\27_9_2017\913054270236135434_0.jpg,severe_damage,Severe,0.6982
C:\Users\user\Downloads\CrisisMMD_v2.0\CrisisMMD_v2.0\data_image\hurricane_maria\27_9_2017\913059096944893952_0.jpg,severe_damage,Severe,0.6907
C:\Users\user\Downloads\CrisisMMD_v2.0\CrisisMMD_v2.0\data_image\hurricane_maria\27_9_2017\913060277637255168_0.jpg,severe_damage,Severe,0.6829
C:\Users\user\Downloads\CrisisMMD_v2.0\CrisisMMD_v2.0\data_image\hurricane_maria\27_9_2017\913062398004776960_0.jpg,severe_damage,Severe,0.3835
C:\Users\user\Downloads\CrisisMMD_v2.0\CrisisMMD_v2.0\data_image\hurricane_maria\27_9_2017\913065273888002049_0.jpg,severe_damage,Severe,0.6675
C:\Users\user\Downloads\CrisisMMD_v2.0\CrisisMMD_v2.0\data_image\hurricane_maria\27_9_2017\913065941185056774_0.jpg,severe_damage,Severe,1.0
C:\Users\user\Downloads\CrisisMMD_v2.0\CrisisMMD_v2.0\data_image\hurricane_maria\27_9_2017\913066714560126977_0.jpg,mild_damage,Moderate,0.6604
C:\Users\user\Downloads\CrisisMMD_v2.0\CrisisMMD_v2.0\data_image\hurricane_maria\27_9_2017\913070687501344768_0.jpg,severe_damage,Severe,0.766
C:\Users\user\Downloads\CrisisMMD_v2.0\CrisisMMD_v2.0\data_image\hurricane_maria\27_9_2017\913087531750711297_0.jpg,mild_damage,Moderate,0.6802
C:\Users\user\Downloads\CrisisMMD_v2.0\CrisisMMD_v2.0\data_image\hurricane_maria\27_9_2017\913093442418335744_0.jpg,severe_damage,Severe,1.0
C:\Users\user\Downloads\CrisisMMD_v2.0\CrisisMMD_v2.0\data_image\hurricane_maria\27_9_2017\913100552979996672_0.jpg,mild_damage,Moderate,0.6899
C:\Users\user\Downloads\CrisisMMD_v2.0\CrisisMMD_v2.0\data_image\hurricane_maria\27_9_2017\913100773264957447_0.jpg,severe_damage,Severe,0.405
C:\Users\user\Downloads\CrisisMMD_v2.0\CrisisMMD_v2.0\data_image\hurricane_maria\27_9_2017\913101371246878726_0.jpg,mild_damage,Moderate,0.6729
C:\Users\user\Downloads\CrisisMMD_v2.0\CrisisMMD_v2.0\data_image\hurricane_maria\27_9_2017\913104613636808711_0.jpg,mild_damage,Moderate,1.0
C:\Users\user\Downloads\CrisisMMD_v2.0\CrisisMMD_v2.0\data_image\hurricane_maria\27_9_2017\913104985436692485_1.jpg,severe_damage,Severe,1.0
C:\Users\user\Downloads\CrisisMMD_v2.0\CrisisMMD_v2.0\data_image\hurricane_maria\27_9_2017\913116029156339713_0.jpg,severe_damage,Severe,1.0
C:\Users\user\Downloads\CrisisMMD_v2.0\CrisisMMD_v2.0\data_image\hurricane_maria\27_9_2017\913116036676882435_0.jpg,severe_damage,Severe,1.0
C:\Users\user\Downloads\CrisisMMD_v2.0\CrisisMMD_v2.0\data_image\hurricane_maria\27_9_2017\913116496620085254_0.jpg,severe_damage,Severe,0.6609
C:\Users\user\Downloads\CrisisMMD_v2.0\CrisisMMD_v2.0\data_image\hurricane_maria\27_9_2017\913119569023299584_0.jpg,severe_damage,Severe,1.0
C:\Users\user\Downloads\CrisisMMD_v2.0\CrisisMMD_v2.0\data_image\hurricane_maria\27_9_2017\913126475917803520_0.jpg,mild_damage,Moderate,0.3795
C:\Users\user\Downloads\CrisisMMD_v2.0\CrisisMMD_v2.0\data_image\hurricane_maria\27_9_2017\913126475917803520_1.jpg,severe_damage,Severe,0.6476
C:\Users\user\Downloads\CrisisMMD_v2.0\CrisisMMD_v2.0\data_image\hurricane_maria\27_9_2017\913126475917803520_2.jpg,severe_damage,Severe,0.6675
C:\Users\user\Downloads\CrisisMMD_v2.0\CrisisMMD_v2.0\data_image\hurricane_maria\27_9_2017\913126475917803520_3.jpg,severe_damage,Severe,1.0
C:\Users\user\Downloads\CrisisMMD_v2.0\CrisisMMD_v2.0\data_image\hurricane_maria\27_9_2017\913129126881570816_0.jpg,severe_damage,Severe,0.3593
C:\Users\user\Downloads\CrisisMMD_v2.0\CrisisMMD_v2.0\data_image\hurricane_maria\27_9_2017\913129126881570816_1.jpg,mild_damage,Moderate,0.6642
C:\Users\user\Downloads\CrisisMMD_v2.0\CrisisMMD_v2.0\data_image\hurricane_maria\27_9_2017\913129126881570816_2.jpg,mild_damage,Moderate,0.6528
C:\Users\user\Downloads\CrisisMMD_v2.0\CrisisMMD_v2.0\data_image\hurricane_maria\27_9_2017\913129892539191296_1.jpg,severe_damage,Severe,1.0
C:\Users\user\Downloads\CrisisMMD_v2.0\CrisisMMD_v2.0\data_image\hurricane_maria\27_9_2017\913131967167778816_0.jpg,severe_damage,Severe,1.0
C:\Users\user\Downloads\CrisisMMD_v2.0\CrisisMMD_v2.0\data_image\hurricane_maria\27_9_2017\913138579379015681_0.jpg,severe_damage,Severe,1.0
C:\Users\user\Downloads\CrisisMMD_v2.0\CrisisMMD_v2.0\data_image\hurricane_maria\27_9_2017\913144833790930944_0.jpg,severe_damage,Severe,0.6842
C:\Users\user\Downloads\CrisisMMD_v2.0\CrisisMMD_v2.0\data_image\hurricane_maria\27_9_2017\913149334962573312_0.jpg,severe_damage,Severe,1.0
C:\Users\user\Downloads\CrisisMMD_v2.0\CrisisMMD_v2.0\data_image\hurricane_maria\27_9_2017\913157619455426560_0.jpg,severe_damage,Severe,1.0
C:\Users\user\Downloads\CrisisMMD_v2.0\CrisisMMD_v2.0\data_image\hurricane_maria\27_9_2017\913165839993581568_0.jpg,severe_damage,Severe,1.0
C:\Users\user\Downloads\CrisisMMD_v2.0\CrisisMMD_v2.0\data_image\hurricane_maria\27_9_2017\913170149255106561_0.jpg,mild_damage,Moderate,0.66
C:\Users\user\Downloads\CrisisMMD_v2.0\CrisisMMD_v2.0\data_image\hurricane_maria\27_9_2017\913172197660876800_0.jpg,mild_damage,Moderate,0.3509
C:\Users\user\Downloads\CrisisMMD_v2.0\CrisisMMD_v2.0\data_image\hurricane_maria\27_9_2017\913176642889109504_0.jpg,mild_damage,Moderate,0.7015
C:\Users\user\Downloads\CrisisMMD_v2.0\CrisisMMD_v2.0\data_image\hurricane_maria\27_9_2017\913181855289032704_0.jpg,severe_damage,Severe,1.0
C:\Users\user\Downloads\CrisisMMD_v2.0\CrisisMMD_v2.0\data_image\hurricane_maria\28_9_2017\913214732122849280_0.jpg,mild_damage,Moderate,0.6875
C:\Users\user\Downloads\CrisisMMD_v2.0\CrisisMMD_v2.0\data_image\hurricane_maria\28_9_2017\913236041397669888_0.jpg,mild_damage,Moderate,1.0
C:\Users\user\Downloads\CrisisMMD_v2.0\CrisisMMD_v2.0\data_image\hurricane_maria\28_9_2017\913257006710034434_0.jpg,severe_damage,Severe,0.683
C:\Users\user\Downloads\CrisisMMD_v2.0\CrisisMMD_v2.0\data_image\hurricane_maria\28_9_2017\913260146121469953_0.jpg,severe_damage,Severe,0.6957
C:\Users\user\Downloads\CrisisMMD_v2.0\CrisisMMD_v2.0\data_image\hurricane_maria\28_9_2017\913261865266028544_0.jpg,little_or_no_damage,Minor,0.6613
C:\Users\user\Downloads\CrisisMMD_v2.0\CrisisMMD_v2.0\data_image\hurricane_maria\28_9_2017\913338746342379521_0.jpg,severe_damage,Severe,1.0
C:\Users\user\Downloads\CrisisMMD_v2.0\CrisisMMD_v2.0\data_image\hurricane_maria\28_9_2017\913353480714248192_0.jpg,severe_damage,Severe,1.0
C:\Users\user\Downloads\CrisisMMD_v2.0\CrisisMMD_v2.0\data_image\hurricane_maria\28_9_2017\913373637130022914_0.jpg,severe_damage,Severe,1.0
C:\Users\user\Downloads\CrisisMMD_v2.0\CrisisMMD_v2.0\data_image\hurricane_maria\28_9_2017\913379706556338176_0.jpg,mild_damage,Moderate,0.6856
C:\Users\user\Downloads\CrisisMMD_v2.0\CrisisMMD_v2.0\data_image\hurricane_maria\28_9_2017\913380968769228802_0.jpg,mild_damage,Moderate,0.3628
C:\Users\user\Downloads\CrisisMMD_v2.0\CrisisMMD_v2.0\data_image\hurricane_maria\28_9_2017\913392166533201920_0.jpg,little_or_no_damage,Minor,0.4215
C:\Users\user\Downloads\CrisisMMD_v2.0\CrisisMMD_v2.0\data_image\hurricane_maria\28_9_2017\913397093850603520_0.jpg,severe_damage,Severe,1.0
C:\Users\user\Downloads\CrisisMMD_v2.0\CrisisMMD_v2.0\data_image\hurricane_maria\28_9_2017\913411649918390273_0.jpg,severe_damage,Severe,0.7132
C:\Users\user\Downloads\CrisisMMD_v2.0\CrisisMMD_v2.0\data_image\hurricane_maria\28_9_2017\913416972129509377_1.jpg,mild_damage,Moderate,0.6205
C:\Users\user\Downloads\CrisisMMD_v2.0\CrisisMMD_v2.0\data_image\hurricane_maria\28_9_2017\913418300893392896_0.jpg,mild_damage,Moderate,0.6842
C:\Users\user\Downloads\CrisisMMD_v2.0\CrisisMMD_v2.0\data_image\hurricane_maria\28_9_2017\913437245234978816_0.jpg,severe_damage,Severe,1.0
C:\Users\user\Downloads\CrisisMMD_v2.0\CrisisMMD_v2.0\data_image\hurricane_maria\28_9_2017\913459230400745472_0.jpg,mild_damage,Moderate,1.0
C:\Users\user\Downloads\CrisisMMD_v2.0\CrisisMMD_v2.0\data_image\hurricane_maria\28_9_2017\913476894703718402_0.jpg,severe_damage,Severe,0.6753
C:\Users\user\Downloads\CrisisMMD_v2.0\CrisisMMD_v2.0\data_image\hurricane_maria\28_9_2017\913478597331050496_0.jpg,severe_damage,Severe,0.655
C:\Users\user\Downloads\CrisisMMD_v2.0\CrisisMMD_v2.0\data_image\hurricane_maria\28_9_2017\913501170173337600_0.jpg,severe_damage,Severe,1.0
C:\Users\user\Downloads\CrisisMMD_v2.0\CrisisMMD_v2.0\data_image\hurricane_maria\28_9_2017\913519193009487872_0.jpg,severe_damage,Severe,1.0
C:\Users\user\Downloads\CrisisMMD_v2.0\CrisisMMD_v2.0\data_image\hurricane_maria\28_9_2017\913522996513566728_0.jpg,severe_damage,Severe,0.7735
C:\Users\user\Downloads\CrisisMMD_v2.0\CrisisMMD_v2.0\data_image\hurricane_maria\28_9_2017\913546885067165696_0.jpg,severe_damage,Severe,0.3835
C:\Users\user\Downloads\CrisisMMD_v2.0\CrisisMMD_v2.0\data_image\hurricane_maria\28_9_2017\913548443917750272_0.jpg,severe_damage,Severe,0.3571
C:\Users\user\Downloads\CrisisMMD_v2.0\CrisisMMD_v2.0\data_image\hurricane_maria\28_9_2017\913549726083141632_0.jpg,mild_damage,Moderate,0.3774
C:\Users\user\Downloads\CrisisMMD_v2.0\CrisisMMD_v2.0\data_image\hurricane_maria\28_9_2017\913549726083141632_1.jpg,mild_damage,Moderate,0.6734
C:\Users\user\Downloads\CrisisMMD_v2.0\CrisisMMD_v2.0\data_image\hurricane_maria\28_9_2017\913549726083141632_2.jpg,little_or_no_damage,Minor,0.648
C:\Users\user\Downloads\CrisisMMD_v2.0\CrisisMMD_v2.0\data_image\hurricane_maria\29_9_2017\913558949965783040_0.jpg,severe_damage,Severe,1.0
C:\Users\user\Downloads\CrisisMMD_v2.0\CrisisMMD_v2.0\data_image\hurricane_maria\29_9_2017\913560802459873280_0.jpg,severe_damage,Severe,1.0
C:\Users\user\Downloads\CrisisMMD_v2.0\CrisisMMD_v2.0\data_image\hurricane_maria\29_9_2017\913575477498884097_1.jpg,mild_damage,Moderate,1.0
C:\Users\user\Downloads\CrisisMMD_v2.0\CrisisMMD_v2.0\data_image\hurricane_maria\29_9_2017\913575477498884097_2.jpg,mild_damage,Moderate,1.0
C:\Users\user\Downloads\CrisisMMD_v2.0\CrisisMMD_v2.0\data_image\hurricane_maria\29_9_2017\913590388752920576_0.jpg,severe_damage,Severe,1.0
C:\Users\user\Downloads\CrisisMMD_v2.0\CrisisMMD_v2.0\data_image\hurricane_maria\29_9_2017\913594815408984065_2.jpg,mild_damage,Moderate,0.6963
C:\Users\user\Downloads\CrisisMMD_v2.0\CrisisMMD_v2.0\data_image\hurricane_maria\29_9_2017\913611302794399745_0.jpg,severe_damage,Severe,1.0
C:\Users\user\Downloads\CrisisMMD_v2.0\CrisisMMD_v2.0\data_image\hurricane_maria\29_9_2017\913706630453264384_0.jpg,severe_damage,Severe,0.6337
C:\Users\user\Downloads\CrisisMMD_v2.0\CrisisMMD_v2.0\data_image\hurricane_maria\29_9_2017\913727986368749568_0.jpg,severe_damage,Severe,1.0
C:\Users\user\Downloads\CrisisMMD_v2.0\CrisisMMD_v2.0\data_image\hurricane_maria\29_9_2017\913735106371735553_0.jpg,mild_damage,Moderate,0.6768
C:\Users\user\Downloads\CrisisMMD_v2.0\CrisisMMD_v2.0\data_image\hurricane_maria\29_9_2017\913753360720740352_0.jpg,mild_damage,Moderate,0.3704
C:\Users\user\Downloads\CrisisMMD_v2.0\CrisisMMD_v2.0\data_image\hurricane_maria\29_9_2017\913783977340784641_1.jpg,severe_damage,Severe,0.6739
C:\Users\user\Downloads\CrisisMMD_v2.0\CrisisMMD_v2.0\data_image\hurricane_maria\29_9_2017\913788509684629504_0.jpg,severe_damage,Severe,1.0
C:\Users\user\Downloads\CrisisMMD_v2.0\CrisisMMD_v2.0\data_image\hurricane_maria\29_9_2017\913795571193978880_0.jpg,little_or_no_damage,Minor,0.6396
C:\Users\user\Downloads\CrisisMMD_v2.0\CrisisMMD_v2.0\data_image\hurricane_maria\29_9_2017\913798788095102976_0.jpg,mild_damage,Moderate,0.6491
C:\Users\user\Downloads\CrisisMMD_v2.0\CrisisMMD_v2.0\data_image\hurricane_maria\29_9_2017\913803015676710913_0.jpg,severe_damage,Severe,1.0
C:\Users\user\Downloads\CrisisMMD_v2.0\CrisisMMD_v2.0\data_image\hurricane_maria\29_9_2017\913833524901187585_0.jpg,severe_damage,Severe,1.0
C:\Users\user\Downloads\CrisisMMD_v2.0\CrisisMMD_v2.0\data_image\hurricane_maria\29_9_2017\913833825033232384_0.jpg,severe_damage,Severe,1.0
C:\Users\user\Downloads\CrisisMMD_v2.0\CrisisMMD_v2.0\data_image\hurricane_maria\29_9_2017\913845125943500801_0.jpg,little_or_no_damage,Minor,0.6316
C:\Users\user\Downloads\CrisisMMD_v2.0\CrisisMMD_v2.0\data_image\hurricane_maria\29_9_2017\913853147101188097_0.jpg,severe_damage,Severe,1.0
C:\Users\user\Downloads\CrisisMMD_v2.0\CrisisMMD_v2.0\data_image\hurricane_maria\29_9_2017\913867524705538048_0.jpg,mild_damage,Moderate,0.6887
C:\Users\user\Downloads\CrisisMMD_v2.0\CrisisMMD_v2.0\data_image\hurricane_maria\29_9_2017\913879651398930432_0.jpg,severe_damage,Severe,0.769
C:\Users\user\Downloads\CrisisMMD_v2.0\CrisisMMD_v2.0\data_image\hurricane_maria\29_9_2017\913882112339566592_0.jpg,severe_damage,Severe,1.0
C:\Users\user\Downloads\CrisisMMD_v2.0\CrisisMMD_v2.0\data_image\hurricane_maria\29_9_2017\913884389305659392_0.jpg,mild_damage,Moderate,0.6609
C:\Users\user\Downloads\CrisisMMD_v2.0\CrisisMMD_v2.0\data_image\hurricane_maria\29_9_2017\913892408621981696_0.jpg,mild_damage,Moderate,0.6396
C:\Users\user\Downloads\CrisisMMD_v2.0\CrisisMMD_v2.0\data_image\hurricane_maria\29_9_2017\913897089691774981_0.jpg,severe_damage,Severe,1.0
C:\Users\user\Downloads\CrisisMMD_v2.0\CrisisMMD_v2.0\data_image\hurricane_maria\29_9_2017\913901444662808576_0.jpg,severe_damage,Severe,0.6916
C:\Users\user\Downloads\CrisisMMD_v2.0\CrisisMMD_v2.0\data_image\hurricane_maria\29_9_2017\913903407718690816_0.jpg,mild_damage,Moderate,1.0
C:\Users\user\Downloads\CrisisMMD_v2.0\CrisisMMD_v2.0\data_image\hurricane_maria\29_9_2017\913916001426837504_0.jpg,mild_damage,Moderate,0.6909
C:\Users\user\Downloads\CrisisMMD_v2.0\CrisisMMD_v2.0\data_image\hurricane_maria\30_9_2017\913929309211041792_0.jpg,severe_damage,Severe,0.6719
C:\Users\user\Downloads\CrisisMMD_v2.0\CrisisMMD_v2.0\data_image\hurricane_maria\30_9_2017\913934298243305473_0.jpg,severe_damage,Severe,1.0
C:\Users\user\Downloads\CrisisMMD_v2.0\CrisisMMD_v2.0\data_image\hurricane_maria\30_9_2017\913934298243305473_1.jpg,mild_damage,Moderate,0.6653
C:\Users\user\Downloads\CrisisMMD_v2.0\CrisisMMD_v2.0\data_image\hurricane_maria\30_9_2017\913934298243305473_2.jpg,severe_damage,Severe,1.0
C:\Users\user\Downloads\CrisisMMD_v2.0\CrisisMMD_v2.0\data_image\hurricane_maria\30_9_2017\913934298243305473_3.jpg,severe_damage,Severe,0.6782
C:\Users\user\Downloads\CrisisMMD_v2.0\CrisisMMD_v2.0\data_image\hurricane_maria\30_9_2017\913939214747742208_0.jpg,severe_damage,Severe,1.0
C:\Users\user\Downloads\CrisisMMD_v2.0\CrisisMMD_v2.0\data_image\hurricane_maria\30_9_2017\913983131262128129_0.jpg,severe_damage,Severe,1.0
C:\Users\user\Downloads\CrisisMMD_v2.0\CrisisMMD_v2.0\data_image\hurricane_maria\30_9_2017\913992284986855424_0.jpg,little_or_no_damage,Minor,0.7025
C:\Users\user\Downloads\CrisisMMD_v2.0\CrisisMMD_v2.0\data_image\hurricane_maria\30_9_2017\914039412643655680_0.jpg,severe_damage,Severe,1.0
C:\Users\user\Downloads\CrisisMMD_v2.0\CrisisMMD_v2.0\data_image\hurricane_maria\30_9_2017\914098064599781376_0.jpg,mild_damage,Moderate,1.0
C:\Users\user\Downloads\CrisisMMD_v2.0\CrisisMMD_v2.0\data_image\hurricane_maria\30_9_2017\914098838897651712_1.jpg,mild_damage,Moderate,0.6611
C:\Users\user\Downloads\CrisisMMD_v2.0\CrisisMMD_v2.0\data_image\hurricane_maria\30_9_2017\914108093654376448_1.jpg,mild_damage,Moderate,0.6593
C:\Users\user\Downloads\CrisisMMD_v2.0\CrisisMMD_v2.0\data_image\hurricane_maria\30_9_2017\914111723824705536_0.jpg,severe_damage,Severe,0.6221
C:\Users\user\Downloads\CrisisMMD_v2.0\CrisisMMD_v2.0\data_image\hurricane_maria\30_9_2017\914113249934811136_1.jpg,little_or_no_damage,Minor,0.6241
C:\Users\user\Downloads\CrisisMMD_v2.0\CrisisMMD_v2.0\data_image\hurricane_maria\30_9_2017\914126824497487872_0.jpg,severe_damage,Severe,0.6829
C:\Users\user\Downloads\CrisisMMD_v2.0\CrisisMMD_v2.0\data_image\hurricane_maria\30_9_2017\914135376138092544_0.jpg,severe_damage,Severe,1.0
C:\Users\user\Downloads\CrisisMMD_v2.0\CrisisMMD_v2.0\data_image\hurricane_maria\30_9_2017\914148708559630336_0.jpg,severe_damage,Severe,1.0
C:\Users\user\Downloads\CrisisMMD_v2.0\CrisisMMD_v2.0\data_image\hurricane_maria\30_9_2017\914154101600112640_0.jpg,severe_damage,Severe,1.0
C:\Users\user\Downloads\CrisisMMD_v2.0\CrisisMMD_v2.0\data_image\hurricane_maria\30_9_2017\914159348267540482_0.jpg,little_or_no_damage,Minor,0.364
C:\Users\user\Downloads\CrisisMMD_v2.0\CrisisMMD_v2.0\data_image\hurricane_maria\30_9_2017\914159730158735360_0.jpg,severe_damage,Severe,1.0
C:\Users\user\Downloads\CrisisMMD_v2.0\CrisisMMD_v2.0\data_image\hurricane_maria\30_9_2017\914165147408596992_0.jpg,mild_damage,Moderate,0.6205
C:\Users\user\Downloads\CrisisMMD_v2.0\CrisisMMD_v2.0\data_image\hurricane_maria\30_9_2017\914169485493403649_0.jpg,severe_damage,Severe,0.405
C:\Users\user\Downloads\CrisisMMD_v2.0\CrisisMMD_v2.0\data_image\hurricane_maria\30_9_2017\914175062214873089_0.jpg,severe_damage,Severe,1.0
C:\Users\user\Downloads\CrisisMMD_v2.0\CrisisMMD_v2.0\data_image\hurricane_maria\30_9_2017\914175778157363200_0.jpg,severe_damage,Severe,1.0
C:\Users\user\Downloads\CrisisMMD_v2.0\CrisisMMD_v2.0\data_image\hurricane_maria\30_9_2017\914187089914290176_0.jpg,severe_damage,Severe,0.6993
C:\Users\user\Downloads\CrisisMMD_v2.0\CrisisMMD_v2.0\data_image\hurricane_maria\30_9_2017\914188098228989952_0.jpg,severe_damage,Severe,0.7735
C:\Users\user\Downloads\CrisisMMD_v2.0\CrisisMMD_v2.0\data_image\hurricane_maria\30_9_2017\914188148623671296_0.jpg,mild_damage,Moderate,0.6522
C:\Users\user\Downloads\CrisisMMD_v2.0\CrisisMMD_v2.0\data_image\hurricane_maria\30_9_2017\914206873032720384_0.jpg,severe_damage,Severe,0.6362
C:\Users\user\Downloads\CrisisMMD_v2.0\CrisisMMD_v2.0\data_image\hurricane_maria\30_9_2017\914207898250735616_0.jpg,severe_damage,Severe,1.0
C:\Users\user\Downloads\CrisisMMD_v2.0\CrisisMMD_v2.0\data_image\hurricane_maria\30_9_2017\914212665848975361_0.jpg,severe_damage,Severe,0.6463
C:\Users\user\Downloads\CrisisMMD_v2.0\CrisisMMD_v2.0\data_image\hurricane_maria\30_9_2017\914240939974991872_0.jpg,severe_damage,Severe,0.6993
C:\Users\user\Downloads\CrisisMMD_v2.0\CrisisMMD_v2.0\data_image\hurricane_maria\30_9_2017\914261767144050688_0.jpg,severe_damage,Severe,1.0
C:\Users\user\Downloads\CrisisMMD_v2.0\CrisisMMD_v2.0\data_image\hurricane_maria\30_9_2017\914262901350961153_0.jpg,mild_damage,Moderate,0.7015
C:\Users\user\Downloads\CrisisMMD_v2.0\CrisisMMD_v2.0\data_image\hurricane_maria\30_9_2017\914271884253986817_0.jpg,mild_damage,Moderate,0.6796
C:\Users\user\Downloads\CrisisMMD_v2.0\CrisisMMD_v2.0\data_image\hurricane_maria\1_10_2017\914329492830789634_1.jpg,mild_damage,Moderate,0.6415
C:\Users\user\Downloads\CrisisMMD_v2.0\CrisisMMD_v2.0\data_image\hurricane_maria\1_10_2017\914329492830789634_2.jpg,severe_damage,Severe,1.0
C:\Users\user\Downloads\CrisisMMD_v2.0\CrisisMMD_v2.0\data_image\hurricane_maria\1_10_2017\914353354503069696_0.jpg,severe_damage,Severe,0.6825
C:\Users\user\Downloads\CrisisMMD_v2.0\CrisisMMD_v2.0\data_image\hurricane_maria\1_10_2017\914353354503069696_1.jpg,little_or_no_damage,Minor,0.6547
C:\Users\user\Downloads\CrisisMMD_v2.0\CrisisMMD_v2.0\data_image\hurricane_maria\1_10_2017\914353354503069696_2.jpg,severe_damage,Severe,1.0
C:\Users\user\Downloads\CrisisMMD_v2.0\CrisisMMD_v2.0\data_image\hurricane_maria\1_10_2017\914357340341768192_0.jpg,severe_damage,Severe,1.0
C:\Users\user\Downloads\CrisisMMD_v2.0\CrisisMMD_v2.0\data_image\hurricane_maria\1_10_2017\914372204787355648_0.jpg,little_or_no_damage,Minor,1.0
C:\Users\user\Downloads\CrisisMMD_v2.0\CrisisMMD_v2.0\data_image\hurricane_maria\1_10_2017\914377004648157184_0.jpg,severe_damage,Severe,1.0
C:\Users\user\Downloads\CrisisMMD_v2.0\CrisisMMD_v2.0\data_image\hurricane_maria\1_10_2017\914437087591616512_0.jpg,severe_damage,Severe,0.6724
C:\Users\user\Downloads\CrisisMMD_v2.0\CrisisMMD_v2.0\data_image\hurricane_maria\1_10_2017\914450872586964993_0.jpg,severe_damage,Severe,1.0
C:\Users\user\Downloads\CrisisMMD_v2.0\CrisisMMD_v2.0\data_image\hurricane_maria\1_10_2017\914453846470119424_0.jpg,severe_damage,Severe,0.6495
C:\Users\user\Downloads\CrisisMMD_v2.0\CrisisMMD_v2.0\data_image\hurricane_maria\1_10_2017\914540213875200000_3.jpg,mild_damage,Moderate,0.6838
C:\Users\user\Downloads\CrisisMMD_v2.0\CrisisMMD_v2.0\data_image\hurricane_maria\1_10_2017\914555402737668097_0.jpg,mild_damage,Moderate,0.6978
C:\Users\user\Downloads\CrisisMMD_v2.0\CrisisMMD_v2.0\data_image\hurricane_maria\1_10_2017\914555402737668097_1.jpg,little_or_no_damage,Minor,0.6825
C:\Users\user\Downloads\CrisisMMD_v2.0\CrisisMMD_v2.0\data_image\hurricane_maria\1_10_2017\914570237881745414_0.jpg,mild_damage,Moderate,0.6736
C:\Users\user\Downloads\CrisisMMD_v2.0\CrisisMMD_v2.0\data_image\hurricane_maria\1_10_2017\914594557458776064_0.jpg,severe_damage,Severe,0.6528
C:\Users\user\Downloads\CrisisMMD_v2.0\CrisisMMD_v2.0\data_image\hurricane_maria\1_10_2017\914618645921325059_0.jpg,severe_damage,Severe,0.766
C:\Users\user\Downloads\CrisisMMD_v2.0\CrisisMMD_v2.0\data_image\hurricane_maria\2_10_2017\914663754117386240_0.jpg,mild_damage,Moderate,0.6782
C:\Users\user\Downloads\CrisisMMD_v2.0\CrisisMMD_v2.0\data_image\hurricane_maria\2_10_2017\914683563169259520_0.jpg,severe_damage,Severe,1.0
C:\Users\user\Downloads\CrisisMMD_v2.0\CrisisMMD_v2.0\data_image\hurricane_maria\2_10_2017\914683763837292544_1.jpg,severe_damage,Severe,0.3604
C:\Users\user\Downloads\CrisisMMD_v2.0\CrisisMMD_v2.0\data_image\hurricane_maria\2_10_2017\914854749245145090_0.jpg,mild_damage,Moderate,0.6552
C:\Users\user\Downloads\CrisisMMD_v2.0\CrisisMMD_v2.0\data_image\hurricane_maria\2_10_2017\914871738722390016_1.jpg,little_or_no_damage,Minor,0.7997
C:\Users\user\Downloads\CrisisMMD_v2.0\CrisisMMD_v2.0\data_image\hurricane_maria\2_10_2017\914871738722390016_2.jpg,mild_damage,Moderate,0.6832
C:\Users\user\Downloads\CrisisMMD_v2.0\CrisisMMD_v2.0\data_image\hurricane_maria\2_10_2017\914871738722390016_3.jpg,mild_damage,Moderate,0.692
C:\Users\user\Downloads\CrisisMMD_v2.0\CrisisMMD_v2.0\data_image\hurricane_maria\2_10_2017\914880414736699393_0.jpg,severe_damage,Severe,1.0
C:\Users\user\Downloads\CrisisMMD_v2.0\CrisisMMD_v2.0\data_image\hurricane_maria\2_10_2017\914903389128900608_0.jpg,severe_damage,Severe,0.769
C:\Users\user\Downloads\CrisisMMD_v2.0\CrisisMMD_v2.0\data_image\hurricane_maria\2_10_2017\914928771865694209_0.jpg,little_or_no_damage,Minor,1.0
C:\Users\user\Downloads\CrisisMMD_v2.0\CrisisMMD_v2.0\data_image\hurricane_maria\2_10_2017\914928771865694209_2.jpg,mild_damage,Moderate,0.3493
C:\Users\user\Downloads\CrisisMMD_v2.0\CrisisMMD_v2.0\data_image\hurricane_maria\2_10_2017\914937344981159936_0.jpg,little_or_no_damage,Minor,0.6341
C:\Users\user\Downloads\CrisisMMD_v2.0\CrisisMMD_v2.0\data_image\hurricane_maria\2_10_2017\914992466918551552_0.jpg,mild_damage,Moderate,0.6403
C:\Users\user\Downloads\CrisisMMD_v2.0\CrisisMMD_v2.0\data_image\hurricane_maria\3_10_2017\915094814080798720_0.jpg,severe_damage,Severe,0.6805
C:\Users\user\Downloads\CrisisMMD_v2.0\CrisisMMD_v2.0\data_image\hurricane_maria\3_10_2017\915148234250768384_0.jpg,severe_damage,Severe,1.0
C:\Users\user\Downloads\CrisisMMD_v2.0\CrisisMMD_v2.0\data_image\hurricane_maria\3_10_2017\915173788119109633_0.jpg,little_or_no_damage,Minor,0.6901
C:\Users\user\Downloads\CrisisMMD_v2.0\CrisisMMD_v2.0\data_image\hurricane_maria\3_10_2017\915191406112763904_0.jpg,mild_damage,Moderate,0.673
C:\Users\user\Downloads\CrisisMMD_v2.0\CrisisMMD_v2.0\data_image\hurricane_maria\3_10_2017\915215052176789504_0.jpg,little_or_no_damage,Minor,0.6874
C:\Users\user\Downloads\CrisisMMD_v2.0\CrisisMMD_v2.0\data_image\hurricane_maria\3_10_2017\915215052176789504_1.jpg,mild_damage,Moderate,0.6324
C:\Users\user\Downloads\CrisisMMD_v2.0\CrisisMMD_v2.0\data_image\hurricane_maria\3_10_2017\915221699947302912_0.jpg,severe_damage,Severe,1.0
C:\Users\user\Downloads\CrisisMMD_v2.0\CrisisMMD_v2.0\data_image\hurricane_maria\3_10_2017\915251009227776001_0.jpg,mild_damage,Moderate,0.6156
C:\Users\user\Downloads\CrisisMMD_v2.0\CrisisMMD_v2.0\data_image\hurricane_maria\3_10_2017\915251009227776001_1.jpg,mild_damage,Moderate,0.6485
C:\Users\user\Downloads\CrisisMMD_v2.0\CrisisMMD_v2.0\data_image\hurricane_maria\3_10_2017\915256404742688769_0.jpg,severe_damage,Severe,0.6916
C:\Users\user\Downloads\CrisisMMD_v2.0\CrisisMMD_v2.0\data_image\hurricane_maria\3_10_2017\915256404742688769_1.jpg,mild_damage,Moderate,0.3738
C:\Users\user\Downloads\CrisisMMD_v2.0\CrisisMMD_v2.0\data_image\hurricane_maria\3_10_2017\915282034628730884_2.jpg,mild_damage,Moderate,1.0
C:\Users\user\Downloads\CrisisMMD_v2.0\CrisisMMD_v2.0\data_image\hurricane_maria\3_10_2017\915282034628730884_3.jpg,severe_damage,Severe,0.6968
C:\Users\user\Downloads\CrisisMMD_v2.0\CrisisMMD_v2.0\data_image\hurricane_maria\3_10_2017\915287851478085632_0.jpg,mild_damage,Moderate,0.6902
C:\Users\user\Downloads\CrisisMMD_v2.0\CrisisMMD_v2.0\data_image\hurricane_maria\3_10_2017\915294511579897857_0.jpg,little_or_no_damage,Minor,0.3538
C:\Users\user\Downloads\CrisisMMD_v2.0\CrisisMMD_v2.0\data_image\hurricane_maria\3_10_2017\915294577476689921_0.jpg,severe_damage,Severe,1.0
C:\Users\user\Downloads\CrisisMMD_v2.0\CrisisMMD_v2.0\data_image\hurricane_maria\3_10_2017\915313036214325248_0.jpg,mild_damage,Moderate,0.34
C:\Users\user\Downloads\CrisisMMD_v2.0\CrisisMMD_v2.0\data_image\hurricane_maria\3_10_2017\915313050714099714_0.jpg,severe_damage,Severe,0.5868
C:\Users\user\Downloads\CrisisMMD_v2.0\CrisisMMD_v2.0\data_image\hurricane_maria\3_10_2017\915313085497380869_0.jpg,severe_damage,Severe,0.6663
C:\Users\user\Downloads\CrisisMMD_v2.0\CrisisMMD_v2.0\data_image\hurricane_maria\3_10_2017\915313106473103360_0.jpg,mild_damage,Moderate,0.6516
C:\Users\user\Downloads\CrisisMMD_v2.0\CrisisMMD_v2.0\data_image\hurricane_maria\3_10_2017\915319640145911809_1.jpg,mild_damage,Moderate,0.6634
C:\Users\user\Downloads\CrisisMMD_v2.0\CrisisMMD_v2.0\data_image\hurricane_maria\3_10_2017\915319640145911809_2.jpg,mild_damage,Moderate,0.6737
C:\Users\user\Downloads\CrisisMMD_v2.0\CrisisMMD_v2.0\data_image\hurricane_maria\3_10_2017\915320338187243520_0.jpg,severe_damage,Severe,0.6911
C:\Users\user\Downloads\CrisisMMD_v2.0\CrisisMMD_v2.0\data_image\hurricane_maria\5_10_2017\915973610723999745_0.jpg,severe_damage,Severe,0.6526
C:\Users\user\Downloads\CrisisMMD_v2.0\CrisisMMD_v2.0\data_image\hurricane_maria\5_10_2017\915973750276857856_0.jpg,mild_damage,Moderate,0.6693
C:\Users\user\Downloads\CrisisMMD_v2.0\CrisisMMD_v2.0\data_image\hurricane_maria\5_10_2017\915995090316750848_0.jpg,severe_damage,Severe,1.0
C:\Users\user\Downloads\CrisisMMD_v2.0\CrisisMMD_v2.0\data_image\hurricane_maria\5_10_2017\915995595923435520_0.jpg,mild_damage,Moderate,0.6038
C:\Users\user\Downloads\CrisisMMD_v2.0\CrisisMMD_v2.0\data_image\hurricane_maria\5_10_2017\915995949662576645_1.jpg,mild_damage,Moderate,0.655
C:\Users\user\Downloads\CrisisMMD_v2.0\CrisisMMD_v2.0\data_image\hurricane_maria\5_10_2017\915995949662576645_3.jpg,severe_damage,Severe,0.7056
C:\Users\user\Downloads\CrisisMMD_v2.0\CrisisMMD_v2.0\data_image\hurricane_maria\5_10_2017\916010879484928001_0.jpg,severe_damage,Severe,1.0
C:\Users\user\Downloads\CrisisMMD_v2.0\CrisisMMD_v2.0\data_image\hurricane_maria\5_10_2017\916019437865709570_0.jpg,severe_damage,Severe,1.0
C:\Users\user\Downloads\CrisisMMD_v2.0\CrisisMMD_v2.0\data_image\hurricane_maria\5_10_2017\916019554161016832_0.jpg,severe_damage,Severe,1.0
C:\Users\user\Downloads\CrisisMMD_v2.0\CrisisMMD_v2.0\data_image\hurricane_maria\5_10_2017\916020188130234368_0.jpg,severe_damage,Severe,1.0
C:\Users\user\Downloads\CrisisMMD_v2.0\CrisisMMD_v2.0\data_image\hurricane_maria\5_10_2017\916027872212656129_0.jpg,severe_damage,Severe,1.0
C:\Users\user\Downloads\CrisisMMD_v2.0\CrisisMMD_v2.0\data_image\hurricane_maria\5_10_2017\916027872212656129_2.jpg,little_or_no_damage,Minor,0.3647
C:\Users\user\Downloads\CrisisMMD_v2.0\CrisisMMD_v2.0\data_image\hurricane_maria\5_10_2017\916027872212656129_3.jpg,severe_damage,Severe,0.681
C:\Users\user\Downloads\CrisisMMD_v2.0\CrisisMMD_v2.0\data_image\hurricane_maria\5_10_2017\916028011023126529_0.jpg,severe_damage,Severe,0.6784
C:\Users\user\Downloads\CrisisMMD_v2.0\CrisisMMD_v2.0\data_image\hurricane_maria\5_10_2017\916035970985684992_0.jpg,severe_damage,Severe,0.7355
C:\Users\user\Downloads\CrisisMMD_v2.0\CrisisMMD_v2.0\data_image\hurricane_maria\5_10_2017\916045452272947200_0.jpg,severe_damage,Severe,1.0
C:\Users\user\Downloads\CrisisMMD_v2.0\CrisisMMD_v2.0\data_image\hurricane_maria\5_10_2017\916051858828926976_0.jpg,mild_damage,Moderate,1.0
C:\Users\user\Downloads\CrisisMMD_v2.0\CrisisMMD_v2.0\data_image\hurricane_maria\5_10_2017\916061161166200832_0.jpg,severe_damage,Severe,1.0
C:\Users\user\Downloads\CrisisMMD_v2.0\CrisisMMD_v2.0\data_image\hurricane_maria\5_10_2017\916070325019987969_0.jpg,severe_damage,Severe,0.5785
C:\Users\user\Downloads\CrisisMMD_v2.0\CrisisMMD_v2.0\data_image\hurricane_maria\5_10_2017\916085953084710914_0.jpg,mild_damage,Moderate,1.0
C:\Users\user\Downloads\CrisisMMD_v2.0\CrisisMMD_v2.0\data_image\hurricane_maria\5_10_2017\916086364285923329_0.jpg,severe_damage,Severe,1.0
C:\Users\user\Downloads\CrisisMMD_v2.0\CrisisMMD_v2.0\data_image\hurricane_maria\5_10_2017\916086878088163329_0.jpg,severe_damage,Severe,0.6852
C:\Users\user\Downloads\CrisisMMD_v2.0\CrisisMMD_v2.0\data_image\hurricane_maria\6_10_2017\916095715813744640_0.jpg,severe_damage,Severe,0.6734
C:\Users\user\Downloads\CrisisMMD_v2.0\CrisisMMD_v2.0\data_image\hurricane_maria\6_10_2017\916095924321046529_0.jpg,severe_damage,Severe,0.6675
C:\Users\user\Downloads\CrisisMMD_v2.0\CrisisMMD_v2.0\data_image\hurricane_maria\6_10_2017\916104794288394240_0.jpg,mild_damage,Moderate,0.719
C:\Users\user\Downloads\CrisisMMD_v2.0\CrisisMMD_v2.0\data_image\hurricane_maria\6_10_2017\916114156058763264_0.jpg,mild_damage,Moderate,0.3478
C:\Users\user\Downloads\CrisisMMD_v2.0\CrisisMMD_v2.0\data_image\hurricane_maria\6_10_2017\916134570759802880_0.jpg,little_or_no_damage,Minor,0.6884
C:\Users\user\Downloads\CrisisMMD_v2.0\CrisisMMD_v2.0\data_image\hurricane_maria\6_10_2017\916148763105943552_0.jpg,mild_damage,Moderate,0.66
C:\Users\user\Downloads\CrisisMMD_v2.0\CrisisMMD_v2.0\data_image\hurricane_maria\6_10_2017\916150091966177280_0.jpg,mild_damage,Moderate,0.66
C:\Users\user\Downloads\CrisisMMD_v2.0\CrisisMMD_v2.0\data_image\hurricane_maria\6_10_2017\916168959971303424_0.jpg,mild_damage,Moderate,0.6859
C:\Users\user\Downloads\CrisisMMD_v2.0\CrisisMMD_v2.0\data_image\hurricane_maria\6_10_2017\916178330319314944_0.jpg,severe_damage,Severe,0.5785
C:\Users\user\Downloads\CrisisMMD_v2.0\CrisisMMD_v2.0\data_image\hurricane_maria\6_10_2017\916179895105056768_0.jpg,mild_damage,Moderate,1.0
C:\Users\user\Downloads\CrisisMMD_v2.0\CrisisMMD_v2.0\data_image\hurricane_maria\6_10_2017\916262585552556032_0.jpg,little_or_no_damage,Minor,1.0
C:\Users\user\Downloads\CrisisMMD_v2.0\CrisisMMD_v2.0\data_image\hurricane_maria\6_10_2017\916262602325528577_0.jpg,mild_damage,Moderate,1.0
C:\Users\user\Downloads\CrisisMMD_v2.0\CrisisMMD_v2.0\data_image\hurricane_maria\6_10_2017\916284423020085250_0.jpg,severe_damage,Severe,0.655
C:\Users\user\Downloads\CrisisMMD_v2.0\CrisisMMD_v2.0\data_image\hurricane_maria\6_10_2017\916291860162859009_0.jpg,severe_damage,Severe,0.6728
C:\Users\user\Downloads\CrisisMMD_v2.0\CrisisMMD_v2.0\data_image\hurricane_maria\6_10_2017\916292237700497408_1.jpg,mild_damage,Moderate,1.0
C:\Users\user\Downloads\CrisisMMD_v2.0\CrisisMMD_v2.0\data_image\hurricane_maria\6_10_2017\916292237700497408_3.jpg,mild_damage,Moderate,0.6902
C:\Users\user\Downloads\CrisisMMD_v2.0\CrisisMMD_v2.0\data_image\hurricane_maria\6_10_2017\916310521661591552_0.jpg,little_or_no_damage,Minor,0.6832
C:\Users\user\Downloads\CrisisMMD_v2.0\CrisisMMD_v2.0\data_image\hurricane_maria\6_10_2017\916320126529671168_0.jpg,severe_damage,Severe,0.6935
C:\Users\user\Downloads\CrisisMMD_v2.0\CrisisMMD_v2.0\data_image\hurricane_maria\6_10_2017\916332001501655041_0.jpg,mild_damage,Moderate,0.6489
C:\Users\user\Downloads\CrisisMMD_v2.0\CrisisMMD_v2.0\data_image\hurricane_maria\6_10_2017\916332585537728513_0.jpg,severe_damage,Severe,0.374
C:\Users\user\Downloads\CrisisMMD_v2.0\CrisisMMD_v2.0\data_image\hurricane_maria\6_10_2017\916341004478943234_0.jpg,severe_damage,Severe,0.6944
C:\Users\user\Downloads\CrisisMMD_v2.0\CrisisMMD_v2.0\data_image\hurricane_maria\6_10_2017\916342141953200128_0.jpg,severe_damage,Severe,1.0
C:\Users\user\Downloads\CrisisMMD_v2.0\CrisisMMD_v2.0\data_image\hurricane_maria\6_10_2017\916351632287215616_0.jpg,severe_damage,Severe,1.0
C:\Users\user\Downloads\CrisisMMD_v2.0\CrisisMMD_v2.0\data_image\hurricane_maria\6_10_2017\916351942212939776_0.jpg,severe_damage,Severe,0.3491
C:\Users\user\Downloads\CrisisMMD_v2.0\CrisisMMD_v2.0\data_image\hurricane_maria\10_10_2017\917782042473041920_0.jpg,severe_damage,Severe,1.0
C:\Users\user\Downloads\CrisisMMD_v2.0\CrisisMMD_v2.0\data_image\hurricane_maria\11_10_2017\917920718603673601_0.jpg,mild_damage,Moderate,1.0
C:\Users\user\Downloads\CrisisMMD_v2.0\CrisisMMD_v2.0\data_image\hurricane_maria\11_10_2017\917920843430334464_0.jpg,severe_damage,Severe,1.0
C:\Users\user\Downloads\CrisisMMD_v2.0\CrisisMMD_v2.0\data_image\hurricane_maria\11_10_2017\917920946450771971_0.jpg,severe_damage,Severe,1.0
C:\Users\user\Downloads\CrisisMMD_v2.0\CrisisMMD_v2.0\data_image\hurricane_maria\20_10_2017\921304553840152576_1.jpg,severe_damage,Severe,1.0
C:\Users\user\Downloads\CrisisMMD_v2.0\CrisisMMD_v2.0\data_image\hurricane_maria\20_10_2017\921306645833175040_0.jpg,mild_damage,Moderate,1.0
C:\Users\user\Downloads\CrisisMMD_v2.0\CrisisMMD_v2.0\data_image\hurricane_maria\20_10_2017\921316214441463808_0.jpg,severe_damage,Severe,0.6428
C:\Users\user\Downloads\CrisisMMD_v2.0\CrisisMMD_v2.0\data_image\hurricane_maria\20_10_2017\921316214441463808_1.jpg,mild_damage,Moderate,0.6652
C:\Users\user\Downloads\CrisisMMD_v2.0\CrisisMMD_v2.0\data_image\hurricane_maria\20_10_2017\921316214441463808_2.jpg,severe_damage,Severe,0.3471
C:\Users\user\Downloads\CrisisMMD_v2.0\CrisisMMD_v2.0\data_image\hurricane_maria\20_10_2017\921317041365245952_0.jpg,mild_damage,Moderate,1.0
C:\Users\user\Downloads\CrisisMMD_v2.0\CrisisMMD_v2.0\data_image\hurricane_maria\20_10_2017\921364144191954945_0.jpg,mild_damage,Moderate,0.3432
C:\Users\user\Downloads\CrisisMMD_v2.0\CrisisMMD_v2.0\data_image\hurricane_maria\20_10_2017\921364937661976576_0.jpg,severe_damage,Severe,0.6545
C:\Users\user\Downloads\CrisisMMD_v2.0\CrisisMMD_v2.0\data_image\hurricane_maria\20_10_2017\921368676036575233_0.jpg,severe_damage,Severe,1.0
C:\Users\user\Downloads\CrisisMMD_v2.0\CrisisMMD_v2.0\data_image\hurricane_maria\20_10_2017\921370720931684357_0.jpg,mild_damage,Moderate,0.3432
C:\Users\user\Downloads\CrisisMMD_v2.0\CrisisMMD_v2.0\data_image\hurricane_maria\20_10_2017\921382178625335296_0.jpg,mild_damage,Moderate,0.6385
C:\Users\user\Downloads\CrisisMMD_v2.0\CrisisMMD_v2.0\data_image\hurricane_maria\20_10_2017\921383665917218816_0.jpg,mild_damage,Moderate,1.0
C:\Users\user\Downloads\CrisisMMD_v2.0\CrisisMMD_v2.0\data_image\hurricane_maria\20_10_2017\921385789635944448_0.jpg,little_or_no_damage,Minor,0.3384
C:\Users\user\Downloads\CrisisMMD_v2.0\CrisisMMD_v2.0\data_image\hurricane_maria\20_10_2017\921390909031354368_0.jpg,mild_damage,Moderate,0.6978
C:\Users\user\Downloads\CrisisMMD_v2.0\CrisisMMD_v2.0\data_image\hurricane_maria\20_10_2017\921392139262660608_0.jpg,severe_damage,Severe,1.0
C:\Users\user\Downloads\CrisisMMD_v2.0\CrisisMMD_v2.0\data_image\hurricane_maria\20_10_2017\921403426717569025_0.jpg,mild_damage,Moderate,1.0
C:\Users\user\Downloads\CrisisMMD_v2.0\CrisisMMD_v2.0\data_image\hurricane_maria\20_10_2017\921403830180433923_0.jpg,mild_damage,Moderate,0.6842
C:\Users\user\Downloads\CrisisMMD_v2.0\CrisisMMD_v2.0\data_image\hurricane_maria\20_10_2017\921407194188222465_0.jpg,severe_damage,Severe,1.0
C:\Users\user\Downloads\CrisisMMD_v2.0\CrisisMMD_v2.0\data_image\hurricane_maria\20_10_2017\921410388864000000_0.jpg,severe_damage,Severe,1.0
C:\Users\user\Downloads\CrisisMMD_v2.0\CrisisMMD_v2.0\data_image\hurricane_maria\20_10_2017\921414977507995648_0.jpg,mild_damage,Moderate,1.0
C:\Users\user\Downloads\CrisisMMD_v2.0\CrisisMMD_v2.0\data_image\hurricane_maria\20_10_2017\921419527489032192_0.jpg,severe_damage,Severe,0.7735
C:\Users\user\Downloads\CrisisMMD_v2.0\CrisisMMD_v2.0\data_image\hurricane_maria\20_10_2017\921421609726029825_0.jpg,mild_damage,Moderate,1.0
C:\Users\user\Downloads\CrisisMMD_v2.0\CrisisMMD_v2.0\data_image\hurricane_maria\20_10_2017\921421609726029825_1.jpg,mild_damage,Moderate,1.0
C:\Users\user\Downloads\CrisisMMD_v2.0\CrisisMMD_v2.0\data_image\hurricane_maria\20_10_2017\921422248338214913_0.jpg,severe_damage,Severe,0.7735
C:\Users\user\Downloads\CrisisMMD_v2.0\CrisisMMD_v2.0\data_image\hurricane_maria\20_10_2017\921422259897733122_0.jpg,severe_damage,Severe,0.6703
C:\Users\user\Downloads\CrisisMMD_v2.0\CrisisMMD_v2.0\data_image\hurricane_maria\20_10_2017\921425813970579457_0.jpg,severe_damage,Severe,1.0
C:\Users\user\Downloads\CrisisMMD_v2.0\CrisisMMD_v2.0\data_image\hurricane_maria\20_10_2017\921427706880954369_0.jpg,mild_damage,Moderate,0.719
C:\Users\user\Downloads\CrisisMMD_v2.0\CrisisMMD_v2.0\data_image\hurricane_maria\20_10_2017\921428147861708800_0.jpg,severe_damage,Severe,1.0
C:\Users\user\Downloads\CrisisMMD_v2.0\CrisisMMD_v2.0\data_image\hurricane_maria\20_10_2017\921433090177863680_0.jpg,severe_damage,Severe,1.0
C:\Users\user\Downloads\CrisisMMD_v2.0\CrisisMMD_v2.0\data_image\hurricane_maria\20_10_2017\921439546348273667_0.jpg,severe_damage,Severe,0.6407
C:\Users\user\Downloads\CrisisMMD_v2.0\CrisisMMD_v2.0\data_image\hurricane_maria\20_10_2017\921441710281932800_0.jpg,severe_damage,Severe,0.6531
C:\Users\user\Downloads\CrisisMMD_v2.0\CrisisMMD_v2.0\data_image\hurricane_maria\20_10_2017\921443803457781766_1.jpg,little_or_no_damage,Minor,0.3444
C:\Users\user\Downloads\CrisisMMD_v2.0\CrisisMMD_v2.0\data_image\hurricane_maria\20_10_2017\921461077086482432_0.jpg,mild_damage,Moderate,0.5859
C:\Users\user\Downloads\CrisisMMD_v2.0\CrisisMMD_v2.0\data_image\hurricane_maria\20_10_2017\921494613164199936_0.jpg,severe_damage,Severe,1.0
C:\Users\user\Downloads\CrisisMMD_v2.0\CrisisMMD_v2.0\data_image\hurricane_maria\21_10_2017\921529194730983424_1.jpg,mild_damage,Moderate,0.6739
C:\Users\user\Downloads\CrisisMMD_v2.0\CrisisMMD_v2.0\data_image\hurricane_maria\21_10_2017\921532750552883200_0.jpg,little_or_no_damage,Minor,0.5859
C:\Users\user\Downloads\CrisisMMD_v2.0\CrisisMMD_v2.0\data_image\hurricane_maria\21_10_2017\921542604801626112_0.jpg,mild_damage,Moderate,0.6475
C:\Users\user\Downloads\CrisisMMD_v2.0\CrisisMMD_v2.0\data_image\hurricane_maria\21_10_2017\921559570475991041_0.jpg,mild_damage,Moderate,0.6981
C:\Users\user\Downloads\CrisisMMD_v2.0\CrisisMMD_v2.0\data_image\hurricane_maria\21_10_2017\921560430803382272_0.jpg,little_or_no_damage,Minor,0.6191
C:\Users\user\Downloads\CrisisMMD_v2.0\CrisisMMD_v2.0\data_image\hurricane_maria\21_10_2017\921564595877302272_0.jpg,mild_damage,Moderate,1.0
C:\Users\user\Downloads\CrisisMMD_v2.0\CrisisMMD_v2.0\data_image\hurricane_maria\21_10_2017\921619592342097921_0.jpg,severe_damage,Severe,0.6362
C:\Users\user\Downloads\CrisisMMD_v2.0\CrisisMMD_v2.0\data_image\hurricane_maria\21_10_2017\921629571128143872_0.jpg,severe_damage,Severe,1.0
C:\Users\user\Downloads\CrisisMMD_v2.0\CrisisMMD_v2.0\data_image\hurricane_maria\21_10_2017\921704142032080896_0.jpg,severe_damage,Severe,1.0
C:\Users\user\Downloads\CrisisMMD_v2.0\CrisisMMD_v2.0\data_image\hurricane_maria\21_10_2017\921723467631939585_0.jpg,mild_damage,Moderate,0.6246
C:\Users\user\Downloads\CrisisMMD_v2.0\CrisisMMD_v2.0\data_image\hurricane_maria\21_10_2017\921746970527653888_0.jpg,severe_damage,Severe,1.0
C:\Users\user\Downloads\CrisisMMD_v2.0\CrisisMMD_v2.0\data_image\hurricane_maria\21_10_2017\921756266531143680_0.jpg,mild_damage,Moderate,0.6842
C:\Users\user\Downloads\CrisisMMD_v2.0\CrisisMMD_v2.0\data_image\hurricane_maria\21_10_2017\921780671760171008_0.jpg,mild_damage,Moderate,1.0
C:\Users\user\Downloads\CrisisMMD_v2.0\CrisisMMD_v2.0\data_image\hurricane_maria\21_10_2017\921785922005250048_0.jpg,mild_damage,Moderate,0.6522
C:\Users\user\Downloads\CrisisMMD_v2.0\CrisisMMD_v2.0\data_image\hurricane_maria\21_10_2017\921806731625357313_0.jpg,severe_damage,Severe,0.6764
C:\Users\user\Downloads\CrisisMMD_v2.0\CrisisMMD_v2.0\data_image\hurricane_maria\21_10_2017\921842963843551233_0.jpg,severe_damage,Severe,1.0
C:\Users\user\Downloads\CrisisMMD_v2.0\CrisisMMD_v2.0\data_image\hurricane_maria\21_10_2017\921853322570731520_1.jpg,little_or_no_damage,Minor,0.6585
C:\Users\user\Downloads\CrisisMMD_v2.0\CrisisMMD_v2.0\data_image\hurricane_maria\21_10_2017\921865301809123328_0.jpg,severe_damage,Severe,0.6773
C:\Users\user\Downloads\CrisisMMD_v2.0\CrisisMMD_v2.0\data_image\hurricane_maria\21_10_2017\921868154581737472_0.jpg,severe_damage,Severe,1.0
C:\Users\user\Downloads\CrisisMMD_v2.0\CrisisMMD_v2.0\data_image\hurricane_maria\21_10_2017\921873063628730368_0.jpg,little_or_no_damage,Minor,0.6842
C:\Users\user\Downloads\CrisisMMD_v2.0\CrisisMMD_v2.0\data_image\hurricane_maria\22_10_2017\921914898665394176_0.jpg,mild_damage,Moderate,1.0
C:\Users\user\Downloads\CrisisMMD_v2.0\CrisisMMD_v2.0\data_image\hurricane_maria\22_10_2017\921916224564551681_0.jpg,severe_damage,Severe,0.6753
C:\Users\user\Downloads\CrisisMMD_v2.0\CrisisMMD_v2.0\data_image\hurricane_maria\22_10_2017\921931322444132352_0.jpg,severe_damage,Severe,1.0
C:\Users\user\Downloads\CrisisMMD_v2.0\CrisisMMD_v2.0\data_image\hurricane_maria\22_10_2017\922002042490621954_0.jpg,severe_damage,Severe,1.0
C:\Users\user\Downloads\CrisisMMD_v2.0\CrisisMMD_v2.0\data_image\hurricane_maria\22_10_2017\922004023439511552_0.jpg,severe_damage,Severe,1.0
C:\Users\user\Downloads\CrisisMMD_v2.0\CrisisMMD_v2.0\data_image\hurricane_maria\22_10_2017\922015756140843008_0.jpg,mild_damage,Moderate,0.6622
C:\Users\user\Downloads\CrisisMMD_v2.0\CrisisMMD_v2.0\data_image\hurricane_maria\22_10_2017\922015756140843008_1.jpg,mild_damage,Moderate,0.645
C:\Users\user\Downloads\CrisisMMD_v2.0\CrisisMMD_v2.0\data_image\hurricane_maria\22_10_2017\922015756140843008_2.jpg,mild_damage,Moderate,1.0
C:\Users\user\Downloads\CrisisMMD_v2.0\CrisisMMD_v2.0\data_image\hurricane_maria\22_10_2017\922025627351429120_0.jpg,mild_damage,Moderate,0.6777
C:\Users\user\Downloads\CrisisMMD_v2.0\CrisisMMD_v2.0\data_image\hurricane_maria\22_10_2017\922049558758248448_0.jpg,mild_damage,Moderate,0.6472
C:\Users\user\Downloads\CrisisMMD_v2.0\CrisisMMD_v2.0\data_image\hurricane_maria\22_10_2017\922102003035262976_0.jpg,mild_damage,Moderate,0.6475
C:\Users\user\Downloads\CrisisMMD_v2.0\CrisisMMD_v2.0\data_image\hurricane_maria\22_10_2017\922104773821718529_0.jpg,severe_damage,Severe,1.0
C:\Users\user\Downloads\CrisisMMD_v2.0\CrisisMMD_v2.0\data_image\hurricane_maria\22_10_2017\922105211895910400_0.jpg,severe_damage,Severe,0.6428
C:\Users\user\Downloads\CrisisMMD_v2.0\CrisisMMD_v2.0\data_image\hurricane_maria\22_10_2017\922115365387358208_0.jpg,severe_damage,Severe,0.6623
C:\Users\user\Downloads\CrisisMMD_v2.0\CrisisMMD_v2.0\data_image\hurricane_maria\22_10_2017\922119374810488832_0.jpg,severe_damage,Severe,1.0
C:\Users\user\Downloads\CrisisMMD_v2.0\CrisisMMD_v2.0\data_image\hurricane_maria\22_10_2017\922132997326991360_0.jpg,little_or_no_damage,Minor,0.6562
C:\Users\user\Downloads\CrisisMMD_v2.0\CrisisMMD_v2.0\data_image\hurricane_maria\22_10_2017\922153859354677254_0.jpg,little_or_no_damage,Minor,0.3464
C:\Users\user\Downloads\CrisisMMD_v2.0\CrisisMMD_v2.0\data_image\hurricane_maria\22_10_2017\922220710541561857_0.jpg,severe_damage,Severe,0.6714
C:\Users\user\Downloads\CrisisMMD_v2.0\CrisisMMD_v2.0\data_image\hurricane_maria\22_10_2017\922228467613171713_0.jpg,severe_damage,Severe,0.7355
C:\Users\user\Downloads\CrisisMMD_v2.0\CrisisMMD_v2.0\data_image\hurricane_maria\23_10_2017\922322835896287232_0.jpg,mild_damage,Moderate,0.6919
C:\Users\user\Downloads\CrisisMMD_v2.0\CrisisMMD_v2.0\data_image\hurricane_maria\23_10_2017\922364261153853446_0.jpg,severe_damage,Severe,1.0
C:\Users\user\Downloads\CrisisMMD_v2.0\CrisisMMD_v2.0\data_image\hurricane_maria\23_10_2017\922371089078026240_0.jpg,severe_damage,Severe,1.0
C:\Users\user\Downloads\CrisisMMD_v2.0\CrisisMMD_v2.0\data_image\hurricane_maria\23_10_2017\922387722236518401_0.jpg,severe_damage,Severe,0.6716
C:\Users\user\Downloads\CrisisMMD_v2.0\CrisisMMD_v2.0\data_image\hurricane_maria\23_10_2017\922424804132524034_0.jpg,severe_damage,Severe,1.0
C:\Users\user\Downloads\CrisisMMD_v2.0\CrisisMMD_v2.0\data_image\hurricane_maria\23_10_2017\922429678933151745_0.jpg,severe_damage,Severe,0.6703
C:\Users\user\Downloads\CrisisMMD_v2.0\CrisisMMD_v2.0\data_image\hurricane_maria\23_10_2017\922438575991459840_1.jpg,little_or_no_damage,Minor,0.6612
C:\Users\user\Downloads\CrisisMMD_v2.0\CrisisMMD_v2.0\data_image\hurricane_maria\23_10_2017\922451631605796864_1.jpg,severe_damage,Severe,1.0
C:\Users\user\Downloads\CrisisMMD_v2.0\CrisisMMD_v2.0\data_image\hurricane_maria\23_10_2017\922464066622377986_0.jpg,little_or_no_damage,Minor,1.0
C:\Users\user\Downloads\CrisisMMD_v2.0\CrisisMMD_v2.0\data_image\hurricane_maria\23_10_2017\922465438507954176_0.jpg,severe_damage,Severe,0.3509
C:\Users\user\Downloads\CrisisMMD_v2.0\CrisisMMD_v2.0\data_image\hurricane_maria\23_10_2017\922465813650706432_0.jpg,severe_damage,Severe,0.6676
C:\Users\user\Downloads\CrisisMMD_v2.0\CrisisMMD_v2.0\data_image\hurricane_maria\23_10_2017\922474905538564096_0.jpg,little_or_no_damage,Minor,1.0
C:\Users\user\Downloads\CrisisMMD_v2.0\CrisisMMD_v2.0\data_image\hurricane_maria\23_10_2017\922474988472492037_0.jpg,severe_damage,Severe,1.0
C:\Users\user\Downloads\CrisisMMD_v2.0\CrisisMMD_v2.0\data_image\hurricane_maria\23_10_2017\922492911337517056_0.jpg,severe_damage,Severe,0.6703
C:\Users\user\Downloads\CrisisMMD_v2.0\CrisisMMD_v2.0\data_image\hurricane_maria\23_10_2017\922496193317560326_0.jpg,severe_damage,Severe,0.3628
C:\Users\user\Downloads\CrisisMMD_v2.0\CrisisMMD_v2.0\data_image\hurricane_maria\23_10_2017\922496274129129473_0.jpg,little_or_no_damage,Minor,0.6663
C:\Users\user\Downloads\CrisisMMD_v2.0\CrisisMMD_v2.0\data_image\hurricane_maria\23_10_2017\922501358640615424_0.jpg,mild_damage,Moderate,0.636
C:\Users\user\Downloads\CrisisMMD_v2.0\CrisisMMD_v2.0\data_image\hurricane_maria\23_10_2017\922506003609878528_0.jpg,severe_damage,Severe,0.3844
C:\Users\user\Downloads\CrisisMMD_v2.0\CrisisMMD_v2.0\data_image\hurricane_maria\23_10_2017\922515469399134208_0.jpg,severe_damage,Severe,1.0
C:\Users\user\Downloads\CrisisMMD_v2.0\CrisisMMD_v2.0\data_image\hurricane_maria\23_10_2017\922515983859900417_0.jpg,severe_damage,Severe,1.0
C:\Users\user\Downloads\CrisisMMD_v2.0\CrisisMMD_v2.0\data_image\hurricane_maria\23_10_2017\922539455847780353_3.jpg,mild_damage,Moderate,0.6528
C:\Users\user\Downloads\CrisisMMD_v2.0\CrisisMMD_v2.0\data_image\hurricane_maria\23_10_2017\922560865144012803_0.jpg,severe_damage,Severe,0.3604
C:\Users\user\Downloads\CrisisMMD_v2.0\CrisisMMD_v2.0\data_image\hurricane_maria\23_10_2017\922560865144012803_1.jpg,mild_damage,Moderate,1.0
C:\Users\user\Downloads\CrisisMMD_v2.0\CrisisMMD_v2.0\data_image\hurricane_maria\23_10_2017\922560865144012803_2.jpg,mild_damage,Moderate,1.0
C:\Users\user\Downloads\CrisisMMD_v2.0\CrisisMMD_v2.0\data_image\hurricane_maria\23_10_2017\922573383241490432_0.jpg,severe_damage,Severe,0.6917
C:\Users\user\Downloads\CrisisMMD_v2.0\CrisisMMD_v2.0\data_image\hurricane_maria\23_10_2017\922588041952182272_2.jpg,mild_damage,Moderate,1.0
C:\Users\user\Downloads\CrisisMMD_v2.0\CrisisMMD_v2.0\data_image\hurricane_maria\23_10_2017\922601042533007362_0.jpg,little_or_no_damage,Minor,0.3962
C:\Users\user\Downloads\CrisisMMD_v2.0\CrisisMMD_v2.0\data_image\hurricane_maria\23_10_2017\922606066034270208_0.jpg,severe_damage,Severe,1.0
C:\Users\user\Downloads\CrisisMMD_v2.0\CrisisMMD_v2.0\data_image\hurricane_maria\23_10_2017\922610290281402368_0.jpg,mild_damage,Moderate,1.0
C:\Users\user\Downloads\CrisisMMD_v2.0\CrisisMMD_v2.0\data_image\hurricane_maria\23_10_2017\922610290281402368_1.jpg,little_or_no_damage,Minor,0.658
C:\Users\user\Downloads\CrisisMMD_v2.0\CrisisMMD_v2.0\data_image\hurricane_maria\23_10_2017\922610290281402368_2.jpg,severe_damage,Severe,0.66
C:\Users\user\Downloads\CrisisMMD_v2.0\CrisisMMD_v2.0\data_image\hurricane_maria\23_10_2017\922610290281402368_3.jpg,mild_damage,Moderate,0.6337
C:\Users\user\Downloads\CrisisMMD_v2.0\CrisisMMD_v2.0\data_image\hurricane_maria\24_10_2017\922643330801991686_0.jpg,severe_damage,Severe,1.0
C:\Users\user\Downloads\CrisisMMD_v2.0\CrisisMMD_v2.0\data_image\hurricane_maria\24_10_2017\922664032187793408_0.jpg,severe_damage,Severe,0.662
C:\Users\user\Downloads\CrisisMMD_v2.0\CrisisMMD_v2.0\data_image\hurricane_maria\24_10_2017\922671016828026880_0.jpg,mild_damage,Moderate,0.6687
C:\Users\user\Downloads\CrisisMMD_v2.0\CrisisMMD_v2.0\data_image\hurricane_maria\24_10_2017\922675551835508736_0.jpg,little_or_no_damage,Minor,0.695
C:\Users\user\Downloads\CrisisMMD_v2.0\CrisisMMD_v2.0\data_image\hurricane_maria\24_10_2017\922734674832756737_0.jpg,little_or_no_damage,Minor,0.6803
C:\Users\user\Downloads\CrisisMMD_v2.0\CrisisMMD_v2.0\data_image\hurricane_maria\24_10_2017\922818892300402689_0.jpg,mild_damage,Moderate,0.6316
C:\Users\user\Downloads\CrisisMMD_v2.0\CrisisMMD_v2.0\data_image\hurricane_maria\24_10_2017\922819431692201984_0.jpg,mild_damage,Moderate,0.6396
C:\Users\user\Downloads\CrisisMMD_v2.0\CrisisMMD_v2.0\data_image\hurricane_maria\24_10_2017\922837354926153728_0.jpg,severe_damage,Severe,1.0
C:\Users\user\Downloads\CrisisMMD_v2.0\CrisisMMD_v2.0\data_image\hurricane_maria\24_10_2017\922840948358316032_0.jpg,severe_damage,Severe,0.7355
C:\Users\user\Downloads\CrisisMMD_v2.0\CrisisMMD_v2.0\data_image\hurricane_maria\24_10_2017\922840948358316032_1.jpg,severe_damage,Severe,0.7073
C:\Users\user\Downloads\CrisisMMD_v2.0\CrisisMMD_v2.0\data_image\hurricane_maria\24_10_2017\922856336915877888_0.jpg,severe_damage,Severe,0.6972
C:\Users\user\Downloads\CrisisMMD_v2.0\CrisisMMD_v2.0\data_image\hurricane_maria\24_10_2017\922857566220283904_0.jpg,mild_damage,Moderate,0.6432
C:\Users\user\Downloads\CrisisMMD_v2.0\CrisisMMD_v2.0\data_image\hurricane_maria\24_10_2017\922857782453338112_0.jpg,little_or_no_damage,Minor,0.3572
C:\Users\user\Downloads\CrisisMMD_v2.0\CrisisMMD_v2.0\data_image\hurricane_maria\24_10_2017\922878599232974848_0.jpg,severe_damage,Severe,0.6502
C:\Users\user\Downloads\CrisisMMD_v2.0\CrisisMMD_v2.0\data_image\hurricane_maria\24_10_2017\922881031463755776_0.jpg,little_or_no_damage,Minor,0.6711
C:\Users\user\Downloads\CrisisMMD_v2.0\CrisisMMD_v2.0\data_image\hurricane_maria\24_10_2017\922889146997211136_0.jpg,little_or_no_damage,Minor,0.6904
C:\Users\user\Downloads\CrisisMMD_v2.0\CrisisMMD_v2.0\data_image\hurricane_maria\24_10_2017\922895396027944961_0.jpg,severe_damage,Severe,1.0
C:\Users\user\Downloads\CrisisMMD_v2.0\CrisisMMD_v2.0\data_image\hurricane_maria\24_10_2017\922907836052422656_0.jpg,mild_damage,Moderate,0.6942
C:\Users\user\Downloads\CrisisMMD_v2.0\CrisisMMD_v2.0\data_image\hurricane_maria\24_10_2017\922911846457364481_0.jpg,severe_damage,Severe,0.6529
C:\Users\user\Downloads\CrisisMMD_v2.0\CrisisMMD_v2.0\data_image\hurricane_maria\24_10_2017\922915653887049729_0.jpg,mild_damage,Moderate,1.0
C:\Users\user\Downloads\CrisisMMD_v2.0\CrisisMMD_v2.0\data_image\hurricane_maria\24_10_2017\922925964681666560_0.jpg,severe_damage,Severe,1.0
C:\Users\user\Downloads\CrisisMMD_v2.0\CrisisMMD_v2.0\data_image\hurricane_maria\24_10_2017\922934077019316225_0.jpg,severe_damage,Severe,0.6346
C:\Users\user\Downloads\CrisisMMD_v2.0\CrisisMMD_v2.0\data_image\hurricane_maria\24_10_2017\922955907474042880_0.jpg,severe_damage,Severe,1.0
C:\Users\user\Downloads\CrisisMMD_v2.0\CrisisMMD_v2.0\data_image\hurricane_maria\24_10_2017\922969963035615233_0.jpg,little_or_no_damage,Minor,1.0
C:\Users\user\Downloads\CrisisMMD_v2.0\CrisisMMD_v2.0\data_image\hurricane_maria\25_10_2017\922977569732988928_0.jpg,severe_damage,Severe,0.6165
C:\Users\user\Downloads\CrisisMMD_v2.0\CrisisMMD_v2.0\data_image\hurricane_maria\25_10_2017\922977759583985664_0.jpg,mild_damage,Moderate,0.3519
C:\Users\user\Downloads\CrisisMMD_v2.0\CrisisMMD_v2.0\data_image\hurricane_maria\25_10_2017\922979668352958467_0.jpg,severe_damage,Severe,1.0
C:\Users\user\Downloads\CrisisMMD_v2.0\CrisisMMD_v2.0\data_image\hurricane_maria\25_10_2017\922983668238422017_0.jpg,severe_damage,Severe,1.0
C:\Users\user\Downloads\CrisisMMD_v2.0\CrisisMMD_v2.0\data_image\hurricane_maria\25_10_2017\922999381657231360_0.jpg,mild_damage,Moderate,0.6806
C:\Users\user\Downloads\CrisisMMD_v2.0\CrisisMMD_v2.0\data_image\hurricane_maria\25_10_2017\923012116763762688_0.jpg,mild_damage,Moderate,0.6964
C:\Users\user\Downloads\CrisisMMD_v2.0\CrisisMMD_v2.0\data_image\hurricane_maria\25_10_2017\923012624912072705_0.jpg,severe_damage,Severe,0.6372
C:\Users\user\Downloads\CrisisMMD_v2.0\CrisisMMD_v2.0\data_image\hurricane_maria\25_10_2017\923035424838254592_0.jpg,severe_damage,Severe,1.0
C:\Users\user\Downloads\CrisisMMD_v2.0\CrisisMMD_v2.0\data_image\hurricane_maria\25_10_2017\923038602132631552_0.jpg,mild_damage,Moderate,1.0
C:\Users\user\Downloads\CrisisMMD_v2.0\CrisisMMD_v2.0\data_image\hurricane_maria\25_10_2017\923041503953539072_0.jpg,severe_damage,Severe,0.6209
C:\Users\user\Downloads\CrisisMMD_v2.0\CrisisMMD_v2.0\data_image\hurricane_maria\25_10_2017\923085525677936640_0.jpg,mild_damage,Moderate,1.0
C:\Users\user\Downloads\CrisisMMD_v2.0\CrisisMMD_v2.0\data_image\hurricane_maria\25_10_2017\923101448279175170_0.jpg,little_or_no_damage,Minor,0.3529
C:\Users\user\Downloads\CrisisMMD_v2.0\CrisisMMD_v2.0\data_image\hurricane_maria\25_10_2017\923133826171154432_0.jpg,little_or_no_damage,Minor,0.6038
C:\Users\user\Downloads\CrisisMMD_v2.0\CrisisMMD_v2.0\data_image\hurricane_maria\25_10_2017\923142857837465600_0.jpg,mild_damage,Moderate,0.6613
C:\Users\user\Downloads\CrisisMMD_v2.0\CrisisMMD_v2.0\data_image\hurricane_maria\25_10_2017\923163712835538944_0.jpg,severe_damage,Severe,1.0
C:\Users\user\Downloads\CrisisMMD_v2.0\CrisisMMD_v2.0\data_image\hurricane_maria\25_10_2017\923180091907207170_0.jpg,severe_damage,Severe,0.5868
C:\Users\user\Downloads\CrisisMMD_v2.0\CrisisMMD_v2.0\data_image\hurricane_maria\25_10_2017\923183886246580224_0.jpg,severe_damage,Severe,1.0
C:\Users\user\Downloads\CrisisMMD_v2.0\CrisisMMD_v2.0\data_image\hurricane_maria\25_10_2017\923188843712454656_0.jpg,severe_damage,Severe,1.0
C:\Users\user\Downloads\CrisisMMD_v2.0\CrisisMMD_v2.0\data_image\hurricane_maria\25_10_2017\923189987750957057_0.jpg,severe_damage,Severe,1.0
C:\Users\user\Downloads\CrisisMMD_v2.0\CrisisMMD_v2.0\data_image\hurricane_maria\25_10_2017\923193683196887040_0.jpg,severe_damage,Severe,0.4141
C:\Users\user\Downloads\CrisisMMD_v2.0\CrisisMMD_v2.0\data_image\hurricane_maria\25_10_2017\923204196677095430_0.jpg,severe_damage,Severe,1.0
C:\Users\user\Downloads\CrisisMMD_v2.0\CrisisMMD_v2.0\data_image\hurricane_maria\25_10_2017\923205262613405696_0.jpg,severe_damage,Severe,1.0
C:\Users\user\Downloads\CrisisMMD_v2.0\CrisisMMD_v2.0\data_image\hurricane_maria\25_10_2017\923212089774063616_0.jpg,mild_damage,Moderate,0.6857
C:\Users\user\Downloads\CrisisMMD_v2.0\CrisisMMD_v2.0\data_image\hurricane_maria\25_10_2017\923255652025294848_0.jpg,mild_damage,Moderate,0.3607
C:\Users\user\Downloads\CrisisMMD_v2.0\CrisisMMD_v2.0\data_image\hurricane_maria\25_10_2017\923262755246878720_0.jpg,little_or_no_damage,Minor,0.6775
C:\Users\user\Downloads\CrisisMMD_v2.0\CrisisMMD_v2.0\data_image\hurricane_maria\25_10_2017\923262758992465920_1.jpg,severe_damage,Severe,0.6337
C:\Users\user\Downloads\CrisisMMD_v2.0\CrisisMMD_v2.0\data_image\hurricane_maria\25_10_2017\923262758992465920_2.jpg,severe_damage,Severe,0.6962
C:\Users\user\Downloads\CrisisMMD_v2.0\CrisisMMD_v2.0\data_image\hurricane_maria\25_10_2017\923262758992465920_3.jpg,mild_damage,Moderate,0.6413
C:\Users\user\Downloads\CrisisMMD_v2.0\CrisisMMD_v2.0\data_image\hurricane_maria\25_10_2017\923265376963715072_1.jpg,mild_damage,Moderate,0.6494
C:\Users\user\Downloads\CrisisMMD_v2.0\CrisisMMD_v2.0\data_image\hurricane_maria\25_10_2017\923265376963715072_2.jpg,little_or_no_damage,Minor,0.3738
C:\Users\user\Downloads\CrisisMMD_v2.0\CrisisMMD_v2.0\data_image\hurricane_maria\25_10_2017\923265376963715072_3.jpg,severe_damage,Severe,0.6739
C:\Users\user\Downloads\CrisisMMD_v2.0\CrisisMMD_v2.0\data_image\hurricane_maria\25_10_2017\923268299898740737_0.jpg,mild_damage,Moderate,1.0
C:\Users\user\Downloads\CrisisMMD_v2.0\CrisisMMD_v2.0\data_image\hurricane_maria\25_10_2017\923285999777669120_0.jpg,little_or_no_damage,Minor,0.6538
C:\Users\user\Downloads\CrisisMMD_v2.0\CrisisMMD_v2.0\data_image\hurricane_maria\25_10_2017\923295255788584960_0.jpg,severe_damage,Severe,1.0
C:\Users\user\Downloads\CrisisMMD_v2.0\CrisisMMD_v2.0\data_image\hurricane_maria\25_10_2017\923298162298646529_0.jpg,severe_damage,Severe,0.3684
C:\Users\user\Downloads\CrisisMMD_v2.0\CrisisMMD_v2.0\data_image\hurricane_maria\25_10_2017\923305829629136896_0.jpg,severe_damage,Severe,1.0
C:\Users\user\Downloads\CrisisMMD_v2.0\CrisisMMD_v2.0\data_image\hurricane_maria\25_10_2017\923312881805987840_0.jpg,mild_damage,Moderate,0.6852
C:\Users\user\Downloads\CrisisMMD_v2.0\CrisisMMD_v2.0\data_image\hurricane_maria\25_10_2017\923319080496529408_0.jpg,severe_damage,Severe,0.6256
C:\Users\user\Downloads\CrisisMMD_v2.0\CrisisMMD_v2.0\data_image\hurricane_maria\26_10_2017\923338620307730437_0.jpg,severe_damage,Severe,1.0
C:\Users\user\Downloads\CrisisMMD_v2.0\CrisisMMD_v2.0\data_image\hurricane_maria\26_10_2017\923357285497401344_0.jpg,mild_damage,Moderate,1.0
C:\Users\user\Downloads\CrisisMMD_v2.0\CrisisMMD_v2.0\data_image\hurricane_maria\26_10_2017\923365901138833409_1.jpg,mild_damage,Moderate,0.6986
C:\Users\user\Downloads\CrisisMMD_v2.0\CrisisMMD_v2.0\data_image\hurricane_maria\26_10_2017\923368626035576832_0.jpg,little_or_no_damage,Minor,0.6795
C:\Users\user\Downloads\CrisisMMD_v2.0\CrisisMMD_v2.0\data_image\hurricane_maria\26_10_2017\923466082358263808_0.jpg,little_or_no_damage,Minor,0.766
C:\Users\user\Downloads\CrisisMMD_v2.0\CrisisMMD_v2.0\data_image\hurricane_maria\26_10_2017\923505823531388928_0.jpg,mild_damage,Moderate,1.0
C:\Users\user\Downloads\CrisisMMD_v2.0\CrisisMMD_v2.0\data_image\hurricane_maria\26_10_2017\923524261276504070_0.jpg,severe_damage,Severe,1.0
C:\Users\user\Downloads\CrisisMMD_v2.0\CrisisMMD_v2.0\data_image\hurricane_maria\26_10_2017\923545034691145728_0.jpg,little_or_no_damage,Minor,0.63
C:\Users\user\Downloads\CrisisMMD_v2.0\CrisisMMD_v2.0\data_image\hurricane_maria\26_10_2017\923547987875368961_0.jpg,severe_damage,Severe,0.6872
C:\Users\user\Downloads\CrisisMMD_v2.0\CrisisMMD_v2.0\data_image\hurricane_maria\26_10_2017\923556137286406145_0.jpg,mild_damage,Moderate,0.356
C:\Users\user\Downloads\CrisisMMD_v2.0\CrisisMMD_v2.0\data_image\hurricane_maria\26_10_2017\923557481430835201_0.jpg,severe_damage,Severe,1.0
C:\Users\user\Downloads\CrisisMMD_v2.0\CrisisMMD_v2.0\data_image\hurricane_maria\26_10_2017\923562484870582272_0.jpg,mild_damage,Moderate,0.7012
C:\Users\user\Downloads\CrisisMMD_v2.0\CrisisMMD_v2.0\data_image\hurricane_maria\26_10_2017\923577268965912577_0.jpg,severe_damage,Severe,1.0
C:\Users\user\Downloads\CrisisMMD_v2.0\CrisisMMD_v2.0\data_image\hurricane_maria\26_10_2017\923578493656600576_0.jpg,severe_damage,Severe,1.0
C:\Users\user\Downloads\CrisisMMD_v2.0\CrisisMMD_v2.0\data_image\hurricane_maria\26_10_2017\923578730114514945_0.jpg,mild_damage,Moderate,1.0
C:\Users\user\Downloads\CrisisMMD_v2.0\CrisisMMD_v2.0\data_image\hurricane_maria\26_10_2017\923579145673519105_0.jpg,mild_damage,Moderate,0.7042
C:\Users\user\Downloads\CrisisMMD_v2.0\CrisisMMD_v2.0\data_image\hurricane_maria\26_10_2017\923580700758102017_0.jpg,mild_damage,Moderate,0.3881
C:\Users\user\Downloads\CrisisMMD_v2.0\CrisisMMD_v2.0\data_image\hurricane_maria\26_10_2017\923583826189729793_0.jpg,mild_damage,Moderate,1.0
C:\Users\user\Downloads\CrisisMMD_v2.0\CrisisMMD_v2.0\data_image\hurricane_maria\26_10_2017\923593987872690178_0.jpg,severe_damage,Severe,1.0
C:\Users\user\Downloads\CrisisMMD_v2.0\CrisisMMD_v2.0\data_image\hurricane_maria\26_10_2017\923599246347075587_0.jpg,severe_damage,Severe,0.6476
C:\Users\user\Downloads\CrisisMMD_v2.0\CrisisMMD_v2.0\data_image\hurricane_maria\26_10_2017\923605681910849536_0.jpg,mild_damage,Moderate,0.6857
C:\Users\user\Downloads\CrisisMMD_v2.0\CrisisMMD_v2.0\data_image\hurricane_maria\26_10_2017\923612432324616192_0.jpg,mild_damage,Moderate,0.6367
C:\Users\user\Downloads\CrisisMMD_v2.0\CrisisMMD_v2.0\data_image\hurricane_maria\26_10_2017\923618747004354560_0.jpg,severe_damage,Severe,1.0
C:\Users\user\Downloads\CrisisMMD_v2.0\CrisisMMD_v2.0\data_image\hurricane_maria\26_10_2017\923648872207081473_0.jpg,severe_damage,Severe,0.6396
C:\Users\user\Downloads\CrisisMMD_v2.0\CrisisMMD_v2.0\data_image\hurricane_maria\26_10_2017\923649702108700673_0.jpg,severe_damage,Severe,0.769
C:\Users\user\Downloads\CrisisMMD_v2.0\CrisisMMD_v2.0\data_image\hurricane_maria\26_10_2017\923650456676642817_0.jpg,severe_damage,Severe,0.66
C:\Users\user\Downloads\CrisisMMD_v2.0\CrisisMMD_v2.0\data_image\hurricane_maria\26_10_2017\923657354196987904_0.jpg,severe_damage,Severe,1.0
C:\Users\user\Downloads\CrisisMMD_v2.0\CrisisMMD_v2.0\data_image\hurricane_maria\26_10_2017\923670505391042561_0.jpg,mild_damage,Moderate,0.6545
C:\Users\user\Downloads\CrisisMMD_v2.0\CrisisMMD_v2.0\data_image\hurricane_maria\27_10_2017\923717142587105280_0.jpg,severe_damage,Severe,1.0
C:\Users\user\Downloads\CrisisMMD_v2.0\CrisisMMD_v2.0\data_image\hurricane_maria\27_10_2017\923734427859062784_0.jpg,mild_damage,Moderate,0.5719
C:\Users\user\Downloads\CrisisMMD_v2.0\CrisisMMD_v2.0\data_image\hurricane_maria\27_10_2017\923767779488141312_0.jpg,severe_damage,Severe,1.0
C:\Users\user\Downloads\CrisisMMD_v2.0\CrisisMMD_v2.0\data_image\hurricane_maria\27_10_2017\923768538766065664_0.jpg,severe_damage,Severe,1.0
C:\Users\user\Downloads\CrisisMMD_v2.0\CrisisMMD_v2.0\data_image\hurricane_maria\27_10_2017\923775958292750336_0.jpg,severe_damage,Severe,1.0
C:\Users\user\Downloads\CrisisMMD_v2.0\CrisisMMD_v2.0\data_image\hurricane_maria\27_10_2017\923784962301677569_0.jpg,severe_damage,Severe,1.0
C:\Users\user\Downloads\CrisisMMD_v2.0\CrisisMMD_v2.0\data_image\hurricane_maria\27_10_2017\923808047495090176_0.jpg,mild_damage,Moderate,1.0
C:\Users\user\Downloads\CrisisMMD_v2.0\CrisisMMD_v2.0\data_image\hurricane_maria\5_11_2017\927131866523676673_0.jpg,mild_damage,Moderate,0.3865
C:\Users\user\Downloads\CrisisMMD_v2.0\CrisisMMD_v2.0\data_image\hurricane_maria\5_11_2017\927182978379284486_0.jpg,severe_damage,Severe,1.0
C:\Users\user\Downloads\CrisisMMD_v2.0\CrisisMMD_v2.0\data_image\hurricane_maria\5_11_2017\927192810146619393_0.jpg,little_or_no_damage,Minor,0.6711
C:\Users\user\Downloads\CrisisMMD_v2.0\CrisisMMD_v2.0\data_image\hurricane_maria\5_11_2017\927214178049445889_0.jpg,severe_damage,Severe,0.3684
C:\Users\user\Downloads\CrisisMMD_v2.0\CrisisMMD_v2.0\data_image\hurricane_maria\5_11_2017\927234307583815680_0.jpg,mild_damage,Moderate,1.0
C:\Users\user\Downloads\CrisisMMD_v2.0\CrisisMMD_v2.0\data_image\hurricane_maria\6_11_2017\927340512817926144_0.jpg,severe_damage,Severe,1.0
C:\Users\user\Downloads\CrisisMMD_v2.0\CrisisMMD_v2.0\data_image\hurricane_maria\6_11_2017\927349857202958338_0.jpg,mild_damage,Moderate,0.6509
C:\Users\user\Downloads\CrisisMMD_v2.0\CrisisMMD_v2.0\data_image\hurricane_maria\6_11_2017\927361031357255680_0.jpg,severe_damage,Severe,0.3538
C:\Users\user\Downloads\CrisisMMD_v2.0\CrisisMMD_v2.0\data_image\hurricane_maria\6_11_2017\927385055349030912_0.jpg,severe_damage,Severe,0.6675
C:\Users\user\Downloads\CrisisMMD_v2.0\CrisisMMD_v2.0\data_image\hurricane_maria\6_11_2017\927424401959804934_0.jpg,severe_damage,Severe,1.0
C:\Users\user\Downloads\CrisisMMD_v2.0\CrisisMMD_v2.0\data_image\hurricane_maria\6_11_2017\927480823296733184_0.jpg,severe_damage,Severe,1.0
C:\Users\user\Downloads\CrisisMMD_v2.0\CrisisMMD_v2.0\data_image\hurricane_maria\6_11_2017\927491034271150080_0.jpg,severe_damage,Severe,1.0
C:\Users\user\Downloads\CrisisMMD_v2.0\CrisisMMD_v2.0\data_image\hurricane_maria\6_11_2017\927518834201899011_0.jpg,severe_damage,Severe,1.0
C:\Users\user\Downloads\CrisisMMD_v2.0\CrisisMMD_v2.0\data_image\hurricane_maria\6_11_2017\927562775815012352_0.jpg,mild_damage,Moderate,1.0
C:\Users\user\Downloads\CrisisMMD_v2.0\CrisisMMD_v2.0\data_image\hurricane_maria\6_11_2017\927568993438887940_0.jpg,severe_damage,Severe,0.681
C:\Users\user\Downloads\CrisisMMD_v2.0\CrisisMMD_v2.0\data_image\hurricane_maria\7_11_2017\927696898269630464_0.jpg,severe_damage,Severe,0.3472
C:\Users\user\Downloads\CrisisMMD_v2.0\CrisisMMD_v2.0\data_image\hurricane_maria\7_11_2017\927699646159380480_0.jpg,mild_damage,Moderate,1.0
C:\Users\user\Downloads\CrisisMMD_v2.0\CrisisMMD_v2.0\data_image\hurricane_maria\7_11_2017\927701436699430912_0.jpg,mild_damage,Moderate,1.0
C:\Users\user\Downloads\CrisisMMD_v2.0\CrisisMMD_v2.0\data_image\hurricane_maria\7_11_2017\927758858776465408_0.jpg,severe_damage,Severe,1.0
C:\Users\user\Downloads\CrisisMMD_v2.0\CrisisMMD_v2.0\data_image\hurricane_maria\7_11_2017\927769335489208321_0.jpg,severe_damage,Severe,0.674
C:\Users\user\Downloads\CrisisMMD_v2.0\CrisisMMD_v2.0\data_image\hurricane_maria\7_11_2017\927875856516689921_1.jpg,severe_damage,Severe,1.0
C:\Users\user\Downloads\CrisisMMD_v2.0\CrisisMMD_v2.0\data_image\hurricane_maria\7_11_2017\927875856516689921_2.jpg,severe_damage,Severe,0.766
C:\Users\user\Downloads\CrisisMMD_v2.0\CrisisMMD_v2.0\data_image\hurricane_maria\7_11_2017\927929692249878529_0.jpg,mild_damage,Moderate,0.7015
C:\Users\user\Downloads\CrisisMMD_v2.0\CrisisMMD_v2.0\data_image\hurricane_maria\7_11_2017\927930744940498944_0.jpg,mild_damage,Moderate,0.6852
C:\Users\user\Downloads\CrisisMMD_v2.0\CrisisMMD_v2.0\data_image\hurricane_maria\7_11_2017\927943725132722183_0.jpg,severe_damage,Severe,0.6778
C:\Users\user\Downloads\CrisisMMD_v2.0\CrisisMMD_v2.0\data_image\hurricane_maria\7_11_2017\927949811759824896_0.jpg,mild_damage,Moderate,0.6687
C:\Users\user\Downloads\CrisisMMD_v2.0\CrisisMMD_v2.0\data_image\hurricane_maria\7_11_2017\927955012243935234_0.jpg,severe_damage,Severe,0.7015
C:\Users\user\Downloads\CrisisMMD_v2.0\CrisisMMD_v2.0\data_image\hurricane_maria\7_11_2017\927958507596517378_0.jpg,mild_damage,Moderate,1.0
C:\Users\user\Downloads\CrisisMMD_v2.0\CrisisMMD_v2.0\data_image\hurricane_maria\7_11_2017\927964108208705536_0.jpg,little_or_no_damage,Minor,0.6827
C:\Users\user\Downloads\CrisisMMD_v2.0\CrisisMMD_v2.0\data_image\hurricane_maria\7_11_2017\927964130488848384_0.jpg,mild_damage,Moderate,0.6616
C:\Users\user\Downloads\CrisisMMD_v2.0\CrisisMMD_v2.0\data_image\hurricane_maria\7_11_2017\927998178636587008_0.jpg,severe_damage,Severe,0.7735
C:\Users\user\Downloads\CrisisMMD_v2.0\CrisisMMD_v2.0\data_image\hurricane_maria\7_11_2017\928014506516762624_0.jpg,severe_damage,Severe,0.6763
C:\Users\user\Downloads\CrisisMMD_v2.0\CrisisMMD_v2.0\data_image\hurricane_maria\8_11_2017\928053068964552705_1.jpg,severe_damage,Severe,1.0
C:\Users\user\Downloads\CrisisMMD_v2.0\CrisisMMD_v2.0\data_image\hurricane_maria\8_11_2017\928053068964552705_3.jpg,severe_damage,Severe,0.6771
C:\Users\user\Downloads\CrisisMMD_v2.0\CrisisMMD_v2.0\data_image\hurricane_maria\8_11_2017\928088811497803778_0.jpg,severe_damage,Severe,0.6571
C:\Users\user\Downloads\CrisisMMD_v2.0\CrisisMMD_v2.0\data_image\hurricane_maria\8_11_2017\928128643733139456_0.jpg,mild_damage,Moderate,1.0
C:\Users\user\Downloads\CrisisMMD_v2.0\CrisisMMD_v2.0\data_image\hurricane_maria\8_11_2017\928130883214647296_0.jpg,severe_damage,Severe,0.3709
C:\Users\user\Downloads\CrisisMMD_v2.0\CrisisMMD_v2.0\data_image\hurricane_maria\8_11_2017\928132755392675840_0.jpg,severe_damage,Severe,1.0
C:\Users\user\Downloads\CrisisMMD_v2.0\CrisisMMD_v2.0\data_image\hurricane_maria\8_11_2017\928140150198153216_0.jpg,severe_damage,Severe,1.0
C:\Users\user\Downloads\CrisisMMD_v2.0\CrisisMMD_v2.0\data_image\hurricane_maria\8_11_2017\928252715410616320_0.jpg,severe_damage,Severe,1.0
C:\Users\user\Downloads\CrisisMMD_v2.0\CrisisMMD_v2.0\data_image\hurricane_maria\8_11_2017\928291159943692288_0.jpg,severe_damage,Severe,0.3865
C:\Users\user\Downloads\CrisisMMD_v2.0\CrisisMMD_v2.0\data_image\hurricane_maria\8_11_2017\928298601377357825_0.jpg,mild_damage,Moderate,0.6904
C:\Users\user\Downloads\CrisisMMD_v2.0\CrisisMMD_v2.0\data_image\hurricane_maria\8_11_2017\928308259491942400_0.jpg,severe_damage,Severe,0.769
C:\Users\user\Downloads\CrisisMMD_v2.0\CrisisMMD_v2.0\data_image\hurricane_maria\8_11_2017\928378477866340353_0.jpg,mild_damage,Moderate,1.0
C:\Users\user\Downloads\CrisisMMD_v2.0\CrisisMMD_v2.0\data_image\hurricane_maria\9_11_2017\928442150899081216_0.jpg,mild_damage,Moderate,1.0
C:\Users\user\Downloads\CrisisMMD_v2.0\CrisisMMD_v2.0\data_image\hurricane_maria\9_11_2017\928447589287989250_0.jpg,little_or_no_damage,Minor,0.6634
C:\Users\user\Downloads\CrisisMMD_v2.0\CrisisMMD_v2.0\data_image\hurricane_maria\9_11_2017\928498940286324736_0.jpg,mild_damage,Moderate,0.6396
C:\Users\user\Downloads\CrisisMMD_v2.0\CrisisMMD_v2.0\data_image\hurricane_maria\9_11_2017\928504482605932545_0.jpg,severe_damage,Severe,1.0
C:\Users\user\Downloads\CrisisMMD_v2.0\CrisisMMD_v2.0\data_image\hurricane_maria\9_11_2017\928587264518529024_0.jpg,severe_damage,Severe,1.0
C:\Users\user\Downloads\CrisisMMD_v2.0\CrisisMMD_v2.0\data_image\hurricane_maria\9_11_2017\928596376660905984_1.jpg,severe_damage,Severe,1.0
C:\Users\user\Downloads\CrisisMMD_v2.0\CrisisMMD_v2.0\data_image\hurricane_maria\9_11_2017\928606891063771136_0.jpg,severe_damage,Severe,1.0
C:\Users\user\Downloads\CrisisMMD_v2.0\CrisisMMD_v2.0\data_image\hurricane_maria\9_11_2017\928621174850052101_0.jpg,severe_damage,Severe,0.6833
C:\Users\user\Downloads\CrisisMMD_v2.0\CrisisMMD_v2.0\data_image\hurricane_maria\9_11_2017\928651782946947072_0.jpg,little_or_no_damage,Minor,0.6676
C:\Users\user\Downloads\CrisisMMD_v2.0\CrisisMMD_v2.0\data_image\hurricane_maria\9_11_2017\928657464861646848_0.jpg,severe_damage,Severe,1.0
C:\Users\user\Downloads\CrisisMMD_v2.0\CrisisMMD_v2.0\data_image\hurricane_maria\9_11_2017\928663884730380294_0.jpg,severe_damage,Severe,0.6638
C:\Users\user\Downloads\CrisisMMD_v2.0\CrisisMMD_v2.0\data_image\hurricane_maria\9_11_2017\928672406797012992_0.jpg,mild_damage,Moderate,1.0
C:\Users\user\Downloads\CrisisMMD_v2.0\CrisisMMD_v2.0\data_image\hurricane_maria\9_11_2017\928690684701184001_0.jpg,severe_damage,Severe,1.0
C:\Users\user\Downloads\CrisisMMD_v2.0\CrisisMMD_v2.0\data_image\hurricane_maria\9_11_2017\928716869527248896_0.jpg,mild_damage,Moderate,0.6644
C:\Users\user\Downloads\CrisisMMD_v2.0\CrisisMMD_v2.0\data_image\hurricane_maria\9_11_2017\928735678912958464_0.jpg,mild_damage,Moderate,0.3777
C:\Users\user\Downloads\CrisisMMD_v2.0\CrisisMMD_v2.0\data_image\hurricane_maria\9_11_2017\928754744662913025_0.jpg,mild_damage,Moderate,0.3548
C:\Users\user\Downloads\CrisisMMD_v2.0\CrisisMMD_v2.0\data_image\hurricane_maria\10_11_2017\928870140799676416_0.jpg,severe_damage,Severe,1.0
C:\Users\user\Downloads\CrisisMMD_v2.0\CrisisMMD_v2.0\data_image\hurricane_maria\10_11_2017\928971922628665344_0.jpg,mild_damage,Moderate,0.6337
C:\Users\user\Downloads\CrisisMMD_v2.0\CrisisMMD_v2.0\data_image\hurricane_maria\10_11_2017\928972399139344384_0.jpg,severe_damage,Severe,1.0
C:\Users\user\Downloads\CrisisMMD_v2.0\CrisisMMD_v2.0\data_image\hurricane_maria\10_11_2017\928984882969174017_0.jpg,mild_damage,Moderate,0.6715
C:\Users\user\Downloads\CrisisMMD_v2.0\CrisisMMD_v2.0\data_image\hurricane_maria\10_11_2017\929020545194188800_0.jpg,mild_damage,Moderate,0.664
C:\Users\user\Downloads\CrisisMMD_v2.0\CrisisMMD_v2.0\data_image\hurricane_maria\10_11_2017\929033551885959169_0.jpg,little_or_no_damage,Minor,1.0
C:\Users\user\Downloads\CrisisMMD_v2.0\CrisisMMD_v2.0\data_image\hurricane_maria\10_11_2017\929059311501881344_0.jpg,mild_damage,Moderate,0.6904
C:\Users\user\Downloads\CrisisMMD_v2.0\CrisisMMD_v2.0\data_image\hurricane_maria\10_11_2017\929132686559580165_0.jpg,severe_damage,Severe,1.0
C:\Users\user\Downloads\CrisisMMD_v2.0\CrisisMMD_v2.0\data_image\hurricane_maria\11_11_2017\929169830372151296_0.jpg,severe_damage,Severe,1.0
C:\Users\user\Downloads\CrisisMMD_v2.0\CrisisMMD_v2.0\data_image\hurricane_maria\11_11_2017\929359950542983169_0.jpg,severe_damage,Severe,0.6485
C:\Users\user\Downloads\CrisisMMD_v2.0\CrisisMMD_v2.0\data_image\hurricane_maria\11_11_2017\929379143506153473_0.jpg,severe_damage,Severe,1.0
C:\Users\user\Downloads\CrisisMMD_v2.0\CrisisMMD_v2.0\data_image\hurricane_maria\11_11_2017\929408331021725697_0.jpg,severe_damage,Severe,0.5785
C:\Users\user\Downloads\CrisisMMD_v2.0\CrisisMMD_v2.0\data_image\hurricane_maria\11_11_2017\929408546122424320_0.jpg,severe_damage,Severe,1.0
C:\Users\user\Downloads\CrisisMMD_v2.0\CrisisMMD_v2.0\data_image\hurricane_maria\11_11_2017\929456086737854464_3.jpg,little_or_no_damage,Minor,0.6887
C:\Users\user\Downloads\CrisisMMD_v2.0\CrisisMMD_v2.0\data_image\iraq_iran_earthquake\13_11_2017\929989658351505408_0.jpg,severe_damage,Severe,1.0
C:\Users\user\Downloads\CrisisMMD_v2.0\CrisisMMD_v2.0\data_image\iraq_iran_earthquake\13_11_2017\929989752882806785_0.jpg,severe_damage,Severe,1.0
C:\Users\user\Downloads\CrisisMMD_v2.0\CrisisMMD_v2.0\data_image\iraq_iran_earthquake\13_11_2017\929989819211681793_0.jpg,severe_damage,Severe,1.0
C:\Users\user\Downloads\CrisisMMD_v2.0\CrisisMMD_v2.0\data_image\iraq_iran_earthquake\13_11_2017\929992542673915904_0.jpg,severe_damage,Severe,1.0
C:\Users\user\Downloads\CrisisMMD_v2.0\CrisisMMD_v2.0\data_image\iraq_iran_earthquake\13_11_2017\929992723146399745_0.jpg,severe_damage,Severe,1.0
C:\Users\user\Downloads\CrisisMMD_v2.0\CrisisMMD_v2.0\data_image\iraq_iran_earthquake\13_11_2017\929993504662720512_0.jpg,severe_damage,Severe,1.0
C:\Users\user\Downloads\CrisisMMD_v2.0\CrisisMMD_v2.0\data_image\iraq_iran_earthquake\13_11_2017\929994458153803776_0.jpg,severe_damage,Severe,0.7808
C:\Users\user\Downloads\CrisisMMD_v2.0\CrisisMMD_v2.0\data_image\iraq_iran_earthquake\13_11_2017\929994458153803776_2.jpg,severe_damage,Severe,0.7808
C:\Users\user\Downloads\CrisisMMD_v2.0\CrisisMMD_v2.0\data_image\iraq_iran_earthquake\13_11_2017\929994458153803776_3.jpg,severe_damage,Severe,0.8758
C:\Users\user\Downloads\CrisisMMD_v2.0\CrisisMMD_v2.0\data_image\iraq_iran_earthquake\13_11_2017\929994774819479552_0.jpg,severe_damage,Severe,1.0
C:\Users\user\Downloads\CrisisMMD_v2.0\CrisisMMD_v2.0\data_image\iraq_iran_earthquake\13_11_2017\929996080498003968_0.jpg,little_or_no_damage,Minor,0.657
C:\Users\user\Downloads\CrisisMMD_v2.0\CrisisMMD_v2.0\data_image\iraq_iran_earthquake\13_11_2017\929996311478272000_0.jpg,severe_damage,Severe,0.7072
C:\Users\user\Downloads\CrisisMMD_v2.0\CrisisMMD_v2.0\data_image\iraq_iran_earthquake\13_11_2017\929999388713332737_0.jpg,mild_damage,Moderate,0.7723
C:\Users\user\Downloads\CrisisMMD_v2.0\CrisisMMD_v2.0\data_image\iraq_iran_earthquake\13_11_2017\930000308033507328_0.jpg,severe_damage,Severe,0.6774
C:\Users\user\Downloads\CrisisMMD_v2.0\CrisisMMD_v2.0\data_image\iraq_iran_earthquake\13_11_2017\930000573411110913_0.jpg,severe_damage,Severe,1.0
C:\Users\user\Downloads\CrisisMMD_v2.0\CrisisMMD_v2.0\data_image\iraq_iran_earthquake\13_11_2017\930000656525680640_0.jpg,severe_damage,Severe,0.6653
C:\Users\user\Downloads\CrisisMMD_v2.0\CrisisMMD_v2.0\data_image\iraq_iran_earthquake\13_11_2017\930001778115985408_0.jpg,mild_damage,Moderate,0.3506
C:\Users\user\Downloads\CrisisMMD_v2.0\CrisisMMD_v2.0\data_image\iraq_iran_earthquake\13_11_2017\930001999155945472_1.jpg,severe_damage,Severe,0.659
C:\Users\user\Downloads\CrisisMMD_v2.0\CrisisMMD_v2.0\data_image\iraq_iran_earthquake\13_11_2017\930001999155945472_3.jpg,mild_damage,Moderate,0.6758
C:\Users\user\Downloads\CrisisMMD_v2.0\CrisisMMD_v2.0\data_image\iraq_iran_earthquake\13_11_2017\930002028365049856_0.jpg,severe_damage,Severe,1.0
C:\Users\user\Downloads\CrisisMMD_v2.0\CrisisMMD_v2.0\data_image\iraq_iran_earthquake\13_11_2017\930002970640388097_0.jpg,severe_damage,Severe,0.6918
C:\Users\user\Downloads\CrisisMMD_v2.0\CrisisMMD_v2.0\data_image\iraq_iran_earthquake\13_11_2017\930002970640388097_1.jpg,severe_damage,Severe,1.0
C:\Users\user\Downloads\CrisisMMD_v2.0\CrisisMMD_v2.0\data_image\iraq_iran_earthquake\13_11_2017\930002970640388097_3.jpg,severe_damage,Severe,1.0
C:\Users\user\Downloads\CrisisMMD_v2.0\CrisisMMD_v2.0\data_image\iraq_iran_earthquake\13_11_2017\930003223800360960_0.jpg,mild_damage,Moderate,0.3454
C:\Users\user\Downloads\CrisisMMD_v2.0\CrisisMMD_v2.0\data_image\iraq_iran_earthquake\13_11_2017\930004462005116933_0.jpg,severe_damage,Severe,1.0
C:\Users\user\Downloads\CrisisMMD_v2.0\CrisisMMD_v2.0\data_image\iraq_iran_earthquake\13_11_2017\930005173799354368_0.jpg,severe_damage,Severe,1.0
C:\Users\user\Downloads\CrisisMMD_v2.0\CrisisMMD_v2.0\data_image\iraq_iran_earthquake\13_11_2017\930005266413662208_0.jpg,severe_damage,Severe,1.0
C:\Users\user\Downloads\CrisisMMD_v2.0\CrisisMMD_v2.0\data_image\iraq_iran_earthquake\13_11_2017\930008660042018816_0.jpg,severe_damage,Severe,0.68
C:\Users\user\Downloads\CrisisMMD_v2.0\CrisisMMD_v2.0\data_image\iraq_iran_earthquake\13_11_2017\930010119332679682_0.jpg,severe_damage,Severe,1.0
C:\Users\user\Downloads\CrisisMMD_v2.0\CrisisMMD_v2.0\data_image\iraq_iran_earthquake\13_11_2017\930012355009941505_0.jpg,severe_damage,Severe,1.0
C:\Users\user\Downloads\CrisisMMD_v2.0\CrisisMMD_v2.0\data_image\iraq_iran_earthquake\13_11_2017\930015299017105408_0.jpg,severe_damage,Severe,0.7808
C:\Users\user\Downloads\CrisisMMD_v2.0\CrisisMMD_v2.0\data_image\iraq_iran_earthquake\13_11_2017\930015299017105408_1.jpg,severe_damage,Severe,1.0
C:\Users\user\Downloads\CrisisMMD_v2.0\CrisisMMD_v2.0\data_image\iraq_iran_earthquake\13_11_2017\930015597135585280_0.jpg,severe_damage,Severe,1.0
C:\Users\user\Downloads\CrisisMMD_v2.0\CrisisMMD_v2.0\data_image\iraq_iran_earthquake\13_11_2017\930015958340718593_0.jpg,severe_damage,Severe,1.0
C:\Users\user\Downloads\CrisisMMD_v2.0\CrisisMMD_v2.0\data_image\iraq_iran_earthquake\13_11_2017\930018939962306560_0.jpg,severe_damage,Severe,1.0
C:\Users\user\Downloads\CrisisMMD_v2.0\CrisisMMD_v2.0\data_image\iraq_iran_earthquake\13_11_2017\930019166907719681_0.jpg,severe_damage,Severe,1.0
C:\Users\user\Downloads\CrisisMMD_v2.0\CrisisMMD_v2.0\data_image\iraq_iran_earthquake\13_11_2017\930021249807417344_0.jpg,severe_damage,Severe,1.0
C:\Users\user\Downloads\CrisisMMD_v2.0\CrisisMMD_v2.0\data_image\iraq_iran_earthquake\13_11_2017\930023131309395968_0.jpg,severe_damage,Severe,1.0
C:\Users\user\Downloads\CrisisMMD_v2.0\CrisisMMD_v2.0\data_image\iraq_iran_earthquake\13_11_2017\930023493160366080_0.jpg,severe_damage,Severe,0.6827
C:\Users\user\Downloads\CrisisMMD_v2.0\CrisisMMD_v2.0\data_image\iraq_iran_earthquake\13_11_2017\930027524830236672_0.jpg,severe_damage,Severe,1.0
C:\Users\user\Downloads\CrisisMMD_v2.0\CrisisMMD_v2.0\data_image\iraq_iran_earthquake\13_11_2017\930028600992165888_0.jpg,severe_damage,Severe,0.7895
C:\Users\user\Downloads\CrisisMMD_v2.0\CrisisMMD_v2.0\data_image\iraq_iran_earthquake\13_11_2017\930028600992165888_1.jpg,severe_damage,Severe,1.0
C:\Users\user\Downloads\CrisisMMD_v2.0\CrisisMMD_v2.0\data_image\iraq_iran_earthquake\13_11_2017\930028600992165888_2.jpg,severe_damage,Severe,0.7895
C:\Users\user\Downloads\CrisisMMD_v2.0\CrisisMMD_v2.0\data_image\iraq_iran_earthquake\13_11_2017\930028600992165888_3.jpg,severe_damage,Severe,0.7808
C:\Users\user\Downloads\CrisisMMD_v2.0\CrisisMMD_v2.0\data_image\iraq_iran_earthquake\13_11_2017\930029077343490048_0.jpg,severe_damage,Severe,1.0
C:\Users\user\Downloads\CrisisMMD_v2.0\CrisisMMD_v2.0\data_image\iraq_iran_earthquake\13_11_2017\930029482152550400_0.jpg,severe_damage,Severe,1.0
C:\Users\user\Downloads\CrisisMMD_v2.0\CrisisMMD_v2.0\data_image\iraq_iran_earthquake\13_11_2017\930032829244805120_0.jpg,severe_damage,Severe,1.0
C:\Users\user\Downloads\CrisisMMD_v2.0\CrisisMMD_v2.0\data_image\iraq_iran_earthquake\13_11_2017\930036642282397696_0.jpg,severe_damage,Severe,1.0
C:\Users\user\Downloads\CrisisMMD_v2.0\CrisisMMD_v2.0\data_image\iraq_iran_earthquake\13_11_2017\930037422422941696_0.jpg,severe_damage,Severe,1.0
C:\Users\user\Downloads\CrisisMMD_v2.0\CrisisMMD_v2.0\data_image\iraq_iran_earthquake\13_11_2017\930039853097607169_0.jpg,severe_damage,Severe,1.0
C:\Users\user\Downloads\CrisisMMD_v2.0\CrisisMMD_v2.0\data_image\iraq_iran_earthquake\13_11_2017\930042585770536960_0.jpg,severe_damage,Severe,0.7823
C:\Users\user\Downloads\CrisisMMD_v2.0\CrisisMMD_v2.0\data_image\iraq_iran_earthquake\13_11_2017\930044157699280896_0.jpg,severe_damage,Severe,1.0
C:\Users\user\Downloads\CrisisMMD_v2.0\CrisisMMD_v2.0\data_image\iraq_iran_earthquake\13_11_2017\930045880400523264_0.jpg,severe_damage,Severe,0.7895
C:\Users\user\Downloads\CrisisMMD_v2.0\CrisisMMD_v2.0\data_image\iraq_iran_earthquake\13_11_2017\930046640827777027_0.jpg,little_or_no_damage,Minor,1.0
C:\Users\user\Downloads\CrisisMMD_v2.0\CrisisMMD_v2.0\data_image\iraq_iran_earthquake\13_11_2017\930049177261887488_0.jpg,severe_damage,Severe,1.0
C:\Users\user\Downloads\CrisisMMD_v2.0\CrisisMMD_v2.0\data_image\iraq_iran_earthquake\13_11_2017\930050908582563840_0.jpg,severe_damage,Severe,0.6661
C:\Users\user\Downloads\CrisisMMD_v2.0\CrisisMMD_v2.0\data_image\iraq_iran_earthquake\13_11_2017\930050951020531712_0.jpg,severe_damage,Severe,0.659
C:\Users\user\Downloads\CrisisMMD_v2.0\CrisisMMD_v2.0\data_image\iraq_iran_earthquake\13_11_2017\930054026133213186_0.jpg,severe_damage,Severe,1.0
C:\Users\user\Downloads\CrisisMMD_v2.0\CrisisMMD_v2.0\data_image\iraq_iran_earthquake\13_11_2017\930057942426181632_0.jpg,severe_damage,Severe,1.0
C:\Users\user\Downloads\CrisisMMD_v2.0\CrisisMMD_v2.0\data_image\iraq_iran_earthquake\13_11_2017\930058600160088065_1.jpg,severe_damage,Severe,1.0
C:\Users\user\Downloads\CrisisMMD_v2.0\CrisisMMD_v2.0\data_image\iraq_iran_earthquake\13_11_2017\930061013969522688_0.jpg,severe_damage,Severe,0.3904
C:\Users\user\Downloads\CrisisMMD_v2.0\CrisisMMD_v2.0\data_image\iraq_iran_earthquake\13_11_2017\930064582290403329_0.jpg,severe_damage,Severe,1.0
C:\Users\user\Downloads\CrisisMMD_v2.0\CrisisMMD_v2.0\data_image\iraq_iran_earthquake\13_11_2017\930064975304966145_0.jpg,severe_damage,Severe,0.7706
C:\Users\user\Downloads\CrisisMMD_v2.0\CrisisMMD_v2.0\data_image\iraq_iran_earthquake\13_11_2017\930068973206622213_0.jpg,severe_damage,Severe,0.6842
C:\Users\user\Downloads\CrisisMMD_v2.0\CrisisMMD_v2.0\data_image\iraq_iran_earthquake\13_11_2017\930068973206622213_1.jpg,mild_damage,Moderate,0.6584
C:\Users\user\Downloads\CrisisMMD_v2.0\CrisisMMD_v2.0\data_image\iraq_iran_earthquake\13_11_2017\930071199157293056_0.jpg,severe_damage,Severe,1.0
C:\Users\user\Downloads\CrisisMMD_v2.0\CrisisMMD_v2.0\data_image\iraq_iran_earthquake\13_11_2017\930079107873783808_0.jpg,severe_damage,Severe,0.7013
C:\Users\user\Downloads\CrisisMMD_v2.0\CrisisMMD_v2.0\data_image\iraq_iran_earthquake\13_11_2017\930080763273412608_0.jpg,severe_damage,Severe,0.7367
C:\Users\user\Downloads\CrisisMMD_v2.0\CrisisMMD_v2.0\data_image\iraq_iran_earthquake\13_11_2017\930082041386893314_0.jpg,severe_damage,Severe,1.0
C:\Users\user\Downloads\CrisisMMD_v2.0\CrisisMMD_v2.0\data_image\iraq_iran_earthquake\13_11_2017\930090178990895106_0.jpg,severe_damage,Severe,1.0
C:\Users\user\Downloads\CrisisMMD_v2.0\CrisisMMD_v2.0\data_image\iraq_iran_earthquake\13_11_2017\930091312665243651_0.jpg,severe_damage,Severe,1.0
C:\Users\user\Downloads\CrisisMMD_v2.0\CrisisMMD_v2.0\data_image\iraq_iran_earthquake\13_11_2017\930092444288536582_0.jpg,severe_damage,Severe,1.0
C:\Users\user\Downloads\CrisisMMD_v2.0\CrisisMMD_v2.0\data_image\iraq_iran_earthquake\13_11_2017\930095399213428736_0.jpg,severe_damage,Severe,0.7367
C:\Users\user\Downloads\CrisisMMD_v2.0\CrisisMMD_v2.0\data_image\iraq_iran_earthquake\13_11_2017\930096683119243264_0.jpg,severe_damage,Severe,1.0
C:\Users\user\Downloads\CrisisMMD_v2.0\CrisisMMD_v2.0\data_image\iraq_iran_earthquake\13_11_2017\930100714625470464_0.jpg,severe_damage,Severe,1.0
C:\Users\user\Downloads\CrisisMMD_v2.0\CrisisMMD_v2.0\data_image\iraq_iran_earthquake\13_11_2017\930102201825091585_0.jpg,severe_damage,Severe,0.7706
C:\Users\user\Downloads\CrisisMMD_v2.0\CrisisMMD_v2.0\data_image\iraq_iran_earthquake\13_11_2017\930106568116441094_0.jpg,severe_damage,Severe,1.0
C:\Users\user\Downloads\CrisisMMD_v2.0\CrisisMMD_v2.0\data_image\iraq_iran_earthquake\13_11_2017\930109831595417600_0.jpg,severe_damage,Severe,1.0
C:\Users\user\Downloads\CrisisMMD_v2.0\CrisisMMD_v2.0\data_image\iraq_iran_earthquake\13_11_2017\930112300174008321_0.jpg,severe_damage,Severe,1.0
C:\Users\user\Downloads\CrisisMMD_v2.0\CrisisMMD_v2.0\data_image\iraq_iran_earthquake\13_11_2017\930114382268334080_3.jpg,severe_damage,Severe,1.0
C:\Users\user\Downloads\CrisisMMD_v2.0\CrisisMMD_v2.0\data_image\iraq_iran_earthquake\13_11_2017\930116130496167936_0.jpg,severe_damage,Severe,1.0
C:\Users\user\Downloads\CrisisMMD_v2.0\CrisisMMD_v2.0\data_image\iraq_iran_earthquake\13_11_2017\930116757938954248_0.jpg,severe_damage,Severe,1.0
C:\Users\user\Downloads\CrisisMMD_v2.0\CrisisMMD_v2.0\data_image\iraq_iran_earthquake\13_11_2017\930121344179625985_0.jpg,severe_damage,Severe,0.7723
C:\Users\user\Downloads\CrisisMMD_v2.0\CrisisMMD_v2.0\data_image\iraq_iran_earthquake\13_11_2017\930123336201498625_0.jpg,severe_damage,Severe,1.0
C:\Users\user\Downloads\CrisisMMD_v2.0\CrisisMMD_v2.0\data_image\iraq_iran_earthquake\13_11_2017\930133906107617280_0.jpg,severe_damage,Severe,1.0
C:\Users\user\Downloads\CrisisMMD_v2.0\CrisisMMD_v2.0\data_image\iraq_iran_earthquake\13_11_2017\930136678488043522_0.jpg,severe_damage,Severe,0.7013
C:\Users\user\Downloads\CrisisMMD_v2.0\CrisisMMD_v2.0\data_image\iraq_iran_earthquake\13_11_2017\930139822718468097_0.jpg,severe_damage,Severe,0.6977
C:\Users\user\Downloads\CrisisMMD_v2.0\CrisisMMD_v2.0\data_image\iraq_iran_earthquake\13_11_2017\930147282028072960_0.jpg,severe_damage,Severe,1.0
C:\Users\user\Downloads\CrisisMMD_v2.0\CrisisMMD_v2.0\data_image\iraq_iran_earthquake\13_11_2017\930163638819786754_0.jpg,severe_damage,Severe,0.689
C:\Users\user\Downloads\CrisisMMD_v2.0\CrisisMMD_v2.0\data_image\iraq_iran_earthquake\13_11_2017\930170726715404295_0.jpg,severe_damage,Severe,1.0
C:\Users\user\Downloads\CrisisMMD_v2.0\CrisisMMD_v2.0\data_image\iraq_iran_earthquake\13_11_2017\930180496507752448_0.jpg,severe_damage,Severe,0.6646
C:\Users\user\Downloads\CrisisMMD_v2.0\CrisisMMD_v2.0\data_image\iraq_iran_earthquake\13_11_2017\930180706709499905_0.jpg,severe_damage,Severe,1.0
C:\Users\user\Downloads\CrisisMMD_v2.0\CrisisMMD_v2.0\data_image\iraq_iran_earthquake\13_11_2017\930181623043239938_0.jpg,severe_damage,Severe,0.7823
C:\Users\user\Downloads\CrisisMMD_v2.0\CrisisMMD_v2.0\data_image\iraq_iran_earthquake\13_11_2017\930191093785698304_0.jpg,severe_damage,Severe,1.0
C:\Users\user\Downloads\CrisisMMD_v2.0\CrisisMMD_v2.0\data_image\iraq_iran_earthquake\13_11_2017\930191344609394688_0.jpg,severe_damage,Severe,1.0
C:\Users\user\Downloads\CrisisMMD_v2.0\CrisisMMD_v2.0\data_image\iraq_iran_earthquake\13_11_2017\930193943408586752_2.jpg,severe_damage,Severe,0.7895
C:\Users\user\Downloads\CrisisMMD_v2.0\CrisisMMD_v2.0\data_image\iraq_iran_earthquake\13_11_2017\930193943408586752_3.jpg,severe_damage,Severe,0.7895
C:\Users\user\Downloads\CrisisMMD_v2.0\CrisisMMD_v2.0\data_image\iraq_iran_earthquake\13_11_2017\930197285417443329_0.jpg,severe_damage,Severe,0.7808
C:\Users\user\Downloads\CrisisMMD_v2.0\CrisisMMD_v2.0\data_image\iraq_iran_earthquake\13_11_2017\930209629589721088_0.jpg,severe_damage,Severe,1.0
C:\Users\user\Downloads\CrisisMMD_v2.0\CrisisMMD_v2.0\data_image\iraq_iran_earthquake\14_11_2017\930258540203266049_0.jpg,severe_damage,Severe,1.0
C:\Users\user\Downloads\CrisisMMD_v2.0\CrisisMMD_v2.0\data_image\iraq_iran_earthquake\14_11_2017\930268238075674624_0.jpg,severe_damage,Severe,1.0
C:\Users\user\Downloads\CrisisMMD_v2.0\CrisisMMD_v2.0\data_image\iraq_iran_earthquake\14_11_2017\930272493947850752_0.jpg,severe_damage,Severe,1.0
C:\Users\user\Downloads\CrisisMMD_v2.0\CrisisMMD_v2.0\data_image\iraq_iran_earthquake\14_11_2017\930290541211930624_0.jpg,severe_damage,Severe,1.0
C:\Users\user\Downloads\CrisisMMD_v2.0\CrisisMMD_v2.0\data_image\iraq_iran_earthquake\14_11_2017\930308604200026112_0.jpg,severe_damage,Severe,1.0
C:\Users\user\Downloads\CrisisMMD_v2.0\CrisisMMD_v2.0\data_image\iraq_iran_earthquake\14_11_2017\930308604200026112_1.jpg,severe_damage,Severe,1.0
C:\Users\user\Downloads\CrisisMMD_v2.0\CrisisMMD_v2.0\data_image\iraq_iran_earthquake\14_11_2017\930308604200026112_2.jpg,severe_damage,Severe,0.6747
C:\Users\user\Downloads\CrisisMMD_v2.0\CrisisMMD_v2.0\data_image\iraq_iran_earthquake\14_11_2017\930315477741551617_0.jpg,severe_damage,Severe,1.0
C:\Users\user\Downloads\CrisisMMD_v2.0\CrisisMMD_v2.0\data_image\iraq_iran_earthquake\14_11_2017\930324267689959425_0.jpg,severe_damage,Severe,0.6726
C:\Users\user\Downloads\CrisisMMD_v2.0\CrisisMMD_v2.0\data_image\iraq_iran_earthquake\14_11_2017\930324417783017472_0.jpg,severe_damage,Severe,0.6747
C:\Users\user\Downloads\CrisisMMD_v2.0\CrisisMMD_v2.0\data_image\iraq_iran_earthquake\14_11_2017\930337898217594880_0.jpg,severe_damage,Severe,1.0
C:\Users\user\Downloads\CrisisMMD_v2.0\CrisisMMD_v2.0\data_image\iraq_iran_earthquake\14_11_2017\930346728171167745_0.jpg,severe_damage,Severe,1.0
C:\Users\user\Downloads\CrisisMMD_v2.0\CrisisMMD_v2.0\data_image\iraq_iran_earthquake\14_11_2017\930347490263666688_0.jpg,mild_damage,Moderate,0.6747
C:\Users\user\Downloads\CrisisMMD_v2.0\CrisisMMD_v2.0\data_image\iraq_iran_earthquake\14_11_2017\930347490263666688_1.jpg,mild_damage,Moderate,0.6111
C:\Users\user\Downloads\CrisisMMD_v2.0\CrisisMMD_v2.0\data_image\iraq_iran_earthquake\14_11_2017\930347490263666688_2.jpg,mild_damage,Moderate,0.6232
C:\Users\user\Downloads\CrisisMMD_v2.0\CrisisMMD_v2.0\data_image\iraq_iran_earthquake\14_11_2017\930360981259141120_0.jpg,severe_damage,Severe,1.0
C:\Users\user\Downloads\CrisisMMD_v2.0\CrisisMMD_v2.0\data_image\iraq_iran_earthquake\14_11_2017\930361931629780993_0.jpg,severe_damage,Severe,1.0
C:\Users\user\Downloads\CrisisMMD_v2.0\CrisisMMD_v2.0\data_image\iraq_iran_earthquake\14_11_2017\930373217159712768_0.jpg,severe_damage,Severe,1.0
C:\Users\user\Downloads\CrisisMMD_v2.0\CrisisMMD_v2.0\data_image\iraq_iran_earthquake\14_11_2017\930379264201027584_0.jpg,severe_damage,Severe,0.7253
C:\Users\user\Downloads\CrisisMMD_v2.0\CrisisMMD_v2.0\data_image\iraq_iran_earthquake\14_11_2017\930383150022193152_0.jpg,severe_damage,Severe,1.0
C:\Users\user\Downloads\CrisisMMD_v2.0\CrisisMMD_v2.0\data_image\iraq_iran_earthquake\14_11_2017\930389337895776256_0.jpg,mild_damage,Moderate,0.6506
C:\Users\user\Downloads\CrisisMMD_v2.0\CrisisMMD_v2.0\data_image\iraq_iran_earthquake\14_11_2017\930389869167198210_0.jpg,severe_damage,Severe,0.7072
C:\Users\user\Downloads\CrisisMMD_v2.0\CrisisMMD_v2.0\data_image\iraq_iran_earthquake\14_11_2017\930401231331385344_0.jpg,severe_damage,Severe,1.0
C:\Users\user\Downloads\CrisisMMD_v2.0\CrisisMMD_v2.0\data_image\iraq_iran_earthquake\14_11_2017\930401239002701825_3.jpg,severe_damage,Severe,0.6661
C:\Users\user\Downloads\CrisisMMD_v2.0\CrisisMMD_v2.0\data_image\iraq_iran_earthquake\14_11_2017\930401945516462080_0.jpg,little_or_no_damage,Minor,0.6747
C:\Users\user\Downloads\CrisisMMD_v2.0\CrisisMMD_v2.0\data_image\iraq_iran_earthquake\14_11_2017\930432485892280320_0.jpg,severe_damage,Severe,0.7895
C:\Users\user\Downloads\CrisisMMD_v2.0\CrisisMMD_v2.0\data_image\iraq_iran_earthquake\14_11_2017\930432485892280320_1.jpg,severe_damage,Severe,1.0
C:\Users\user\Downloads\CrisisMMD_v2.0\CrisisMMD_v2.0\data_image\iraq_iran_earthquake\14_11_2017\930432485892280320_2.jpg,severe_damage,Severe,1.0
C:\Users\user\Downloads\CrisisMMD_v2.0\CrisisMMD_v2.0\data_image\iraq_iran_earthquake\14_11_2017\930438996852985856_0.jpg,severe_damage,Severe,1.0
C:\Users\user\Downloads\CrisisMMD_v2.0\CrisisMMD_v2.0\data_image\iraq_iran_earthquake\14_11_2017\930444320095789057_1.jpg,severe_damage,Severe,1.0
C:\Users\user\Downloads\CrisisMMD_v2.0\CrisisMMD_v2.0\data_image\iraq_iran_earthquake\14_11_2017\930445781424844800_0.jpg,severe_damage,Severe,1.0
C:\Users\user\Downloads\CrisisMMD_v2.0\CrisisMMD_v2.0\data_image\iraq_iran_earthquake\14_11_2017\930445781424844800_2.jpg,severe_damage,Severe,1.0
C:\Users\user\Downloads\CrisisMMD_v2.0\CrisisMMD_v2.0\data_image\iraq_iran_earthquake\14_11_2017\930457005550112770_0.jpg,severe_damage,Severe,0.7823
C:\Users\user\Downloads\CrisisMMD_v2.0\CrisisMMD_v2.0\data_image\iraq_iran_earthquake\14_11_2017\930477991943131138_0.jpg,severe_damage,Severe,1.0
C:\Users\user\Downloads\CrisisMMD_v2.0\CrisisMMD_v2.0\data_image\iraq_iran_earthquake\14_11_2017\930493617537454080_0.jpg,severe_damage,Severe,0.7723
C:\Users\user\Downloads\CrisisMMD_v2.0\CrisisMMD_v2.0\data_image\iraq_iran_earthquake\14_11_2017\930496652506533892_0.jpg,severe_damage,Severe,0.6467
C:\Users\user\Downloads\CrisisMMD_v2.0\CrisisMMD_v2.0\data_image\iraq_iran_earthquake\14_11_2017\930539345043341312_0.jpg,severe_damage,Severe,1.0
C:\Users\user\Downloads\CrisisMMD_v2.0\CrisisMMD_v2.0\data_image\iraq_iran_earthquake\14_11_2017\930566146281091075_0.jpg,severe_damage,Severe,1.0
C:\Users\user\Downloads\CrisisMMD_v2.0\CrisisMMD_v2.0\data_image\iraq_iran_earthquake\14_11_2017\930570718168928256_0.jpg,severe_damage,Severe,0.6747
C:\Users\user\Downloads\CrisisMMD_v2.0\CrisisMMD_v2.0\data_image\iraq_iran_earthquake\15_11_2017\930631448167632896_0.jpg,severe_damage,Severe,1.0
C:\Users\user\Downloads\CrisisMMD_v2.0\CrisisMMD_v2.0\data_image\iraq_iran_earthquake\15_11_2017\930652773116534784_0.jpg,severe_damage,Severe,1.0
C:\Users\user\Downloads\CrisisMMD_v2.0\CrisisMMD_v2.0\data_image\iraq_iran_earthquake\15_11_2017\930665371153174528_0.jpg,severe_damage,Severe,1.0
C:\Users\user\Downloads\CrisisMMD_v2.0\CrisisMMD_v2.0\data_image\iraq_iran_earthquake\15_11_2017\930677315012579328_0.jpg,severe_damage,Severe,0.7895
C:\Users\user\Downloads\CrisisMMD_v2.0\CrisisMMD_v2.0\data_image\iraq_iran_earthquake\15_11_2017\930712268416753664_0.jpg,severe_damage,Severe,1.0
C:\Users\user\Downloads\CrisisMMD_v2.0\CrisisMMD_v2.0\data_image\iraq_iran_earthquake\15_11_2017\930726547073376256_0.jpg,severe_damage,Severe,1.0
C:\Users\user\Downloads\CrisisMMD_v2.0\CrisisMMD_v2.0\data_image\iraq_iran_earthquake\15_11_2017\930762101836124161_0.jpg,mild_damage,Moderate,0.6546
C:\Users\user\Downloads\CrisisMMD_v2.0\CrisisMMD_v2.0\data_image\iraq_iran_earthquake\15_11_2017\930810047835398144_0.jpg,severe_damage,Severe,0.7706
C:\Users\user\Downloads\CrisisMMD_v2.0\CrisisMMD_v2.0\data_image\iraq_iran_earthquake\15_11_2017\930819767874793473_0.jpg,mild_damage,Moderate,0.6734
C:\Users\user\Downloads\CrisisMMD_v2.0\CrisisMMD_v2.0\data_image\iraq_iran_earthquake\15_11_2017\930864228411457536_0.jpg,severe_damage,Severe,1.0
C:\Users\user\Downloads\CrisisMMD_v2.0\CrisisMMD_v2.0\data_image\iraq_iran_earthquake\15_11_2017\930883171503177728_0.jpg,severe_damage,Severe,1.0
C:\Users\user\Downloads\CrisisMMD_v2.0\CrisisMMD_v2.0\data_image\iraq_iran_earthquake\15_11_2017\930932169798713345_0.jpg,severe_damage,Severe,1.0
C:\Users\user\Downloads\CrisisMMD_v2.0\CrisisMMD_v2.0\data_image\iraq_iran_earthquake\16_11_2017\930972460031254528_0.jpg,severe_damage,Severe,0.7038
C:\Users\user\Downloads\CrisisMMD_v2.0\CrisisMMD_v2.0\data_image\iraq_iran_earthquake\16_11_2017\930983296682594305_0.jpg,severe_damage,Severe,0.6977
C:\Users\user\Downloads\CrisisMMD_v2.0\CrisisMMD_v2.0\data_image\iraq_iran_earthquake\16_11_2017\930984789724741634_0.jpg,little_or_no_damage,Minor,0.3702
C:\Users\user\Downloads\CrisisMMD_v2.0\CrisisMMD_v2.0\data_image\iraq_iran_earthquake\16_11_2017\930992584347938818_0.jpg,severe_damage,Severe,0.6401
C:\Users\user\Downloads\CrisisMMD_v2.0\CrisisMMD_v2.0\data_image\iraq_iran_earthquake\16_11_2017\931062729779138560_0.jpg,severe_damage,Severe,1.0
C:\Users\user\Downloads\CrisisMMD_v2.0\CrisisMMD_v2.0\data_image\iraq_iran_earthquake\16_11_2017\931087356001685504_0.jpg,severe_damage,Severe,1.0
C:\Users\user\Downloads\CrisisMMD_v2.0\CrisisMMD_v2.0\data_image\iraq_iran_earthquake\16_11_2017\931100946721136642_0.jpg,severe_damage,Severe,1.0
C:\Users\user\Downloads\CrisisMMD_v2.0\CrisisMMD_v2.0\data_image\iraq_iran_earthquake\16_11_2017\931103180741595136_0.jpg,severe_damage,Severe,1.0
C:\Users\user\Downloads\CrisisMMD_v2.0\CrisisMMD_v2.0\data_image\iraq_iran_earthquake\16_11_2017\931159934154223618_0.jpg,severe_damage,Severe,1.0
C:\Users\user\Downloads\CrisisMMD_v2.0\CrisisMMD_v2.0\data_image\iraq_iran_earthquake\16_11_2017\931214387318112256_0.jpg,severe_damage,Severe,1.0
C:\Users\user\Downloads\CrisisMMD_v2.0\CrisisMMD_v2.0\data_image\iraq_iran_earthquake\16_11_2017\931258352272838656_0.jpg,severe_damage,Severe,1.0
C:\Users\user\Downloads\CrisisMMD_v2.0\CrisisMMD_v2.0\data_image\iraq_iran_earthquake\16_11_2017\931267004648034304_0.jpg,severe_damage,Severe,1.0
C:\Users\user\Downloads\CrisisMMD_v2.0\CrisisMMD_v2.0\data_image\iraq_iran_earthquake\16_11_2017\931304735029846017_0.jpg,severe_damage,Severe,1.0
C:\Users\user\Downloads\CrisisMMD_v2.0\CrisisMMD_v2.0\data_image\iraq_iran_earthquake\17_11_2017\931366109583958016_0.jpg,severe_damage,Severe,0.6545
C:\Users\user\Downloads\CrisisMMD_v2.0\CrisisMMD_v2.0\data_image\iraq_iran_earthquake\17_11_2017\931371221052219393_0.jpg,severe_damage,Severe,1.0
C:\Users\user\Downloads\CrisisMMD_v2.0\CrisisMMD_v2.0\data_image\iraq_iran_earthquake\17_11_2017\931505905736306690_0.jpg,severe_damage,Severe,1.0
C:\Users\user\Downloads\CrisisMMD_v2.0\CrisisMMD_v2.0\data_image\iraq_iran_earthquake\17_11_2017\931531506564157440_1.jpg,severe_damage,Severe,0.7823
C:\Users\user\Downloads\CrisisMMD_v2.0\CrisisMMD_v2.0\data_image\iraq_iran_earthquake\17_11_2017\931535497679294464_0.jpg,severe_damage,Severe,1.0
C:\Users\user\Downloads\CrisisMMD_v2.0\CrisisMMD_v2.0\data_image\iraq_iran_earthquake\17_11_2017\931577845780025348_0.jpg,severe_damage,Severe,0.7808
C:\Users\user\Downloads\CrisisMMD_v2.0\CrisisMMD_v2.0\data_image\iraq_iran_earthquake\17_11_2017\931603001499881472_0.jpg,severe_damage,Severe,1.0
C:\Users\user\Downloads\CrisisMMD_v2.0\CrisisMMD_v2.0\data_image\iraq_iran_earthquake\17_11_2017\931630430041681920_0.jpg,severe_damage,Severe,0.6494
C:\Users\user\Downloads\CrisisMMD_v2.0\CrisisMMD_v2.0\data_image\iraq_iran_earthquake\18_11_2017\931898198569996288_0.jpg,severe_damage,Severe,0.6646
C:\Users\user\Downloads\CrisisMMD_v2.0\CrisisMMD_v2.0\data_image\iraq_iran_earthquake\18_11_2017\932000082072948736_0.jpg,severe_damage,Severe,1.0
C:\Users\user\Downloads\CrisisMMD_v2.0\CrisisMMD_v2.0\data_image\mexico_earthquake\20_9_2017\910523537860866048_0.jpg,severe_damage,Severe,0.3792
C:\Users\user\Downloads\CrisisMMD_v2.0\CrisisMMD_v2.0\data_image\mexico_earthquake\20_9_2017\910523983149252608_0.jpg,mild_damage,Moderate,0.6693
C:\Users\user\Downloads\CrisisMMD_v2.0\CrisisMMD_v2.0\data_image\mexico_earthquake\20_9_2017\910524364327718919_0.jpg,severe_damage,Severe,0.6761
C:\Users\user\Downloads\CrisisMMD_v2.0\CrisisMMD_v2.0\data_image\mexico_earthquake\20_9_2017\910524557483798529_0.jpg,severe_damage,Severe,1.0
C:\Users\user\Downloads\CrisisMMD_v2.0\CrisisMMD_v2.0\data_image\mexico_earthquake\20_9_2017\910524679777001472_0.jpg,severe_damage,Severe,1.0
C:\Users\user\Downloads\CrisisMMD_v2.0\CrisisMMD_v2.0\data_image\mexico_earthquake\20_9_2017\910524778896691200_0.jpg,severe_damage,Severe,1.0
C:\Users\user\Downloads\CrisisMMD_v2.0\CrisisMMD_v2.0\data_image\mexico_earthquake\20_9_2017\910524793740513280_2.jpg,mild_damage,Moderate,0.6338
C:\Users\user\Downloads\CrisisMMD_v2.0\CrisisMMD_v2.0\data_image\mexico_earthquake\20_9_2017\910525151719997440_0.jpg,severe_damage,Severe,1.0
C:\Users\user\Downloads\CrisisMMD_v2.0\CrisisMMD_v2.0\data_image\mexico_earthquake\20_9_2017\910525286009102336_0.jpg,severe_damage,Severe,1.0
C:\Users\user\Downloads\CrisisMMD_v2.0\CrisisMMD_v2.0\data_image\mexico_earthquake\20_9_2017\910525286009102336_1.jpg,severe_damage,Severe,0.6881
C:\Users\user\Downloads\CrisisMMD_v2.0\CrisisMMD_v2.0\data_image\mexico_earthquake\20_9_2017\910525324856823813_0.jpg,severe_damage,Severe,1.0
C:\Users\user\Downloads\CrisisMMD_v2.0\CrisisMMD_v2.0\data_image\mexico_earthquake\20_9_2017\910532465415954433_0.jpg,severe_damage,Severe,1.0
C:\Users\user\Downloads\CrisisMMD_v2.0\CrisisMMD_v2.0\data_image\mexico_earthquake\20_9_2017\910536209180626946_0.jpg,severe_damage,Severe,1.0
C:\Users\user\Downloads\CrisisMMD_v2.0\CrisisMMD_v2.0\data_image\mexico_earthquake\20_9_2017\910537194237870085_0.jpg,severe_damage,Severe,0.6722
C:\Users\user\Downloads\CrisisMMD_v2.0\CrisisMMD_v2.0\data_image\mexico_earthquake\20_9_2017\910537562132901889_0.jpg,mild_damage,Moderate,0.7254
C:\Users\user\Downloads\CrisisMMD_v2.0\CrisisMMD_v2.0\data_image\mexico_earthquake\20_9_2017\910537563974307842_0.jpg,severe_damage,Severe,1.0
C:\Users\user\Downloads\CrisisMMD_v2.0\CrisisMMD_v2.0\data_image\mexico_earthquake\20_9_2017\910537940346032128_0.jpg,severe_damage,Severe,0.4225
C:\Users\user\Downloads\CrisisMMD_v2.0\CrisisMMD_v2.0\data_image\mexico_earthquake\20_9_2017\910538158319611905_0.jpg,severe_damage,Severe,1.0
C:\Users\user\Downloads\CrisisMMD_v2.0\CrisisMMD_v2.0\data_image\mexico_earthquake\20_9_2017\910541745007427587_0.jpg,severe_damage,Severe,1.0
C:\Users\user\Downloads\CrisisMMD_v2.0\CrisisMMD_v2.0\data_image\mexico_earthquake\20_9_2017\910541813617848320_0.jpg,severe_damage,Severe,0.7183
C:\Users\user\Downloads\CrisisMMD_v2.0\CrisisMMD_v2.0\data_image\mexico_earthquake\20_9_2017\910542244830212096_0.jpg,mild_damage,Moderate,0.3878
C:\Users\user\Downloads\CrisisMMD_v2.0\CrisisMMD_v2.0\data_image\mexico_earthquake\20_9_2017\910542297791713281_0.jpg,severe_damage,Severe,1.0
C:\Users\user\Downloads\CrisisMMD_v2.0\CrisisMMD_v2.0\data_image\mexico_earthquake\20_9_2017\910543087566454785_0.jpg,mild_damage,Moderate,0.7565
C:\Users\user\Downloads\CrisisMMD_v2.0\CrisisMMD_v2.0\data_image\mexico_earthquake\20_9_2017\910544691438944256_0.jpg,mild_damage,Moderate,0.4174
C:\Users\user\Downloads\CrisisMMD_v2.0\CrisisMMD_v2.0\data_image\mexico_earthquake\20_9_2017\910545977668505601_0.jpg,severe_damage,Severe,1.0
C:\Users\user\Downloads\CrisisMMD_v2.0\CrisisMMD_v2.0\data_image\mexico_earthquake\20_9_2017\910549160742539266_0.jpg,severe_damage,Severe,1.0
C:\Users\user\Downloads\CrisisMMD_v2.0\CrisisMMD_v2.0\data_image\mexico_earthquake\20_9_2017\910555154599964673_0.jpg,severe_damage,Severe,1.0
C:\Users\user\Downloads\CrisisMMD_v2.0\CrisisMMD_v2.0\data_image\mexico_earthquake\20_9_2017\910559238795051008_0.jpg,severe_damage,Severe,1.0
C:\Users\user\Downloads\CrisisMMD_v2.0\CrisisMMD_v2.0\data_image\mexico_earthquake\20_9_2017\910563191700185088_0.jpg,severe_damage,Severe,1.0
C:\Users\user\Downloads\CrisisMMD_v2.0\CrisisMMD_v2.0\data_image\mexico_earthquake\20_9_2017\910563191700185088_2.jpg,severe_damage,Severe,0.6441
C:\Users\user\Downloads\CrisisMMD_v2.0\CrisisMMD_v2.0\data_image\mexico_earthquake\20_9_2017\910564177764171777_0.jpg,severe_damage,Severe,1.0
C:\Users\user\Downloads\CrisisMMD_v2.0\CrisisMMD_v2.0\data_image\mexico_earthquake\20_9_2017\910566762839543809_0.jpg,severe_damage,Severe,1.0
C:\Users\user\Downloads\CrisisMMD_v2.0\CrisisMMD_v2.0\data_image\mexico_earthquake\20_9_2017\910567262834139136_0.jpg,severe_damage,Severe,0.6881
C:\Users\user\Downloads\CrisisMMD_v2.0\CrisisMMD_v2.0\data_image\mexico_earthquake\20_9_2017\910572320338485248_0.jpg,severe_damage,Severe,1.0
C:\Users\user\Downloads\CrisisMMD_v2.0\CrisisMMD_v2.0\data_image\mexico_earthquake\20_9_2017\910577546978263042_0.jpg,severe_damage,Severe,0.6755
C:\Users\user\Downloads\CrisisMMD_v2.0\CrisisMMD_v2.0\data_image\mexico_earthquake\20_9_2017\910585414808854528_0.jpg,severe_damage,Severe,1.0
C:\Users\user\Downloads\CrisisMMD_v2.0\CrisisMMD_v2.0\data_image\mexico_earthquake\20_9_2017\910586144462585857_0.jpg,severe_damage,Severe,1.0
C:\Users\user\Downloads\CrisisMMD_v2.0\CrisisMMD_v2.0\data_image\mexico_earthquake\20_9_2017\910586697754308609_0.jpg,mild_damage,Moderate,1.0
C:\Users\user\Downloads\CrisisMMD_v2.0\CrisisMMD_v2.0\data_image\mexico_earthquake\20_9_2017\910609555821858816_0.jpg,severe_damage,Severe,1.0
C:\Users\user\Downloads\CrisisMMD_v2.0\CrisisMMD_v2.0\data_image\mexico_earthquake\20_9_2017\910609588277452800_0.jpg,severe_damage,Severe,1.0
C:\Users\user\Downloads\CrisisMMD_v2.0\CrisisMMD_v2.0\data_image\mexico_earthquake\20_9_2017\910614931262681089_0.jpg,mild_damage,Moderate,0.6078
C:\Users\user\Downloads\CrisisMMD_v2.0\CrisisMMD_v2.0\data_image\mexico_earthquake\20_9_2017\910621512209539073_1.jpg,severe_damage,Severe,0.6078
C:\Users\user\Downloads\CrisisMMD_v2.0\CrisisMMD_v2.0\data_image\mexico_earthquake\20_9_2017\910623424309088256_0.jpg,severe_damage,Severe,1.0
C:\Users\user\Downloads\CrisisMMD_v2.0\CrisisMMD_v2.0\data_image\mexico_earthquake\20_9_2017\910624408435171328_0.jpg,severe_damage,Severe,0.7183
C:\Users\user\Downloads\CrisisMMD_v2.0\CrisisMMD_v2.0\data_image\mexico_earthquake\20_9_2017\910624624874000384_0.jpg,severe_damage,Severe,1.0
C:\Users\user\Downloads\CrisisMMD_v2.0\CrisisMMD_v2.0\data_image\mexico_earthquake\20_9_2017\910624850703773696_0.jpg,severe_damage,Severe,1.0
C:\Users\user\Downloads\CrisisMMD_v2.0\CrisisMMD_v2.0\data_image\mexico_earthquake\20_9_2017\910631928423964672_0.jpg,severe_damage,Severe,1.0
C:\Users\user\Downloads\CrisisMMD_v2.0\CrisisMMD_v2.0\data_image\mexico_earthquake\20_9_2017\910635961134014464_0.jpg,severe_damage,Severe,1.0
C:\Users\user\Downloads\CrisisMMD_v2.0\CrisisMMD_v2.0\data_image\mexico_earthquake\20_9_2017\910647834688462848_0.jpg,severe_damage,Severe,1.0
C:\Users\user\Downloads\CrisisMMD_v2.0\CrisisMMD_v2.0\data_image\mexico_earthquake\20_9_2017\910653901539594240_0.jpg,severe_damage,Severe,1.0
C:\Users\user\Downloads\CrisisMMD_v2.0\CrisisMMD_v2.0\data_image\mexico_earthquake\21_9_2017\910655089211142145_0.jpg,mild_damage,Moderate,0.6609
C:\Users\user\Downloads\CrisisMMD_v2.0\CrisisMMD_v2.0\data_image\mexico_earthquake\21_9_2017\910655620566548480_0.jpg,mild_damage,Moderate,0.7007
C:\Users\user\Downloads\CrisisMMD_v2.0\CrisisMMD_v2.0\data_image\mexico_earthquake\21_9_2017\910658421338275845_0.jpg,severe_damage,Severe,1.0
C:\Users\user\Downloads\CrisisMMD_v2.0\CrisisMMD_v2.0\data_image\mexico_earthquake\21_9_2017\910658635851644928_0.jpg,severe_damage,Severe,0.822
C:\Users\user\Downloads\CrisisMMD_v2.0\CrisisMMD_v2.0\data_image\mexico_earthquake\21_9_2017\910659107517952000_0.jpg,severe_damage,Severe,0.7097
C:\Users\user\Downloads\CrisisMMD_v2.0\CrisisMMD_v2.0\data_image\mexico_earthquake\21_9_2017\910659915298988035_0.jpg,severe_damage,Severe,1.0
C:\Users\user\Downloads\CrisisMMD_v2.0\CrisisMMD_v2.0\data_image\mexico_earthquake\21_9_2017\910670238869368832_1.jpg,severe_damage,Severe,1.0
C:\Users\user\Downloads\CrisisMMD_v2.0\CrisisMMD_v2.0\data_image\mexico_earthquake\21_9_2017\910670548191010817_0.jpg,severe_damage,Severe,0.5986
C:\Users\user\Downloads\CrisisMMD_v2.0\CrisisMMD_v2.0\data_image\mexico_earthquake\21_9_2017\910675922390458369_0.jpg,severe_damage,Severe,0.7007
C:\Users\user\Downloads\CrisisMMD_v2.0\CrisisMMD_v2.0\data_image\mexico_earthquake\21_9_2017\910679230056243200_0.jpg,severe_damage,Severe,1.0
C:\Users\user\Downloads\CrisisMMD_v2.0\CrisisMMD_v2.0\data_image\mexico_earthquake\21_9_2017\910679991599460352_0.jpg,mild_damage,Moderate,0.5567
C:\Users\user\Downloads\CrisisMMD_v2.0\CrisisMMD_v2.0\data_image\mexico_earthquake\21_9_2017\910681807858810880_0.jpg,severe_damage,Severe,1.0
C:\Users\user\Downloads\CrisisMMD_v2.0\CrisisMMD_v2.0\data_image\mexico_earthquake\21_9_2017\910682398907617280_2.jpg,severe_damage,Severe,0.6441
C:\Users\user\Downloads\CrisisMMD_v2.0\CrisisMMD_v2.0\data_image\mexico_earthquake\21_9_2017\910690620389310465_0.jpg,severe_damage,Severe,0.6609
C:\Users\user\Downloads\CrisisMMD_v2.0\CrisisMMD_v2.0\data_image\mexico_earthquake\21_9_2017\910691589034409984_0.jpg,little_or_no_damage,Minor,0.5424
C:\Users\user\Downloads\CrisisMMD_v2.0\CrisisMMD_v2.0\data_image\mexico_earthquake\21_9_2017\910694845949366272_0.jpg,severe_damage,Severe,0.8023
C:\Users\user\Downloads\CrisisMMD_v2.0\CrisisMMD_v2.0\data_image\mexico_earthquake\21_9_2017\910694845949366272_1.jpg,severe_damage,Severe,0.8023
C:\Users\user\Downloads\CrisisMMD_v2.0\CrisisMMD_v2.0\data_image\mexico_earthquake\21_9_2017\910696337234120704_0.jpg,severe_damage,Severe,1.0
C:\Users\user\Downloads\CrisisMMD_v2.0\CrisisMMD_v2.0\data_image\mexico_earthquake\21_9_2017\910696403248103424_0.jpg,severe_damage,Severe,1.0
C:\Users\user\Downloads\CrisisMMD_v2.0\CrisisMMD_v2.0\data_image\mexico_earthquake\21_9_2017\910698946514771969_0.jpg,severe_damage,Severe,0.8276
C:\Users\user\Downloads\CrisisMMD_v2.0\CrisisMMD_v2.0\data_image\mexico_earthquake\21_9_2017\910700764808564736_0.jpg,severe_damage,Severe,1.0
C:\Users\user\Downloads\CrisisMMD_v2.0\CrisisMMD_v2.0\data_image\mexico_earthquake\21_9_2017\910702443977089029_0.jpg,mild_damage,Moderate,0.6338
C:\Users\user\Downloads\CrisisMMD_v2.0\CrisisMMD_v2.0\data_image\mexico_earthquake\21_9_2017\910705421953982464_0.jpg,severe_damage,Severe,1.0
C:\Users\user\Downloads\CrisisMMD_v2.0\CrisisMMD_v2.0\data_image\mexico_earthquake\21_9_2017\910706631800889344_0.jpg,severe_damage,Severe,1.0
C:\Users\user\Downloads\CrisisMMD_v2.0\CrisisMMD_v2.0\data_image\mexico_earthquake\21_9_2017\910708152227602438_0.jpg,severe_damage,Severe,1.0
C:\Users\user\Downloads\CrisisMMD_v2.0\CrisisMMD_v2.0\data_image\mexico_earthquake\21_9_2017\910708399377080322_0.jpg,severe_damage,Severe,1.0
C:\Users\user\Downloads\CrisisMMD_v2.0\CrisisMMD_v2.0\data_image\mexico_earthquake\21_9_2017\910708503681032192_0.jpg,severe_damage,Severe,1.0
C:\Users\user\Downloads\CrisisMMD_v2.0\CrisisMMD_v2.0\data_image\mexico_earthquake\21_9_2017\910708899098980352_0.jpg,severe_damage,Severe,1.0
C:\Users\user\Downloads\CrisisMMD_v2.0\CrisisMMD_v2.0\data_image\mexico_earthquake\21_9_2017\910708925548384256_0.jpg,severe_damage,Severe,0.8023
C:\Users\user\Downloads\CrisisMMD_v2.0\CrisisMMD_v2.0\data_image\mexico_earthquake\21_9_2017\910709499660398592_0.jpg,severe_damage,Severe,1.0
C:\Users\user\Downloads\CrisisMMD_v2.0\CrisisMMD_v2.0\data_image\mexico_earthquake\21_9_2017\910709821392879616_0.jpg,severe_damage,Severe,1.0
C:\Users\user\Downloads\CrisisMMD_v2.0\CrisisMMD_v2.0\data_image\mexico_earthquake\21_9_2017\910712437266989056_0.jpg,severe_damage,Severe,1.0
C:\Users\user\Downloads\CrisisMMD_v2.0\CrisisMMD_v2.0\data_image\mexico_earthquake\21_9_2017\910719199785472001_0.jpg,severe_damage,Severe,1.0
C:\Users\user\Downloads\CrisisMMD_v2.0\CrisisMMD_v2.0\data_image\mexico_earthquake\21_9_2017\910723465933504512_0.jpg,severe_damage,Severe,1.0
C:\Users\user\Downloads\CrisisMMD_v2.0\CrisisMMD_v2.0\data_image\mexico_earthquake\21_9_2017\910723904150237184_0.jpg,severe_damage,Severe,0.6755
C:\Users\user\Downloads\CrisisMMD_v2.0\CrisisMMD_v2.0\data_image\mexico_earthquake\21_9_2017\910728261457502209_0.jpg,severe_damage,Severe,0.6718
C:\Users\user\Downloads\CrisisMMD_v2.0\CrisisMMD_v2.0\data_image\mexico_earthquake\21_9_2017\910731925446430720_0.jpg,severe_damage,Severe,1.0
C:\Users\user\Downloads\CrisisMMD_v2.0\CrisisMMD_v2.0\data_image\mexico_earthquake\21_9_2017\910734118165590016_0.jpg,severe_damage,Severe,1.0
C:\Users\user\Downloads\CrisisMMD_v2.0\CrisisMMD_v2.0\data_image\mexico_earthquake\21_9_2017\910745969163161600_0.jpg,severe_damage,Severe,0.654
C:\Users\user\Downloads\CrisisMMD_v2.0\CrisisMMD_v2.0\data_image\mexico_earthquake\21_9_2017\910746110511210496_0.jpg,severe_damage,Severe,1.0
C:\Users\user\Downloads\CrisisMMD_v2.0\CrisisMMD_v2.0\data_image\mexico_earthquake\21_9_2017\910758076579491840_0.jpg,severe_damage,Severe,1.0
C:\Users\user\Downloads\CrisisMMD_v2.0\CrisisMMD_v2.0\data_image\mexico_earthquake\21_9_2017\910764633811816449_0.jpg,severe_damage,Severe,1.0
C:\Users\user\Downloads\CrisisMMD_v2.0\CrisisMMD_v2.0\data_image\mexico_earthquake\21_9_2017\910765490334814208_0.jpg,severe_damage,Severe,0.8276
C:\Users\user\Downloads\CrisisMMD_v2.0\CrisisMMD_v2.0\data_image\mexico_earthquake\21_9_2017\910784426107383808_0.jpg,severe_damage,Severe,0.6693
C:\Users\user\Downloads\CrisisMMD_v2.0\CrisisMMD_v2.0\data_image\mexico_earthquake\21_9_2017\910786811164635136_0.jpg,severe_damage,Severe,1.0
C:\Users\user\Downloads\CrisisMMD_v2.0\CrisisMMD_v2.0\data_image\mexico_earthquake\21_9_2017\910803599680327681_0.jpg,severe_damage,Severe,0.6438
C:\Users\user\Downloads\CrisisMMD_v2.0\CrisisMMD_v2.0\data_image\mexico_earthquake\21_9_2017\910807746236186624_0.png,severe_damage,Severe,1.0
C:\Users\user\Downloads\CrisisMMD_v2.0\CrisisMMD_v2.0\data_image\mexico_earthquake\21_9_2017\910808994457014273_0.jpg,little_or_no_damage,Minor,0.3911
C:\Users\user\Downloads\CrisisMMD_v2.0\CrisisMMD_v2.0\data_image\mexico_earthquake\21_9_2017\910812992908005377_0.jpg,severe_damage,Severe,0.6881
C:\Users\user\Downloads\CrisisMMD_v2.0\CrisisMMD_v2.0\data_image\mexico_earthquake\21_9_2017\910818346152710144_0.jpg,severe_damage,Severe,1.0
C:\Users\user\Downloads\CrisisMMD_v2.0\CrisisMMD_v2.0\data_image\mexico_earthquake\23_9_2017\911622599452409856_0.jpg,severe_damage,Severe,1.0
C:\Users\user\Downloads\CrisisMMD_v2.0\CrisisMMD_v2.0\data_image\mexico_earthquake\23_9_2017\911623362388090880_0.jpg,mild_damage,Moderate,0.6208
C:\Users\user\Downloads\CrisisMMD_v2.0\CrisisMMD_v2.0\data_image\mexico_earthquake\23_9_2017\911623875565375488_0.jpg,severe_damage,Severe,1.0
C:\Users\user\Downloads\CrisisMMD_v2.0\CrisisMMD_v2.0\data_image\mexico_earthquake\23_9_2017\911624556292579329_0.jpg,severe_damage,Severe,0.7183
C:\Users\user\Downloads\CrisisMMD_v2.0\CrisisMMD_v2.0\data_image\mexico_earthquake\23_9_2017\911634888998055936_3.jpg,severe_damage,Severe,1.0
C:\Users\user\Downloads\CrisisMMD_v2.0\CrisisMMD_v2.0\data_image\mexico_earthquake\23_9_2017\911655630460669953_0.jpg,severe_damage,Severe,0.6139
C:\Users\user\Downloads\CrisisMMD_v2.0\CrisisMMD_v2.0\data_image\mexico_earthquake\23_9_2017\911674637410594816_0.jpg,severe_damage,Severe,1.0
C:\Users\user\Downloads\CrisisMMD_v2.0\CrisisMMD_v2.0\data_image\mexico_earthquake\23_9_2017\911680036578762756_0.jpg,mild_damage,Moderate,0.6158
C:\Users\user\Downloads\CrisisMMD_v2.0\CrisisMMD_v2.0\data_image\mexico_earthquake\23_9_2017\911683426595590144_0.jpg,severe_damage,Severe,0.6755
C:\Users\user\Downloads\CrisisMMD_v2.0\CrisisMMD_v2.0\data_image\mexico_earthquake\23_9_2017\911688552936726529_2.jpg,severe_damage,Severe,1.0
C:\Users\user\Downloads\CrisisMMD_v2.0\CrisisMMD_v2.0\data_image\mexico_earthquake\23_9_2017\911701484852490240_0.jpg,severe_damage,Severe,1.0
C:\Users\user\Downloads\CrisisMMD_v2.0\CrisisMMD_v2.0\data_image\mexico_earthquake\23_9_2017\911709683446140928_0.jpg,severe_damage,Severe,1.0
C:\Users\user\Downloads\CrisisMMD_v2.0\CrisisMMD_v2.0\data_image\mexico_earthquake\24_9_2017\911773444978675712_0.jpg,mild_damage,Moderate,0.7254
C:\Users\user\Downloads\CrisisMMD_v2.0\CrisisMMD_v2.0\data_image\mexico_earthquake\24_9_2017\911784599163895810_0.jpg,severe_damage,Severe,1.0
C:\Users\user\Downloads\CrisisMMD_v2.0\CrisisMMD_v2.0\data_image\mexico_earthquake\24_9_2017\911801561780699137_0.jpg,severe_damage,Severe,1.0
C:\Users\user\Downloads\CrisisMMD_v2.0\CrisisMMD_v2.0\data_image\mexico_earthquake\24_9_2017\911808511948058629_0.jpg,severe_damage,Severe,0.7007
C:\Users\user\Downloads\CrisisMMD_v2.0\CrisisMMD_v2.0\data_image\mexico_earthquake\24_9_2017\911827596748447744_0.jpg,mild_damage,Moderate,0.7042
C:\Users\user\Downloads\CrisisMMD_v2.0\CrisisMMD_v2.0\data_image\mexico_earthquake\24_9_2017\911833476780953600_0.jpg,severe_damage,Severe,0.6657
C:\Users\user\Downloads\CrisisMMD_v2.0\CrisisMMD_v2.0\data_image\mexico_earthquake\24_9_2017\911846454242578433_0.jpg,severe_damage,Severe,1.0
C:\Users\user\Downloads\CrisisMMD_v2.0\CrisisMMD_v2.0\data_image\mexico_earthquake\24_9_2017\911847736646934528_0.jpg,severe_damage,Severe,1.0
C:\Users\user\Downloads\CrisisMMD_v2.0\CrisisMMD_v2.0\data_image\mexico_earthquake\24_9_2017\911905889904234497_0.jpg,severe_damage,Severe,0.6761
C:\Users\user\Downloads\CrisisMMD_v2.0\CrisisMMD_v2.0\data_image\mexico_earthquake\24_9_2017\911938986297499648_0.jpg,severe_damage,Severe,0.8276
C:\Users\user\Downloads\CrisisMMD_v2.0\CrisisMMD_v2.0\data_image\mexico_earthquake\24_9_2017\911974797113950208_0.jpg,severe_damage,Severe,1.0
C:\Users\user\Downloads\CrisisMMD_v2.0\CrisisMMD_v2.0\data_image\mexico_earthquake\24_9_2017\912047781799440384_0.jpg,severe_damage,Severe,1.0
C:\Users\user\Downloads\CrisisMMD_v2.0\CrisisMMD_v2.0\data_image\mexico_earthquake\24_9_2017\912048104651788289_2.jpg,little_or_no_damage,Minor,0.6761
C:\Users\user\Downloads\CrisisMMD_v2.0\CrisisMMD_v2.0\data_image\mexico_earthquake\24_9_2017\912048104651788289_3.jpg,mild_damage,Moderate,1.0
C:\Users\user\Downloads\CrisisMMD_v2.0\CrisisMMD_v2.0\data_image\mexico_earthquake\24_9_2017\912050610396188672_0.jpg,severe_damage,Severe,1.0
C:\Users\user\Downloads\CrisisMMD_v2.0\CrisisMMD_v2.0\data_image\mexico_earthquake\24_9_2017\912092784408002560_0.jpg,severe_damage,Severe,0.7037
C:\Users\user\Downloads\CrisisMMD_v2.0\CrisisMMD_v2.0\data_image\mexico_earthquake\25_9_2017\912111866595471360_1.jpg,severe_damage,Severe,0.7097
C:\Users\user\Downloads\CrisisMMD_v2.0\CrisisMMD_v2.0\data_image\mexico_earthquake\25_9_2017\912163228716814337_0.jpg,severe_damage,Severe,0.7097
C:\Users\user\Downloads\CrisisMMD_v2.0\CrisisMMD_v2.0\data_image\mexico_earthquake\25_9_2017\912186377885716481_0.jpg,severe_damage,Severe,0.6761
C:\Users\user\Downloads\CrisisMMD_v2.0\CrisisMMD_v2.0\data_image\mexico_earthquake\25_9_2017\912232092997767168_0.jpg,severe_damage,Severe,1.0
C:\Users\user\Downloads\CrisisMMD_v2.0\CrisisMMD_v2.0\data_image\mexico_earthquake\25_9_2017\912301115257053184_2.jpg,little_or_no_damage,Minor,0.7042
C:\Users\user\Downloads\CrisisMMD_v2.0\CrisisMMD_v2.0\data_image\mexico_earthquake\25_9_2017\912331848478609409_0.jpg,severe_damage,Severe,1.0
C:\Users\user\Downloads\CrisisMMD_v2.0\CrisisMMD_v2.0\data_image\mexico_earthquake\25_9_2017\912346493809577984_0.jpg,mild_damage,Moderate,0.6208
C:\Users\user\Downloads\CrisisMMD_v2.0\CrisisMMD_v2.0\data_image\mexico_earthquake\25_9_2017\912346493809577984_1.jpg,severe_damage,Severe,1.0
C:\Users\user\Downloads\CrisisMMD_v2.0\CrisisMMD_v2.0\data_image\mexico_earthquake\25_9_2017\912346493809577984_2.jpg,severe_damage,Severe,1.0
C:\Users\user\Downloads\CrisisMMD_v2.0\CrisisMMD_v2.0\data_image\mexico_earthquake\25_9_2017\912346493809577984_3.jpg,severe_damage,Severe,0.5986
C:\Users\user\Downloads\CrisisMMD_v2.0\CrisisMMD_v2.0\data_image\mexico_earthquake\25_9_2017\912359993680236554_0.jpg,severe_damage,Severe,1.0
C:\Users\user\Downloads\CrisisMMD_v2.0\CrisisMMD_v2.0\data_image\mexico_earthquake\25_9_2017\912427774576644096_0.jpg,severe_damage,Severe,0.822
C:\Users\user\Downloads\CrisisMMD_v2.0\CrisisMMD_v2.0\data_image\mexico_earthquake\25_9_2017\912466253150851073_0.jpg,severe_damage,Severe,1.0
C:\Users\user\Downloads\CrisisMMD_v2.0\CrisisMMD_v2.0\data_image\mexico_earthquake\26_9_2017\912466758602313728_0.jpg,severe_damage,Severe,1.0
C:\Users\user\Downloads\CrisisMMD_v2.0\CrisisMMD_v2.0\data_image\mexico_earthquake\27_9_2017\912966692241907712_0.jpg,severe_damage,Severe,0.7255
C:\Users\user\Downloads\CrisisMMD_v2.0\CrisisMMD_v2.0\data_image\mexico_earthquake\27_9_2017\912982510518247424_0.jpg,severe_damage,Severe,1.0
C:\Users\user\Downloads\CrisisMMD_v2.0\CrisisMMD_v2.0\data_image\mexico_earthquake\27_9_2017\912989234922889216_0.jpg,severe_damage,Severe,0.7255
C:\Users\user\Downloads\CrisisMMD_v2.0\CrisisMMD_v2.0\data_image\mexico_earthquake\27_9_2017\913002540119330816_0.jpg,severe_damage,Severe,1.0
C:\Users\user\Downloads\CrisisMMD_v2.0\CrisisMMD_v2.0\data_image\mexico_earthquake\27_9_2017\913044211611652097_0.jpg,severe_damage,Severe,1.0
C:\Users\user\Downloads\CrisisMMD_v2.0\CrisisMMD_v2.0\data_image\mexico_earthquake\27_9_2017\913066526185607169_0.jpg,severe_damage,Severe,1.0
C:\Users\user\Downloads\CrisisMMD_v2.0\CrisisMMD_v2.0\data_image\mexico_earthquake\27_9_2017\913092121292410883_0.jpg,severe_damage,Severe,1.0
C:\Users\user\Downloads\CrisisMMD_v2.0\CrisisMMD_v2.0\data_image\mexico_earthquake\27_9_2017\913102526383144961_1.jpg,severe_damage,Severe,0.7228
C:\Users\user\Downloads\CrisisMMD_v2.0\CrisisMMD_v2.0\data_image\mexico_earthquake\27_9_2017\913102526383144961_2.jpg,mild_damage,Moderate,0.7228
C:\Users\user\Downloads\CrisisMMD_v2.0\CrisisMMD_v2.0\data_image\mexico_earthquake\28_9_2017\913215455334199301_0.jpg,severe_damage,Severe,1.0
C:\Users\user\Downloads\CrisisMMD_v2.0\CrisisMMD_v2.0\data_image\mexico_earthquake\28_9_2017\913355330100301829_0.jpg,severe_damage,Severe,0.7565
C:\Users\user\Downloads\CrisisMMD_v2.0\CrisisMMD_v2.0\data_image\mexico_earthquake\28_9_2017\913479005122236421_0.jpg,severe_damage,Severe,0.6761
C:\Users\user\Downloads\CrisisMMD_v2.0\CrisisMMD_v2.0\data_image\mexico_earthquake\28_9_2017\913533790437257217_0.jpg,mild_damage,Moderate,0.6129
C:\Users\user\Downloads\CrisisMMD_v2.0\CrisisMMD_v2.0\data_image\mexico_earthquake\29_9_2017\913735879931314177_0.jpg,severe_damage,Severe,1.0
C:\Users\user\Downloads\CrisisMMD_v2.0\CrisisMMD_v2.0\data_image\mexico_earthquake\29_9_2017\913806954023325697_0.jpg,severe_damage,Severe,1.0
C:\Users\user\Downloads\CrisisMMD_v2.0\CrisisMMD_v2.0\data_image\mexico_earthquake\29_9_2017\913914328348114944_0.jpg,severe_damage,Severe,1.0
C:\Users\user\Downloads\CrisisMMD_v2.0\CrisisMMD_v2.0\data_image\mexico_earthquake\30_9_2017\913965634437992448_0.jpg,severe_damage,Severe,1.0
C:\Users\user\Downloads\CrisisMMD_v2.0\CrisisMMD_v2.0\data_image\mexico_earthquake\30_9_2017\913965634437992448_1.jpg,severe_damage,Severe,1.0
C:\Users\user\Downloads\CrisisMMD_v2.0\CrisisMMD_v2.0\data_image\mexico_earthquake\30_9_2017\913965634437992448_2.jpg,severe_damage,Severe,0.7097
C:\Users\user\Downloads\CrisisMMD_v2.0\CrisisMMD_v2.0\data_image\mexico_earthquake\30_9_2017\914045395759767552_0.jpg,severe_damage,Severe,0.7565
C:\Users\user\Downloads\CrisisMMD_v2.0\CrisisMMD_v2.0\data_image\mexico_earthquake\30_9_2017\914104822131040256_0.jpg,mild_damage,Moderate,0.6338
C:\Users\user\Downloads\CrisisMMD_v2.0\CrisisMMD_v2.0\data_image\mexico_earthquake\30_9_2017\914159056201424896_0.jpg,severe_damage,Severe,0.6718
C:\Users\user\Downloads\CrisisMMD_v2.0\CrisisMMD_v2.0\data_image\mexico_earthquake\30_9_2017\914163198177300480_0.jpg,severe_damage,Severe,0.7565
C:\Users\user\Downloads\CrisisMMD_v2.0\CrisisMMD_v2.0\data_image\mexico_earthquake\1_10_2017\914610405707677697_0.jpg,little_or_no_damage,Minor,0.3386
C:\Users\user\Downloads\CrisisMMD_v2.0\CrisisMMD_v2.0\data_image\mexico_earthquake\2_10_2017\914823897601605632_0.jpg,severe_damage,Severe,1.0
C:\Users\user\Downloads\CrisisMMD_v2.0\CrisisMMD_v2.0\data_image\mexico_earthquake\2_10_2017\914870161487867909_0.jpg,mild_damage,Moderate,0.6338
C:\Users\user\Downloads\CrisisMMD_v2.0\CrisisMMD_v2.0\data_image\mexico_earthquake\2_10_2017\914946389649522688_0.jpg,severe_damage,Severe,1.0
C:\Users\user\Downloads\CrisisMMD_v2.0\CrisisMMD_v2.0\data_image\mexico_earthquake\2_10_2017\914952139209891852_0.jpg,severe_damage,Severe,1.0
C:\Users\user\Downloads\CrisisMMD_v2.0\CrisisMMD_v2.0\data_image\mexico_earthquake\2_10_2017\914952139209891852_1.jpg,mild_damage,Moderate,0.6139
C:\Users\user\Downloads\CrisisMMD_v2.0\CrisisMMD_v2.0\data_image\mexico_earthquake\2_10_2017\914952139209891852_2.jpg,mild_damage,Moderate,0.7565
C:\Users\user\Downloads\CrisisMMD_v2.0\CrisisMMD_v2.0\data_image\mexico_earthquake\2_10_2017\914952139209891852_3.jpg,severe_damage,Severe,0.6667
C:\Users\user\Downloads\CrisisMMD_v2.0\CrisisMMD_v2.0\data_image\mexico_earthquake\3_10_2017\915079996900827136_0.jpg,severe_damage,Severe,1.0
C:\Users\user\Downloads\CrisisMMD_v2.0\CrisisMMD_v2.0\data_image\mexico_earthquake\3_10_2017\915201277432418305_0.jpg,severe_damage,Severe,1.0
C:\Users\user\Downloads\CrisisMMD_v2.0\CrisisMMD_v2.0\data_image\mexico_earthquake\3_10_2017\915253376912379905_0.jpg,mild_damage,Moderate,0.6761
C:\Users\user\Downloads\CrisisMMD_v2.0\CrisisMMD_v2.0\data_image\mexico_earthquake\5_10_2017\915992255583854592_0.jpg,severe_damage,Severe,0.6139
C:\Users\user\Downloads\CrisisMMD_v2.0\CrisisMMD_v2.0\data_image\mexico_earthquake\5_10_2017\916075589131436032_0.jpg,severe_damage,Severe,1.0
C:\Users\user\Downloads\CrisisMMD_v2.0\CrisisMMD_v2.0\data_image\srilanka_floods\31_5_2017\869954479524691968_0.jpg,severe_damage,Severe,1.0
C:\Users\user\Downloads\CrisisMMD_v2.0\CrisisMMD_v2.0\data_image\srilanka_floods\31_5_2017\869957051547435008_0.jpg,severe_damage,Severe,0.7606
C:\Users\user\Downloads\CrisisMMD_v2.0\CrisisMMD_v2.0\data_image\srilanka_floods\31_5_2017\869957461993635840_0.jpg,mild_damage,Moderate,0.7097
C:\Users\user\Downloads\CrisisMMD_v2.0\CrisisMMD_v2.0\data_image\srilanka_floods\31_5_2017\869962038214131712_0.jpg,severe_damage,Severe,1.0
C:\Users\user\Downloads\CrisisMMD_v2.0\CrisisMMD_v2.0\data_image\srilanka_floods\31_5_2017\869967714948849664_0.jpg,severe_damage,Severe,1.0
C:\Users\user\Downloads\CrisisMMD_v2.0\CrisisMMD_v2.0\data_image\srilanka_floods\31_5_2017\869982155270750208_0.jpg,severe_damage,Severe,0.7447
C:\Users\user\Downloads\CrisisMMD_v2.0\CrisisMMD_v2.0\data_image\srilanka_floods\31_5_2017\869984832364756992_0.jpg,severe_damage,Severe,1.0
C:\Users\user\Downloads\CrisisMMD_v2.0\CrisisMMD_v2.0\data_image\srilanka_floods\31_5_2017\869999741165109248_0.jpg,severe_damage,Severe,0.3353
C:\Users\user\Downloads\CrisisMMD_v2.0\CrisisMMD_v2.0\data_image\srilanka_floods\31_5_2017\870003422514208768_0.jpg,severe_damage,Severe,0.7606
C:\Users\user\Downloads\CrisisMMD_v2.0\CrisisMMD_v2.0\data_image\srilanka_floods\31_5_2017\870004426542505984_0.jpg,mild_damage,Moderate,0.66
C:\Users\user\Downloads\CrisisMMD_v2.0\CrisisMMD_v2.0\data_image\srilanka_floods\31_5_2017\870013706935119872_0.jpg,mild_damage,Moderate,1.0
C:\Users\user\Downloads\CrisisMMD_v2.0\CrisisMMD_v2.0\data_image\srilanka_floods\31_5_2017\870015709555834880_0.jpg,mild_damage,Moderate,0.7
C:\Users\user\Downloads\CrisisMMD_v2.0\CrisisMMD_v2.0\data_image\srilanka_floods\31_5_2017\870015964795908097_0.jpg,severe_damage,Severe,1.0
C:\Users\user\Downloads\CrisisMMD_v2.0\CrisisMMD_v2.0\data_image\srilanka_floods\31_5_2017\870023473166401536_0.jpg,severe_damage,Severe,1.0
C:\Users\user\Downloads\CrisisMMD_v2.0\CrisisMMD_v2.0\data_image\srilanka_floods\31_5_2017\870032047145746432_0.jpg,severe_damage,Severe,1.0
C:\Users\user\Downloads\CrisisMMD_v2.0\CrisisMMD_v2.0\data_image\srilanka_floods\31_5_2017\870035816990425089_1.jpg,little_or_no_damage,Minor,0.375
C:\Users\user\Downloads\CrisisMMD_v2.0\CrisisMMD_v2.0\data_image\srilanka_floods\31_5_2017\870043559076007936_0.jpg,mild_damage,Moderate,0.4348
C:\Users\user\Downloads\CrisisMMD_v2.0\CrisisMMD_v2.0\data_image\srilanka_floods\31_5_2017\870052558928138240_0.jpg,mild_damage,Moderate,0.7143
C:\Users\user\Downloads\CrisisMMD_v2.0\CrisisMMD_v2.0\data_image\srilanka_floods\31_5_2017\870052558928138240_1.jpg,mild_damage,Moderate,0.7143
C:\Users\user\Downloads\CrisisMMD_v2.0\CrisisMMD_v2.0\data_image\srilanka_floods\31_5_2017\870052558928138240_2.jpg,mild_damage,Moderate,0.662
C:\Users\user\Downloads\CrisisMMD_v2.0\CrisisMMD_v2.0\data_image\srilanka_floods\31_5_2017\870061681493155844_0.jpg,severe_damage,Severe,0.4255
C:\Users\user\Downloads\CrisisMMD_v2.0\CrisisMMD_v2.0\data_image\srilanka_floods\1_6_2017\870079994306871296_0.jpg,severe_damage,Severe,1.0
C:\Users\user\Downloads\CrisisMMD_v2.0\CrisisMMD_v2.0\data_image\srilanka_floods\1_6_2017\870110587661021185_0.jpg,severe_damage,Severe,0.7748
C:\Users\user\Downloads\CrisisMMD_v2.0\CrisisMMD_v2.0\data_image\srilanka_floods\1_6_2017\870114879541137408_0.jpg,little_or_no_damage,Minor,0.6225
C:\Users\user\Downloads\CrisisMMD_v2.0\CrisisMMD_v2.0\data_image\srilanka_floods\1_6_2017\870130736069656577_0.jpg,mild_damage,Moderate,0.7
C:\Users\user\Downloads\CrisisMMD_v2.0\CrisisMMD_v2.0\data_image\srilanka_floods\1_6_2017\870134495650906112_0.jpg,severe_damage,Severe,1.0
C:\Users\user\Downloads\CrisisMMD_v2.0\CrisisMMD_v2.0\data_image\srilanka_floods\1_6_2017\870140216656502784_0.jpg,severe_damage,Severe,1.0
C:\Users\user\Downloads\CrisisMMD_v2.0\CrisisMMD_v2.0\data_image\srilanka_floods\1_6_2017\870140525889822724_0.jpg,mild_damage,Moderate,0.7101
C:\Users\user\Downloads\CrisisMMD_v2.0\CrisisMMD_v2.0\data_image\srilanka_floods\1_6_2017\870146384904761344_0.jpg,severe_damage,Severe,0.7748
C:\Users\user\Downloads\CrisisMMD_v2.0\CrisisMMD_v2.0\data_image\srilanka_floods\1_6_2017\870148339307749377_0.jpg,severe_damage,Severe,1.0
C:\Users\user\Downloads\CrisisMMD_v2.0\CrisisMMD_v2.0\data_image\srilanka_floods\1_6_2017\870176000109182977_1.jpg,mild_damage,Moderate,1.0
C:\Users\user\Downloads\CrisisMMD_v2.0\CrisisMMD_v2.0\data_image\srilanka_floods\1_6_2017\870176000109182977_2.jpg,mild_damage,Moderate,0.6522
C:\Users\user\Downloads\CrisisMMD_v2.0\CrisisMMD_v2.0\data_image\srilanka_floods\1_6_2017\870182877706715139_0.jpg,severe_damage,Severe,1.0
C:\Users\user\Downloads\CrisisMMD_v2.0\CrisisMMD_v2.0\data_image\srilanka_floods\1_6_2017\870182877706715139_2.jpg,severe_damage,Severe,0.4545
C:\Users\user\Downloads\CrisisMMD_v2.0\CrisisMMD_v2.0\data_image\srilanka_floods\1_6_2017\870199337996787712_0.jpg,severe_damage,Severe,0.6957
C:\Users\user\Downloads\CrisisMMD_v2.0\CrisisMMD_v2.0\data_image\srilanka_floods\1_6_2017\870209884452552705_0.jpg,severe_damage,Severe,1.0
C:\Users\user\Downloads\CrisisMMD_v2.0\CrisisMMD_v2.0\data_image\srilanka_floods\1_6_2017\870230068156448769_0.jpg,severe_damage,Severe,0.5652
C:\Users\user\Downloads\CrisisMMD_v2.0\CrisisMMD_v2.0\data_image\srilanka_floods\1_6_2017\870237610362380289_0.jpg,severe_damage,Severe,0.7748
C:\Users\user\Downloads\CrisisMMD_v2.0\CrisisMMD_v2.0\data_image\srilanka_floods\1_6_2017\870248079043158017_0.jpg,mild_damage,Moderate,1.0
C:\Users\user\Downloads\CrisisMMD_v2.0\CrisisMMD_v2.0\data_image\srilanka_floods\1_6_2017\870248079043158017_2.jpg,severe_damage,Severe,1.0
C:\Users\user\Downloads\CrisisMMD_v2.0\CrisisMMD_v2.0\data_image\srilanka_floods\1_6_2017\870258521635381248_0.jpg,mild_damage,Moderate,0.7273
C:\Users\user\Downloads\CrisisMMD_v2.0\CrisisMMD_v2.0\data_image\srilanka_floods\1_6_2017\870278054697881600_0.jpg,mild_damage,Moderate,1.0
C:\Users\user\Downloads\CrisisMMD_v2.0\CrisisMMD_v2.0\data_image\srilanka_floods\1_6_2017\870283105151668224_0.jpg,mild_damage,Moderate,0.6607
C:\Users\user\Downloads\CrisisMMD_v2.0\CrisisMMD_v2.0\data_image\srilanka_floods\1_6_2017\870283105151668224_1.jpg,severe_damage,Severe,1.0
C:\Users\user\Downloads\CrisisMMD_v2.0\CrisisMMD_v2.0\data_image\srilanka_floods\1_6_2017\870294525419192324_0.jpg,little_or_no_damage,Minor,0.4545
C:\Users\user\Downloads\CrisisMMD_v2.0\CrisisMMD_v2.0\data_image\srilanka_floods\1_6_2017\870331956415909890_0.jpg,severe_damage,Severe,0.6809
C:\Users\user\Downloads\CrisisMMD_v2.0\CrisisMMD_v2.0\data_image\srilanka_floods\1_6_2017\870331956415909890_1.jpg,mild_damage,Moderate,0.4545
C:\Users\user\Downloads\CrisisMMD_v2.0\CrisisMMD_v2.0\data_image\srilanka_floods\1_6_2017\870347744912711680_0.jpg,mild_damage,Moderate,0.4348
C:\Users\user\Downloads\CrisisMMD_v2.0\CrisisMMD_v2.0\data_image\srilanka_floods\1_6_2017\870349300185706496_0.jpg,mild_damage,Moderate,0.7273
C:\Users\user\Downloads\CrisisMMD_v2.0\CrisisMMD_v2.0\data_image\srilanka_floods\1_6_2017\870419183632228353_0.jpg,severe_damage,Severe,1.0
C:\Users\user\Downloads\CrisisMMD_v2.0\CrisisMMD_v2.0\data_image\srilanka_floods\2_6_2017\870450100342063104_0.jpg,severe_damage,Severe,0.7606
C:\Users\user\Downloads\CrisisMMD_v2.0\CrisisMMD_v2.0\data_image\srilanka_floods\2_6_2017\870479677789360129_0.jpg,mild_damage,Moderate,0.7
C:\Users\user\Downloads\CrisisMMD_v2.0\CrisisMMD_v2.0\data_image\srilanka_floods\2_6_2017\870528490184908800_0.jpg,severe_damage,Severe,1.0
C:\Users\user\Downloads\CrisisMMD_v2.0\CrisisMMD_v2.0\data_image\srilanka_floods\2_6_2017\870539388001722368_0.jpg,mild_damage,Moderate,0.7097
C:\Users\user\Downloads\CrisisMMD_v2.0\CrisisMMD_v2.0\data_image\srilanka_floods\2_6_2017\870548008256978944_0.jpg,little_or_no_damage,Minor,0.36
C:\Users\user\Downloads\CrisisMMD_v2.0\CrisisMMD_v2.0\data_image\srilanka_floods\2_6_2017\870552370744315905_0.jpg,severe_damage,Severe,0.7273
C:\Users\user\Downloads\CrisisMMD_v2.0\CrisisMMD_v2.0\data_image\srilanka_floods\2_6_2017\870553882992164864_0.jpg,severe_damage,Severe,0.66
C:\Users\user\Downloads\CrisisMMD_v2.0\CrisisMMD_v2.0\data_image\srilanka_floods\2_6_2017\870559283880112128_0.jpg,severe_damage,Severe,0.7748
C:\Users\user\Downloads\CrisisMMD_v2.0\CrisisMMD_v2.0\data_image\srilanka_floods\2_6_2017\870568320969453572_0.jpg,mild_damage,Moderate,0.7143
C:\Users\user\Downloads\CrisisMMD_v2.0\CrisisMMD_v2.0\data_image\srilanka_floods\2_6_2017\870570338723086337_0.jpg,severe_damage,Severe,1.0
C:\Users\user\Downloads\CrisisMMD_v2.0\CrisisMMD_v2.0\data_image\srilanka_floods\2_6_2017\870574893280092160_0.jpg,mild_damage,Moderate,0.5745
C:\Users\user\Downloads\CrisisMMD_v2.0\CrisisMMD_v2.0\data_image\srilanka_floods\2_6_2017\870574893280092160_1.jpg,severe_damage,Severe,0.6809
C:\Users\user\Downloads\CrisisMMD_v2.0\CrisisMMD_v2.0\data_image\srilanka_floods\2_6_2017\870605057548443648_0.jpg,severe_damage,Severe,0.4225
C:\Users\user\Downloads\CrisisMMD_v2.0\CrisisMMD_v2.0\data_image\srilanka_floods\2_6_2017\870635993661091840_0.jpg,severe_damage,Severe,0.7606
C:\Users\user\Downloads\CrisisMMD_v2.0\CrisisMMD_v2.0\data_image\srilanka_floods\2_6_2017\870661861040988160_0.jpg,mild_damage,Moderate,1.0
C:\Users\user\Downloads\CrisisMMD_v2.0\CrisisMMD_v2.0\data_image\srilanka_floods\2_6_2017\870667100368637953_0.jpg,severe_damage,Severe,0.6809
C:\Users\user\Downloads\CrisisMMD_v2.0\CrisisMMD_v2.0\data_image\srilanka_floods\2_6_2017\870678906940129280_0.jpg,severe_damage,Severe,0.7246
C:\Users\user\Downloads\CrisisMMD_v2.0\CrisisMMD_v2.0\data_image\srilanka_floods\3_6_2017\870845845133971456_2.jpg,severe_damage,Severe,0.7748
C:\Users\user\Downloads\CrisisMMD_v2.0\CrisisMMD_v2.0\data_image\srilanka_floods\3_6_2017\870884328258940928_0.jpg,little_or_no_damage,Minor,0.7
C:\Users\user\Downloads\CrisisMMD_v2.0\CrisisMMD_v2.0\data_image\srilanka_floods\3_6_2017\870917963821535233_0.jpg,severe_damage,Severe,1.0
C:\Users\user\Downloads\CrisisMMD_v2.0\CrisisMMD_v2.0\data_image\srilanka_floods\3_6_2017\870942570704019456_0.jpg,severe_damage,Severe,0.5652
C:\Users\user\Downloads\CrisisMMD_v2.0\CrisisMMD_v2.0\data_image\srilanka_floods\3_6_2017\870942570704019456_1.jpg,mild_damage,Moderate,1.0
C:\Users\user\Downloads\CrisisMMD_v2.0\CrisisMMD_v2.0\data_image\srilanka_floods\3_6_2017\870942570704019456_2.jpg,mild_damage,Moderate,0.6522
C:\Users\user\Downloads\CrisisMMD_v2.0\CrisisMMD_v2.0\data_image\srilanka_floods\3_6_2017\870977227923406848_0.jpg,severe_damage,Severe,0.4545
C:\Users\user\Downloads\CrisisMMD_v2.0\CrisisMMD_v2.0\data_image\srilanka_floods\3_6_2017\871142568016453632_0.jpg,mild_damage,Moderate,0.7143
C:\Users\user\Downloads\CrisisMMD_v2.0\CrisisMMD_v2.0\data_image\srilanka_floods\4_6_2017\871220595928834049_0.jpg,mild_damage,Moderate,0.6522
C:\Users\user\Downloads\CrisisMMD_v2.0\CrisisMMD_v2.0\data_image\srilanka_floods\4_6_2017\871260385252343808_0.jpg,severe_damage,Severe,0.3478
C:\Users\user\Downloads\CrisisMMD_v2.0\CrisisMMD_v2.0\data_image\srilanka_floods\4_6_2017\871328241956597761_0.jpg,severe_damage,Severe,0.7246
C:\Users\user\Downloads\CrisisMMD_v2.0\CrisisMMD_v2.0\data_image\srilanka_floods\4_6_2017\871494277951508482_0.jpg,severe_damage,Severe,0.4545
C:\Users\user\Downloads\CrisisMMD_v2.0\CrisisMMD_v2.0\data_image\srilanka_floods\5_6_2017\871757822056202240_0.jpg,severe_damage,Severe,0.6129
C:\Users\user\Downloads\CrisisMMD_v2.0\CrisisMMD_v2.0\data_image\srilanka_floods\6_6_2017\872044691885305858_0.jpg,severe_damage,Severe,1.0
C:\Users\user\Downloads\CrisisMMD_v2.0\CrisisMMD_v2.0\data_image\srilanka_floods\6_6_2017\872076035726204929_0.jpg,severe_damage,Severe,1.0
C:\Users\user\Downloads\CrisisMMD_v2.0\CrisisMMD_v2.0\data_image\srilanka_floods\6_6_2017\872085722575929345_0.jpg,severe_damage,Severe,1.0
C:\Users\user\Downloads\CrisisMMD_v2.0\CrisisMMD_v2.0\data_image\srilanka_floods\7_6_2017\872486971796598785_0.jpg,severe_damage,Severe,1.0
C:\Users\user\Downloads\CrisisMMD_v2.0\CrisisMMD_v2.0\data_image\srilanka_floods\7_6_2017\872502041255530496_0.jpg,severe_damage,Severe,0.625
C:\Users\user\Downloads\CrisisMMD_v2.0\CrisisMMD_v2.0\data_image\srilanka_floods\9_6_2017\873113700944584706_0.jpg,severe_damage,Severe,0.625
C:\Users\user\Downloads\CrisisMMD_v2.0\CrisisMMD_v2.0\data_image\srilanka_floods\9_6_2017\873178065395961857_0.jpg,severe_damage,Severe,1.0
C:\Users\user\Downloads\CrisisMMD_v2.0\CrisisMMD_v2.0\data_image\srilanka_floods\10_6_2017\873663464774017024_0.jpg,severe_damage,Severe,1.0
C:\Users\user\Downloads\CrisisMMD_v2.0\CrisisMMD_v2.0\data_image\srilanka_floods\12_6_2017\874237986245947392_0.jpg,severe_damage,Severe,0.4545
C:\Users\user\Downloads\CrisisMMD_v2.0\CrisisMMD_v2.0\data_image\srilanka_floods\14_6_2017\875116643453632512_0.jpg,severe_damage,Severe,0.6957
C:\Users\user\Downloads\CrisisMMD_v2.0\CrisisMMD_v2.0\data_image\srilanka_floods\14_6_2017\875116643453632512_1.jpg,severe_damage,Severe,0.66
C:\Users\user\Downloads\CrisisMMD_v2.0\CrisisMMD_v2.0\data_image\srilanka_floods\14_6_2017\875116643453632512_2.jpg,mild_damage,Moderate,0.7
C:\Users\user\Downloads\CrisisMMD_v2.0\CrisisMMD_v2.0\data_image\srilanka_floods\15_6_2017\875502695922139137_0.jpg,severe_damage,Severe,1.0
C:\Users\user\Downloads\CrisisMMD_v2.0\CrisisMMD_v2.0\data_image\srilanka_floods\19_6_2017\876592481214881795_0.jpg,mild_damage,Moderate,0.7606
C:\Users\user\Downloads\CrisisMMD_v2.0\CrisisMMD_v2.0\data_image\srilanka_floods\22_6_2017\877815334408921088_0.jpg,severe_damage,Severe,0.625
